[21:58:18] [main/INFO] [LaunchWrapper]: Loading tweak class name cpw.mods.fml.common.launcher.FMLTweaker
[21:58:18] [main/INFO] [LaunchWrapper]: Using primary tweak class name cpw.mods.fml.common.launcher.FMLTweaker
[21:58:18] [main/INFO] [LaunchWrapper]: Calling tweak class cpw.mods.fml.common.launcher.FMLTweaker
[21:59:47] [ForkJoinPool.commonPool-worker-9/DEBUG] [NotEnoughItems]: Loaded cofh.thermalfoundation.plugins.nei.NEIThermalFoundationConfig
[21:59:47] [ForkJoinPool.commonPool-worker-13/DEBUG] [NotEnoughItems]: Loaded wanion.avaritiaddons.plugins.nei.NEIConfig
[21:59:47] [ForkJoinPool.commonPool-worker-14/INFO] [NotEnoughEnergistics]: -----Not Enough Energistics Init Start-----
[21:59:47] [ForkJoinPool.commonPool-worker-14/INFO] [NotEnoughEnergistics]: Install Vanilla Support
[21:59:47] [ForkJoinPool.commonPool-worker-4/DEBUG] [mixin]: Mixing thaumcraft.client.gui.MixinGuiArcaneWorkbench_SingleWandReplacement from mixins.salisarcana.late.json into thaumcraft.client.gui.GuiArcaneWorkbench
[21:59:47] [ForkJoinPool.commonPool-worker-4/DEBUG] [mixin]: Mixing thaumcraft.client.gui.MixinGuiArcaneWorkbench_MissingResearch from mixins.salisarcana.late.json into thaumcraft.client.gui.GuiArcaneWorkbench
[21:59:47] [ForkJoinPool.commonPool-worker-14/INFO] [NotEnoughEnergistics]: Found Applied Energistics 2,install Applied Energistics 2 support
[21:59:47] [ForkJoinPool.commonPool-worker-15/DEBUG] [NotEnoughItems]: Loaded cofh.thermaldynamics.plugins.nei.NEIThermalDynamicsConfig
[21:59:47] [ForkJoinPool.commonPool-worker-12/DEBUG] [NotEnoughItems]: Loaded ab.client.nei.NEIConfig
[21:59:47] [ForkJoinPool.commonPool-worker-10/DEBUG] [NotEnoughItems]: Loaded net.darkhax.bookshelf.client.nei.NEIBookshelfConfig
[21:59:47] [ForkJoinPool.commonPool-worker-14/INFO] [NotEnoughEnergistics]: Found Botania,install Botania support
[21:59:47] [ForkJoinPool.commonPool-worker-14/INFO] [NotEnoughEnergistics]: Found Avaritia, install Avaritia support
[21:59:47] [ForkJoinPool.commonPool-worker-14/INFO] [NotEnoughEnergistics]: Found EnderIO, install EnderIO support
[21:59:47] [ForkJoinPool.commonPool-worker-14/INFO] [NotEnoughEnergistics]: Found Forestry, install Forestry support
[21:59:47] [ForkJoinPool.commonPool-worker-4/DEBUG] [NotEnoughItems]: Loaded com.gtnewhorizons.aspectrecipeindex.nei.NEIConfig
[21:59:47] [ForkJoinPool.commonPool-worker-15/DEBUG] [NotEnoughItems]: Loaded witchinggadgets.client.nei.NEIWGConfig
[21:59:47] [ForkJoinPool.commonPool-worker-9/DEBUG] [NotEnoughItems]: Loaded dev.rndmorris.salisarcana.common.compat.NEIConfig
[21:59:47] [ForkJoinPool.commonPool-worker-15/INFO] [Forestry]: Loading: Forestry NEI Integration
[21:59:47] [ForkJoinPool.commonPool-worker-14/INFO] [NotEnoughEnergistics]: Found Aspect Recipe Index, install Aspect Recipe Index support
[21:59:47] [ForkJoinPool.commonPool-worker-9/DEBUG] [NotEnoughItems]: Loaded pixlepix.auracascade.main.NEIAuraConfig
[21:59:47] [ForkJoinPool.commonPool-worker-14/INFO] [NotEnoughEnergistics]: Found ThermalExpansion, install ThermalExpansion support
[21:59:47] [ForkJoinPool.commonPool-worker-2/DEBUG] [NotEnoughItems]: Loaded tconstruct.plugins.nei.NEITConstructConfig
[21:59:47] [ForkJoinPool.commonPool-worker-14/INFO] [NotEnoughEnergistics]: Found BloodMagic, install BloodMagic support
[21:59:47] [ForkJoinPool.commonPool-worker-10/INFO] [Draconic Evolution]: Added NEI integration
[21:59:47] [ForkJoinPool.commonPool-worker-10/DEBUG] [NotEnoughItems]: Loaded com.brandon3055.draconicevolution.integration.nei.NEIDraconicevolutionConfig
[21:59:47] [ForkJoinPool.commonPool-worker-11/DEBUG] [NotEnoughItems]: Loaded vazkii.botania.client.integration.nei.NEIBotaniaConfig
[21:59:47] [ForkJoinPool.commonPool-worker-14/INFO] [NotEnoughEnergistics]: -----Not Enough Energistics Init  Finished-----
[21:59:47] [ForkJoinPool.commonPool-worker-14/INFO] [NotEnoughEnergistics]: NEIController replaced success
[21:59:47] [ForkJoinPool.commonPool-worker-1/DEBUG] [NotEnoughItems]: Loaded cofh.thermalexpansion.plugins.nei.NEIThermalExpansionConfig
[21:59:47] [ForkJoinPool.commonPool-worker-4/DEBUG] [NotEnoughItems]: Loaded net.bdew.ae2stuff.nei.NEI_AE2Stuff_Config
[21:59:47] [ForkJoinPool.commonPool-worker-1/DEBUG] [NotEnoughItems]: Loaded team.chisel.compat.nei.NEIChiselConfig
[21:59:47] [ForkJoinPool.commonPool-worker-14/INFO] [NotEnoughEnergistics]: Install ThaumicEnergistics support
[21:59:47] [ForkJoinPool.commonPool-worker-4/DEBUG] [NotEnoughItems]: Loaded fox.spiteful.avaritia.compat.nei.NEIAvaritiaConfig
[21:59:47] [ForkJoinPool.commonPool-worker-14/INFO] [NotEnoughEnergistics]: Install Avaritiaddons support
[21:59:47] [ForkJoinPool.commonPool-worker-15/DEBUG] [NotEnoughItems]: Loaded forestry.core.recipes.nei.NEIIntegrationConfig
[21:59:47] [ForkJoinPool.commonPool-worker-14/DEBUG] [NotEnoughItems]: Loaded com.github.vfyjxf.nee.NEINeeConfig
[21:59:47] [ForkJoinPool.commonPool-worker-11/DEBUG] [NotEnoughItems]: Loaded evilcraft.modcompat.nei.NEIEvilCraftConfig
[21:59:47] [ForkJoinPool.commonPool-worker-2/DEBUG] [FML]: Attempted to find the oreIDs for an unregistered object (1xitem.null@0). This won't work very well.
[21:59:47] [ForkJoinPool.commonPool-worker-2/DEBUG] [FML]: Attempted to find the oreIDs for an unregistered object (1xitem.null@1). This won't work very well.
[21:59:47] [ForkJoinPool.commonPool-worker-2/DEBUG] [FML]: Attempted to find the oreIDs for an unregistered object (1xitem.null@2). This won't work very well.
[21:59:47] [ForkJoinPool.commonPool-worker-2/DEBUG] [FML]: Attempted to find the oreIDs for an unregistered object (1xitem.null@3). This won't work very well.
[21:59:47] [ForkJoinPool.commonPool-worker-2/DEBUG] [FML]: Attempted to find the oreIDs for an unregistered object (1xitem.null@4). This won't work very well.
[21:59:47] [ForkJoinPool.commonPool-worker-2/DEBUG] [FML]: Attempted to find the oreIDs for an unregistered object (1xitem.null@5). This won't work very well.
[21:59:47] [ForkJoinPool.commonPool-worker-2/DEBUG] [FML]: Attempted to find the oreIDs for an unregistered object (1xitem.null@6). This won't work very well.
[21:59:47] [ForkJoinPool.commonPool-worker-2/DEBUG] [FML]: Attempted to find the oreIDs for an unregistered object (1xitem.null@7). This won't work very well.
[21:59:47] [ForkJoinPool.commonPool-worker-2/DEBUG] [FML]: Attempted to find the oreIDs for an unregistered object (1xitem.null@8). This won't work very well.
[21:59:47] [ForkJoinPool.commonPool-worker-2/DEBUG] [NotEnoughItems]: Loaded flaxbeard.thaumicexploration.integration.nei.NEIConfig
[21:59:47] [ForkJoinPool.commonPool-worker-2/DEBUG] [NotEnoughItems]: Loaded com.cleanroommc.modularui.integration.nei.NEIModularUIConfig
[21:59:47] [ForkJoinPool.commonPool-worker-3/INFO] [extrautils]: Added NEI integration
[21:59:47] [ForkJoinPool.commonPool-worker-3/DEBUG] [NotEnoughItems]: Loaded com.rwtema.extrautils.nei.NEIInfoHandlerConfig
[21:59:47] [ForkJoinPool.commonPool-worker-3/DEBUG] [NotEnoughItems]: Loaded net.glease.tc4tweak.nei.NEIConfig
[21:59:47] [ForkJoinPool.commonPool-worker-2/DEBUG] [NotEnoughItems]: Loaded crazypants.enderio.nei.NEIEnderIOConfig
[21:59:47] [ForkJoinPool.commonPool-worker-3/DEBUG] [NotEnoughItems]: Loaded com.emoniph.witchery.integration.NEIWitcheryConfig
[21:59:47] [ForkJoinPool.commonPool-worker-3/DEBUG] [NotEnoughItems]: Loaded cpw.mods.ironchest.plugins.nei.NEIConfig
[21:59:48] [ForkJoinPool.commonPool-worker-11/WARN] [FML]: NEI: Forced tag update with reason (showDurabilityBar) for 1xitem.manaTablet@0(vazkii.botania.common.item.ItemManaTablet@215b0bf3)
[21:59:48] [ForkJoinPool.commonPool-worker-11/WARN] [FML]: NEI: Forced tag update with reason (getDamage) for 1xitem.manaMirror@0(vazkii.botania.common.item.ItemManaMirror@5d61700f)
[21:59:48] [ForkJoinPool.commonPool-worker-11/WARN] [FML]: NEI: Forced tag update with reason (getDamage) for 1xitem.manaRing@10000(vazkii.botania.common.item.equipment.bauble.ItemManaRing@e65cc56)
[21:59:48] [ForkJoinPool.commonPool-worker-11/WARN] [FML]: NEI: Forced tag update with reason (getDamage) for 1xitem.manaRingGreater@10000(vazkii.botania.common.item.equipment.bauble.ItemGreaterManaRing@5296c6aa)
[21:59:48] [ForkJoinPool.commonPool-worker-11/WARN] [FML]: NEI: Forced tag update with reason (getDamage) for 1xitem.manaInkwell@150(vazkii.botania.common.item.interaction.thaumcraft.ItemManaInkwell@c7adae9)
[21:59:48] [ForkJoinPool.commonPool-worker-11/WARN] [FML]: NEI: Forced tag update with reason (getDamage) for 1xitem.manaInkwell@0(vazkii.botania.common.item.interaction.thaumcraft.ItemManaInkwell@c7adae9)
[21:59:48] [ForkJoinPool.commonPool-worker-11/WARN] [FML]: NEI: Forced tag update with reason (getDamage) for 1xitem.mithrillManaRing@10000(ab.common.item.equipment.ItemMithrillRing@480fec96)
[21:59:48] [ForkJoinPool.commonPool-worker-11/WARN] [FML]: NEI: Forced tag update with reason (getDamage) for 1xitem.nebulaManaRing@10000(ab.common.item.equipment.ItemNebulaRing@40431b90)
[21:59:48] [ForkJoinPool.commonPool-worker-11/WARN] [FML]: NEI: Forced tag update with reason (getDigSpeed) for 1xitem.mithrillMultiTool@0(ab.common.item.equipment.ItemMithrillMultiTool@712a05a4)
[21:59:48] [ForkJoinPool.commonPool-worker-11/WARN] [FML]: NEI: Forced tag update with reason (showDurabilityBar) for 1xitem.hornPlenty@0(ab.common.item.relic.ItemHornPlenty@27677b1e)
[21:59:48] [ForkJoinPool.commonPool-worker-11/WARN] [FML]: NEI: Forced tag update with reason (getDamage) for 1xitem.nebulaHelm@0(ab.common.item.equipment.armor.ItemNebulaHelm@a962fee)
[21:59:48] [ForkJoinPool.commonPool-worker-11/WARN] [FML]: NEI: Forced tag update with reason (getDamage) for 1xitem.nebulaChest@0(ab.common.item.equipment.armor.ItemNebulaChest@16350a29)
[21:59:48] [ForkJoinPool.commonPool-worker-11/WARN] [FML]: NEI: Forced tag update with reason (getDamage) for 1xitem.nebulaLegs@0(ab.common.item.equipment.armor.ItemNebulaLegs@1c7cac83)
[21:59:48] [ForkJoinPool.commonPool-worker-11/WARN] [FML]: NEI: Forced tag update with reason (getDamage) for 1xitem.nebulaBoots@0(ab.common.item.equipment.armor.ItemNebulaBoots@4d356e60)
[21:59:48] [ForkJoinPool.commonPool-worker-11/WARN] [FML]: NEI: Forced tag update with reason (getDamage) for 1xitem.nebulaHelmRevealing@0(ab.common.item.equipment.armor.ItemNebulaHelmRevealing@42ba8f41)
[21:59:48] [ForkJoinPool.commonPool-worker-11/WARN] [FML]: NEI: Forced tag update with reason (showDurabilityBar) for 1xitem.wirelessCraftingTerminal@0(ItemWirelessCraftingTerminal)
[21:59:48] [ForkJoinPool.commonPool-worker-11/WARN] [FML]: NEI: Forced tag update with reason (getDigSpeed) for 1xitem.boundPickaxe@0(WayofTime.alchemicalWizardry.common.items.BoundPickaxe@11bebd60)
[21:59:48] [ForkJoinPool.commonPool-worker-11/WARN] [FML]: NEI: Forced tag update with reason (getDigSpeed) for 1xitem.boundAxe@0(WayofTime.alchemicalWizardry.common.items.BoundAxe@6b9d124f)
[21:59:48] [ForkJoinPool.commonPool-worker-11/WARN] [FML]: NEI: Forced tag update with reason (getDigSpeed) for 1xitem.boundShovel@0(WayofTime.alchemicalWizardry.common.items.BoundShovel@2efb941b)
[21:59:48] [ForkJoinPool.commonPool-worker-11/WARN] [FML]: NEI: Forced tag update with reason (getToolClasses) for 1xitem.multiTool@0(WayofTime.alchemicalWizardry.api.items.ItemSpellMultiTool@6ec20c9c)
[21:59:48] [ForkJoinPool.commonPool-worker-11/WARN] [FML]: NEI: Forced tag update with reason (getAttributeModifiers) for 1xitem.boundHelmetWater@0(WayofTime.alchemicalWizardry.common.items.armour.OmegaArmourWater@7a9bb338)
[21:59:48] [ForkJoinPool.commonPool-worker-11/WARN] [FML]: NEI: Forced tag update with reason (getAttributeModifiers) for 1xitem.boundPlateWater@0(WayofTime.alchemicalWizardry.common.items.armour.OmegaArmourWater@c356807)
[21:59:48] [ForkJoinPool.commonPool-worker-11/WARN] [FML]: NEI: Forced tag update with reason (getAttributeModifiers) for 1xitem.boundLeggingsWater@0(WayofTime.alchemicalWizardry.common.items.armour.OmegaArmourWater@7df06c86)
[21:59:48] [ForkJoinPool.commonPool-worker-11/WARN] [FML]: NEI: Forced tag update with reason (getAttributeModifiers) for 1xitem.boundBootsWater@0(WayofTime.alchemicalWizardry.common.items.armour.OmegaArmourWater@430a6f49)
[21:59:48] [ForkJoinPool.commonPool-worker-11/WARN] [FML]: NEI: Forced tag update with reason (getAttributeModifiers) for 1xitem.boundHelmetEarth@0(WayofTime.alchemicalWizardry.common.items.armour.OmegaArmourEarth@512194c)
[21:59:48] [ForkJoinPool.commonPool-worker-11/WARN] [FML]: NEI: Forced tag update with reason (getAttributeModifiers) for 1xitem.boundPlateEarth@0(WayofTime.alchemicalWizardry.common.items.armour.OmegaArmourEarth@76759ccc)
[21:59:48] [ForkJoinPool.commonPool-worker-11/WARN] [FML]: NEI: Forced tag update with reason (getAttributeModifiers) for 1xitem.boundLeggingsEarth@0(WayofTime.alchemicalWizardry.common.items.armour.OmegaArmourEarth@6e8dc033)
[21:59:48] [ForkJoinPool.commonPool-worker-11/WARN] [FML]: NEI: Forced tag update with reason (getAttributeModifiers) for 1xitem.boundBootsEarth@0(WayofTime.alchemicalWizardry.common.items.armour.OmegaArmourEarth@2d9fc33f)
[21:59:48] [ForkJoinPool.commonPool-worker-11/WARN] [FML]: NEI: Forced tag update with reason (getAttributeModifiers) for 1xitem.boundHelmetWind@0(WayofTime.alchemicalWizardry.common.items.armour.OmegaArmourWind@71d5256a)
[21:59:48] [ForkJoinPool.commonPool-worker-11/WARN] [FML]: NEI: Forced tag update with reason (getAttributeModifiers) for 1xitem.boundPlateWind@0(WayofTime.alchemicalWizardry.common.items.armour.OmegaArmourWind@f68032c)
[21:59:48] [ForkJoinPool.commonPool-worker-11/WARN] [FML]: NEI: Forced tag update with reason (getAttributeModifiers) for 1xitem.boundLeggingsWind@0(WayofTime.alchemicalWizardry.common.items.armour.OmegaArmourWind@18c38c5b)
[21:59:48] [ForkJoinPool.commonPool-worker-11/WARN] [FML]: NEI: Forced tag update with reason (getAttributeModifiers) for 1xitem.boundBootsWind@0(WayofTime.alchemicalWizardry.common.items.armour.OmegaArmourWind@1281a1eb)
[21:59:48] [ForkJoinPool.commonPool-worker-11/WARN] [FML]: NEI: Forced tag update with reason (getAttributeModifiers) for 1xitem.boundHelmetFire@0(WayofTime.alchemicalWizardry.common.items.armour.OmegaArmourFire@3e3d39dd)
[21:59:48] [ForkJoinPool.commonPool-worker-11/WARN] [FML]: NEI: Forced tag update with reason (getAttributeModifiers) for 1xitem.boundPlateFire@0(WayofTime.alchemicalWizardry.common.items.armour.OmegaArmourFire@3f1ce4fc)
[21:59:48] [ForkJoinPool.commonPool-worker-11/WARN] [FML]: NEI: Forced tag update with reason (getAttributeModifiers) for 1xitem.boundLeggingsFire@0(WayofTime.alchemicalWizardry.common.items.armour.OmegaArmourFire@75c3fc4)
[21:59:48] [ForkJoinPool.commonPool-worker-11/WARN] [FML]: NEI: Forced tag update with reason (getAttributeModifiers) for 1xitem.boundBootsFire@0(WayofTime.alchemicalWizardry.common.items.armour.OmegaArmourFire@71ea568d)
[21:59:48] [ForkJoinPool.commonPool-worker-11/WARN] [FML]: NEI: Forced tag update with reason (isDamaged) for 1xitem.witchery:poppet@0(com.emoniph.witchery.item.ItemPoppet@1004db0f)
[21:59:48] [ForkJoinPool.commonPool-worker-11/WARN] [FML]: NEI: Forced tag update with reason (isDamaged) for 1xitem.witchery:poppet@1(com.emoniph.witchery.item.ItemPoppet@1004db0f)
[21:59:48] [ForkJoinPool.commonPool-worker-11/WARN] [FML]: NEI: Forced tag update with reason (isDamaged) for 1xitem.witchery:poppet@2(com.emoniph.witchery.item.ItemPoppet@1004db0f)
[21:59:48] [ForkJoinPool.commonPool-worker-11/WARN] [FML]: NEI: Forced tag update with reason (isDamaged) for 1xitem.witchery:poppet@3(com.emoniph.witchery.item.ItemPoppet@1004db0f)
[21:59:48] [ForkJoinPool.commonPool-worker-11/WARN] [FML]: NEI: Forced tag update with reason (isDamaged) for 1xitem.witchery:poppet@4(com.emoniph.witchery.item.ItemPoppet@1004db0f)
[21:59:48] [ForkJoinPool.commonPool-worker-11/WARN] [FML]: NEI: Forced tag update with reason (isDamaged) for 1xitem.witchery:poppet@5(com.emoniph.witchery.item.ItemPoppet@1004db0f)
[21:59:48] [ForkJoinPool.commonPool-worker-11/WARN] [FML]: NEI: Forced tag update with reason (isDamaged) for 1xitem.witchery:poppet@6(com.emoniph.witchery.item.ItemPoppet@1004db0f)
[21:59:48] [ForkJoinPool.commonPool-worker-11/WARN] [FML]: NEI: Forced tag update with reason (isDamaged) for 1xitem.witchery:poppet@7(com.emoniph.witchery.item.ItemPoppet@1004db0f)
[21:59:48] [ForkJoinPool.commonPool-worker-11/WARN] [FML]: NEI: Forced tag update with reason (isDamaged) for 1xitem.witchery:poppet@8(com.emoniph.witchery.item.ItemPoppet@1004db0f)
[21:59:48] [ForkJoinPool.commonPool-worker-11/WARN] [FML]: NEI: Forced tag update with reason (isDamaged) for 1xitem.witchery:poppet@9(com.emoniph.witchery.item.ItemPoppet@1004db0f)
[21:59:48] [ForkJoinPool.commonPool-worker-11/WARN] [FML]: NEI: Forced tag update with reason (isDamaged) for 1xitem.witchery:poppet@10(com.emoniph.witchery.item.ItemPoppet@1004db0f)
[21:59:48] [ForkJoinPool.commonPool-worker-11/WARN] [FML]: NEI: Forced tag update with reason (isDamaged) for 1xitem.witchery:poppet@11(com.emoniph.witchery.item.ItemPoppet@1004db0f)
[21:59:48] [ForkJoinPool.commonPool-worker-11/WARN] [FML]: NEI: Forced tag update with reason (getDigSpeed) for 1xitem.draconicevolution:draconicDistructionStaff@0(com.brandon3055.draconicevolution.common.items.tools.DraconicDistructionStaff@23f5589a)
[21:59:48] [ForkJoinPool.commonPool-worker-11/WARN] [FML]: NEI: Forced tag update with reason (getDigSpeed) for 1xitem.draconicevolution:draconicPickaxe@0(com.brandon3055.draconicevolution.common.items.tools.DraconicPickaxe@46156f94)
[21:59:48] [ForkJoinPool.commonPool-worker-11/WARN] [FML]: NEI: Forced tag update with reason (getDigSpeed) for 1xitem.draconicevolution:draconicAxe@0(com.brandon3055.draconicevolution.common.items.tools.DraconicAxe@1b42cac)
[21:59:48] [ForkJoinPool.commonPool-worker-11/WARN] [FML]: NEI: Forced tag update with reason (getDigSpeed) for 1xitem.draconicevolution:draconicShovel@0(com.brandon3055.draconicevolution.common.items.tools.DraconicShovel@1bbc38a3)
[21:59:48] [ForkJoinPool.commonPool-worker-11/WARN] [FML]: NEI: Forced tag update with reason (getDigSpeed) for 1xitem.draconicevolution:wyvernPickaxe@0(com.brandon3055.draconicevolution.common.items.tools.WyvernPickaxe@22048058)
[21:59:48] [ForkJoinPool.commonPool-worker-11/WARN] [FML]: NEI: Forced tag update with reason (getDigSpeed) for 1xitem.draconicevolution:wyvernShovel@0(com.brandon3055.draconicevolution.common.items.tools.WyvernShovel@3ed6ae86)
[21:59:49] [ForkJoinPool.commonPool-worker-11/WARN] [FML]: NEI: Forced tag update with reason (getFluid) for 1xitem.items.boundBloodDrop@0(evilcraft.modcompat.bloodmagic.BoundBloodDrop@1d2f55c5)
[21:59:49] [ForkJoinPool.commonPool-worker-11/ERROR] [NotEnoughItems]: Removing item: moze_intel.projecte.gameObjs.items.PhilosophersStone@408cffbc from list.
java.lang.NullPointerException
	at moze_intel.projecte.gameObjs.items.ItemCharge.getCharge(ItemCharge.java:57) ~[ItemCharge.class:?]
	at moze_intel.projecte.gameObjs.items.ItemCharge.getDurabilityForDisplay(ItemCharge.java:30) ~[ItemCharge.class:?]
	at codechicken.nei.ItemList$1.lambda$forceTagCompoundInitialization$6(ItemList.java:336) ~[ItemList$1.class:?]
	at codechicken.nei.ItemList$1$$Lambda$1820/785342419.run(Unknown Source) ~[?:?]
	at codechicken.nei.ItemList$1.runChecked(ItemList.java:310) ~[ItemList$1.class:?]
	at codechicken.nei.ItemList$1.forceTagCompoundInitialization(ItemList.java:336) ~[ItemList$1.class:?]
	at codechicken.nei.ItemList$1.lambda$execute$12(ItemList.java:401) [ItemList$1.class:?]
	at codechicken.nei.ItemList$1$$Lambda$1802/1967644631.accept(Unknown Source) [ItemList$1.class:?]
	at java.util.stream.ForEachOps$ForEachOp$OfRef.accept(ForEachOps.java:184) [?:1.8.0_51]
	at java.util.Spliterators$ArraySpliterator.forEachRemaining(Spliterators.java:948) [?:1.8.0_51]
	at java.util.stream.AbstractPipeline.copyInto(AbstractPipeline.java:512) [?:1.8.0_51]
	at java.util.stream.ForEachOps$ForEachTask.compute(ForEachOps.java:291) [?:1.8.0_51]
	at java.util.concurrent.CountedCompleter.exec(CountedCompleter.java:731) [?:1.8.0_51]
	at java.util.concurrent.ForkJoinTask.doExec(ForkJoinTask.java:289) [?:1.8.0_51]
	at java.util.concurrent.ForkJoinPool$WorkQueue.runTask(ForkJoinPool.java:1056) [?:1.8.0_51]
	at java.util.concurrent.ForkJoinPool.runWorker(ForkJoinPool.java:1689) [?:1.8.0_51]
	at java.util.concurrent.ForkJoinWorkerThread.run(ForkJoinWorkerThread.java:157) [?:1.8.0_51]
[21:59:49] [ForkJoinPool.commonPool-worker-11/WARN] [FML]: NEI: Forced tag update with reason (getDurabilityForDisplay) for 1xitem.pe_klein_star@0(moze_intel.projecte.gameObjs.items.KleinStar@791eb255)
[21:59:49] [ForkJoinPool.commonPool-worker-11/WARN] [FML]: NEI: Forced tag update with reason (getDurabilityForDisplay) for 1xitem.pe_klein_star@1(moze_intel.projecte.gameObjs.items.KleinStar@791eb255)
[21:59:49] [ForkJoinPool.commonPool-worker-11/WARN] [FML]: NEI: Forced tag update with reason (getDurabilityForDisplay) for 1xitem.pe_klein_star@2(moze_intel.projecte.gameObjs.items.KleinStar@791eb255)
[21:59:49] [ForkJoinPool.commonPool-worker-11/WARN] [FML]: NEI: Forced tag update with reason (getDurabilityForDisplay) for 1xitem.pe_klein_star@3(moze_intel.projecte.gameObjs.items.KleinStar@791eb255)
[21:59:49] [ForkJoinPool.commonPool-worker-11/WARN] [FML]: NEI: Forced tag update with reason (getDurabilityForDisplay) for 1xitem.pe_klein_star@4(moze_intel.projecte.gameObjs.items.KleinStar@791eb255)
[21:59:49] [ForkJoinPool.commonPool-worker-11/WARN] [FML]: NEI: Forced tag update with reason (getDurabilityForDisplay) for 1xitem.pe_klein_star@5(moze_intel.projecte.gameObjs.items.KleinStar@791eb255)
[21:59:49] [ForkJoinPool.commonPool-worker-11/ERROR] [NotEnoughItems]: Removing item: moze_intel.projecte.gameObjs.items.tools.DarkPick@70ca95d2 from list.
java.lang.NullPointerException
	at moze_intel.projecte.gameObjs.items.ItemCharge.getCharge(ItemCharge.java:57) ~[ItemCharge.class:?]
	at moze_intel.projecte.gameObjs.items.ItemCharge.getDurabilityForDisplay(ItemCharge.java:30) ~[ItemCharge.class:?]
	at codechicken.nei.ItemList$1.lambda$forceTagCompoundInitialization$6(ItemList.java:336) ~[ItemList$1.class:?]
	at codechicken.nei.ItemList$1$$Lambda$1820/785342419.run(Unknown Source) ~[?:?]
	at codechicken.nei.ItemList$1.runChecked(ItemList.java:310) ~[ItemList$1.class:?]
	at codechicken.nei.ItemList$1.forceTagCompoundInitialization(ItemList.java:336) ~[ItemList$1.class:?]
	at codechicken.nei.ItemList$1.lambda$execute$12(ItemList.java:401) [ItemList$1.class:?]
	at codechicken.nei.ItemList$1$$Lambda$1802/1967644631.accept(Unknown Source) [ItemList$1.class:?]
	at java.util.stream.ForEachOps$ForEachOp$OfRef.accept(ForEachOps.java:184) [?:1.8.0_51]
	at java.util.Spliterators$ArraySpliterator.forEachRemaining(Spliterators.java:948) [?:1.8.0_51]
	at java.util.stream.AbstractPipeline.copyInto(AbstractPipeline.java:512) [?:1.8.0_51]
	at java.util.stream.ForEachOps$ForEachTask.compute(ForEachOps.java:291) [?:1.8.0_51]
	at java.util.concurrent.CountedCompleter.exec(CountedCompleter.java:731) [?:1.8.0_51]
	at java.util.concurrent.ForkJoinTask.doExec(ForkJoinTask.java:289) [?:1.8.0_51]
	at java.util.concurrent.ForkJoinPool$WorkQueue.runTask(ForkJoinPool.java:1056) [?:1.8.0_51]
	at java.util.concurrent.ForkJoinPool.runWorker(ForkJoinPool.java:1689) [?:1.8.0_51]
	at java.util.concurrent.ForkJoinWorkerThread.run(ForkJoinWorkerThread.java:157) [?:1.8.0_51]
[21:59:49] [ForkJoinPool.commonPool-worker-11/ERROR] [NotEnoughItems]: Removing item: moze_intel.projecte.gameObjs.items.tools.DarkAxe@6804a675 from list.
java.lang.NullPointerException
	at moze_intel.projecte.gameObjs.items.ItemCharge.getCharge(ItemCharge.java:57) ~[ItemCharge.class:?]
	at moze_intel.projecte.gameObjs.items.ItemCharge.getDurabilityForDisplay(ItemCharge.java:30) ~[ItemCharge.class:?]
	at codechicken.nei.ItemList$1.lambda$forceTagCompoundInitialization$6(ItemList.java:336) ~[ItemList$1.class:?]
	at codechicken.nei.ItemList$1$$Lambda$1820/785342419.run(Unknown Source) ~[?:?]
	at codechicken.nei.ItemList$1.runChecked(ItemList.java:310) ~[ItemList$1.class:?]
	at codechicken.nei.ItemList$1.forceTagCompoundInitialization(ItemList.java:336) ~[ItemList$1.class:?]
	at codechicken.nei.ItemList$1.lambda$execute$12(ItemList.java:401) [ItemList$1.class:?]
	at codechicken.nei.ItemList$1$$Lambda$1802/1967644631.accept(Unknown Source) [ItemList$1.class:?]
	at java.util.stream.ForEachOps$ForEachOp$OfRef.accept(ForEachOps.java:184) [?:1.8.0_51]
	at java.util.Spliterators$ArraySpliterator.forEachRemaining(Spliterators.java:948) [?:1.8.0_51]
	at java.util.stream.AbstractPipeline.copyInto(AbstractPipeline.java:512) [?:1.8.0_51]
	at java.util.stream.ForEachOps$ForEachTask.compute(ForEachOps.java:291) [?:1.8.0_51]
	at java.util.concurrent.CountedCompleter.exec(CountedCompleter.java:731) [?:1.8.0_51]
	at java.util.concurrent.ForkJoinTask.doExec(ForkJoinTask.java:289) [?:1.8.0_51]
	at java.util.concurrent.ForkJoinPool$WorkQueue.runTask(ForkJoinPool.java:1056) [?:1.8.0_51]
	at java.util.concurrent.ForkJoinPool.runWorker(ForkJoinPool.java:1689) [?:1.8.0_51]
	at java.util.concurrent.ForkJoinWorkerThread.run(ForkJoinWorkerThread.java:157) [?:1.8.0_51]
[21:59:49] [ForkJoinPool.commonPool-worker-11/ERROR] [NotEnoughItems]: Removing item: moze_intel.projecte.gameObjs.items.tools.DarkShovel@7fdda347 from list.
java.lang.NullPointerException
	at moze_intel.projecte.gameObjs.items.ItemCharge.getCharge(ItemCharge.java:57) ~[ItemCharge.class:?]
	at moze_intel.projecte.gameObjs.items.ItemCharge.getDurabilityForDisplay(ItemCharge.java:30) ~[ItemCharge.class:?]
	at codechicken.nei.ItemList$1.lambda$forceTagCompoundInitialization$6(ItemList.java:336) ~[ItemList$1.class:?]
	at codechicken.nei.ItemList$1$$Lambda$1820/785342419.run(Unknown Source) ~[?:?]
	at codechicken.nei.ItemList$1.runChecked(ItemList.java:310) ~[ItemList$1.class:?]
	at codechicken.nei.ItemList$1.forceTagCompoundInitialization(ItemList.java:336) ~[ItemList$1.class:?]
	at codechicken.nei.ItemList$1.lambda$execute$12(ItemList.java:401) [ItemList$1.class:?]
	at codechicken.nei.ItemList$1$$Lambda$1802/1967644631.accept(Unknown Source) [ItemList$1.class:?]
	at java.util.stream.ForEachOps$ForEachOp$OfRef.accept(ForEachOps.java:184) [?:1.8.0_51]
	at java.util.Spliterators$ArraySpliterator.forEachRemaining(Spliterators.java:948) [?:1.8.0_51]
	at java.util.stream.AbstractPipeline.copyInto(AbstractPipeline.java:512) [?:1.8.0_51]
	at java.util.stream.ForEachOps$ForEachTask.compute(ForEachOps.java:291) [?:1.8.0_51]
	at java.util.concurrent.CountedCompleter.exec(CountedCompleter.java:731) [?:1.8.0_51]
	at java.util.concurrent.ForkJoinTask.doExec(ForkJoinTask.java:289) [?:1.8.0_51]
	at java.util.concurrent.ForkJoinPool$WorkQueue.runTask(ForkJoinPool.java:1056) [?:1.8.0_51]
	at java.util.concurrent.ForkJoinPool.runWorker(ForkJoinPool.java:1689) [?:1.8.0_51]
	at java.util.concurrent.ForkJoinWorkerThread.run(ForkJoinWorkerThread.java:157) [?:1.8.0_51]
[21:59:49] [ForkJoinPool.commonPool-worker-11/ERROR] [NotEnoughItems]: Removing item: moze_intel.projecte.gameObjs.items.tools.DarkSword@53db2a04 from list.
java.lang.NullPointerException
	at moze_intel.projecte.gameObjs.items.ItemCharge.getCharge(ItemCharge.java:57) ~[ItemCharge.class:?]
	at moze_intel.projecte.gameObjs.items.ItemCharge.getDurabilityForDisplay(ItemCharge.java:30) ~[ItemCharge.class:?]
	at codechicken.nei.ItemList$1.lambda$forceTagCompoundInitialization$6(ItemList.java:336) ~[ItemList$1.class:?]
	at codechicken.nei.ItemList$1$$Lambda$1820/785342419.run(Unknown Source) ~[?:?]
	at codechicken.nei.ItemList$1.runChecked(ItemList.java:310) ~[ItemList$1.class:?]
	at codechicken.nei.ItemList$1.forceTagCompoundInitialization(ItemList.java:336) ~[ItemList$1.class:?]
	at codechicken.nei.ItemList$1.lambda$execute$12(ItemList.java:401) [ItemList$1.class:?]
	at codechicken.nei.ItemList$1$$Lambda$1802/1967644631.accept(Unknown Source) [ItemList$1.class:?]
	at java.util.stream.ForEachOps$ForEachOp$OfRef.accept(ForEachOps.java:184) [?:1.8.0_51]
	at java.util.Spliterators$ArraySpliterator.forEachRemaining(Spliterators.java:948) [?:1.8.0_51]
	at java.util.stream.AbstractPipeline.copyInto(AbstractPipeline.java:512) [?:1.8.0_51]
	at java.util.stream.ForEachOps$ForEachTask.compute(ForEachOps.java:291) [?:1.8.0_51]
	at java.util.concurrent.CountedCompleter.exec(CountedCompleter.java:731) [?:1.8.0_51]
	at java.util.concurrent.ForkJoinTask.doExec(ForkJoinTask.java:289) [?:1.8.0_51]
	at java.util.concurrent.ForkJoinPool$WorkQueue.runTask(ForkJoinPool.java:1056) [?:1.8.0_51]
	at java.util.concurrent.ForkJoinPool.runWorker(ForkJoinPool.java:1689) [?:1.8.0_51]
	at java.util.concurrent.ForkJoinWorkerThread.run(ForkJoinWorkerThread.java:157) [?:1.8.0_51]
[21:59:49] [ForkJoinPool.commonPool-worker-11/ERROR] [NotEnoughItems]: Removing item: moze_intel.projecte.gameObjs.items.tools.DarkHoe@779b41a8 from list.
java.lang.NullPointerException
	at moze_intel.projecte.gameObjs.items.ItemCharge.getCharge(ItemCharge.java:57) ~[ItemCharge.class:?]
	at moze_intel.projecte.gameObjs.items.ItemCharge.getDurabilityForDisplay(ItemCharge.java:30) ~[ItemCharge.class:?]
	at codechicken.nei.ItemList$1.lambda$forceTagCompoundInitialization$6(ItemList.java:336) ~[ItemList$1.class:?]
	at codechicken.nei.ItemList$1$$Lambda$1820/785342419.run(Unknown Source) ~[?:?]
	at codechicken.nei.ItemList$1.runChecked(ItemList.java:310) ~[ItemList$1.class:?]
	at codechicken.nei.ItemList$1.forceTagCompoundInitialization(ItemList.java:336) ~[ItemList$1.class:?]
	at codechicken.nei.ItemList$1.lambda$execute$12(ItemList.java:401) [ItemList$1.class:?]
	at codechicken.nei.ItemList$1$$Lambda$1802/1967644631.accept(Unknown Source) [ItemList$1.class:?]
	at java.util.stream.ForEachOps$ForEachOp$OfRef.accept(ForEachOps.java:184) [?:1.8.0_51]
	at java.util.Spliterators$ArraySpliterator.forEachRemaining(Spliterators.java:948) [?:1.8.0_51]
	at java.util.stream.AbstractPipeline.copyInto(AbstractPipeline.java:512) [?:1.8.0_51]
	at java.util.stream.ForEachOps$ForEachTask.compute(ForEachOps.java:291) [?:1.8.0_51]
	at java.util.concurrent.CountedCompleter.exec(CountedCompleter.java:731) [?:1.8.0_51]
	at java.util.concurrent.ForkJoinTask.doExec(ForkJoinTask.java:289) [?:1.8.0_51]
	at java.util.concurrent.ForkJoinPool$WorkQueue.runTask(ForkJoinPool.java:1056) [?:1.8.0_51]
	at java.util.concurrent.ForkJoinPool.runWorker(ForkJoinPool.java:1689) [?:1.8.0_51]
	at java.util.concurrent.ForkJoinWorkerThread.run(ForkJoinWorkerThread.java:157) [?:1.8.0_51]
[21:59:49] [ForkJoinPool.commonPool-worker-11/ERROR] [NotEnoughItems]: Removing item: moze_intel.projecte.gameObjs.items.tools.DarkShears@3a617620 from list.
java.lang.NullPointerException
	at moze_intel.projecte.gameObjs.items.ItemCharge.getCharge(ItemCharge.java:57) ~[ItemCharge.class:?]
	at moze_intel.projecte.gameObjs.items.ItemCharge.getDurabilityForDisplay(ItemCharge.java:30) ~[ItemCharge.class:?]
	at codechicken.nei.ItemList$1.lambda$forceTagCompoundInitialization$6(ItemList.java:336) ~[ItemList$1.class:?]
	at codechicken.nei.ItemList$1$$Lambda$1820/785342419.run(Unknown Source) ~[?:?]
	at codechicken.nei.ItemList$1.runChecked(ItemList.java:310) ~[ItemList$1.class:?]
	at codechicken.nei.ItemList$1.forceTagCompoundInitialization(ItemList.java:336) ~[ItemList$1.class:?]
	at codechicken.nei.ItemList$1.lambda$execute$12(ItemList.java:401) [ItemList$1.class:?]
	at codechicken.nei.ItemList$1$$Lambda$1802/1967644631.accept(Unknown Source) [ItemList$1.class:?]
	at java.util.stream.ForEachOps$ForEachOp$OfRef.accept(ForEachOps.java:184) [?:1.8.0_51]
	at java.util.Spliterators$ArraySpliterator.forEachRemaining(Spliterators.java:948) [?:1.8.0_51]
	at java.util.stream.AbstractPipeline.copyInto(AbstractPipeline.java:512) [?:1.8.0_51]
	at java.util.stream.ForEachOps$ForEachTask.compute(ForEachOps.java:291) [?:1.8.0_51]
	at java.util.concurrent.CountedCompleter.exec(CountedCompleter.java:731) [?:1.8.0_51]
	at java.util.concurrent.ForkJoinTask.doExec(ForkJoinTask.java:289) [?:1.8.0_51]
	at java.util.concurrent.ForkJoinPool$WorkQueue.runTask(ForkJoinPool.java:1056) [?:1.8.0_51]
	at java.util.concurrent.ForkJoinPool.runWorker(ForkJoinPool.java:1689) [?:1.8.0_51]
	at java.util.concurrent.ForkJoinWorkerThread.run(ForkJoinWorkerThread.java:157) [?:1.8.0_51]
[21:59:49] [ForkJoinPool.commonPool-worker-11/ERROR] [NotEnoughItems]: Removing item: moze_intel.projecte.gameObjs.items.tools.DarkHammer@28343db0 from list.
java.lang.NullPointerException
	at moze_intel.projecte.gameObjs.items.ItemCharge.getCharge(ItemCharge.java:57) ~[ItemCharge.class:?]
	at moze_intel.projecte.gameObjs.items.ItemCharge.getDurabilityForDisplay(ItemCharge.java:30) ~[ItemCharge.class:?]
	at codechicken.nei.ItemList$1.lambda$forceTagCompoundInitialization$6(ItemList.java:336) ~[ItemList$1.class:?]
	at codechicken.nei.ItemList$1$$Lambda$1820/785342419.run(Unknown Source) ~[?:?]
	at codechicken.nei.ItemList$1.runChecked(ItemList.java:310) ~[ItemList$1.class:?]
	at codechicken.nei.ItemList$1.forceTagCompoundInitialization(ItemList.java:336) ~[ItemList$1.class:?]
	at codechicken.nei.ItemList$1.lambda$execute$12(ItemList.java:401) [ItemList$1.class:?]
	at codechicken.nei.ItemList$1$$Lambda$1802/1967644631.accept(Unknown Source) [ItemList$1.class:?]
	at java.util.stream.ForEachOps$ForEachOp$OfRef.accept(ForEachOps.java:184) [?:1.8.0_51]
	at java.util.Spliterators$ArraySpliterator.forEachRemaining(Spliterators.java:948) [?:1.8.0_51]
	at java.util.stream.AbstractPipeline.copyInto(AbstractPipeline.java:512) [?:1.8.0_51]
	at java.util.stream.ForEachOps$ForEachTask.compute(ForEachOps.java:291) [?:1.8.0_51]
	at java.util.concurrent.CountedCompleter.exec(CountedCompleter.java:731) [?:1.8.0_51]
	at java.util.concurrent.ForkJoinTask.doExec(ForkJoinTask.java:289) [?:1.8.0_51]
	at java.util.concurrent.ForkJoinPool$WorkQueue.runTask(ForkJoinPool.java:1056) [?:1.8.0_51]
	at java.util.concurrent.ForkJoinPool.runWorker(ForkJoinPool.java:1689) [?:1.8.0_51]
	at java.util.concurrent.ForkJoinWorkerThread.run(ForkJoinWorkerThread.java:157) [?:1.8.0_51]
[21:59:49] [ForkJoinPool.commonPool-worker-11/ERROR] [NotEnoughItems]: Removing item: moze_intel.projecte.gameObjs.items.tools.RedPick@2235b9b8 from list.
java.lang.NullPointerException
	at moze_intel.projecte.gameObjs.items.ItemCharge.getCharge(ItemCharge.java:57) ~[ItemCharge.class:?]
	at moze_intel.projecte.gameObjs.items.ItemCharge.getDurabilityForDisplay(ItemCharge.java:30) ~[ItemCharge.class:?]
	at codechicken.nei.ItemList$1.lambda$forceTagCompoundInitialization$6(ItemList.java:336) ~[ItemList$1.class:?]
	at codechicken.nei.ItemList$1$$Lambda$1820/785342419.run(Unknown Source) ~[?:?]
	at codechicken.nei.ItemList$1.runChecked(ItemList.java:310) ~[ItemList$1.class:?]
	at codechicken.nei.ItemList$1.forceTagCompoundInitialization(ItemList.java:336) ~[ItemList$1.class:?]
	at codechicken.nei.ItemList$1.lambda$execute$12(ItemList.java:401) [ItemList$1.class:?]
	at codechicken.nei.ItemList$1$$Lambda$1802/1967644631.accept(Unknown Source) [ItemList$1.class:?]
	at java.util.stream.ForEachOps$ForEachOp$OfRef.accept(ForEachOps.java:184) [?:1.8.0_51]
	at java.util.Spliterators$ArraySpliterator.forEachRemaining(Spliterators.java:948) [?:1.8.0_51]
	at java.util.stream.AbstractPipeline.copyInto(AbstractPipeline.java:512) [?:1.8.0_51]
	at java.util.stream.ForEachOps$ForEachTask.compute(ForEachOps.java:291) [?:1.8.0_51]
	at java.util.concurrent.CountedCompleter.exec(CountedCompleter.java:731) [?:1.8.0_51]
	at java.util.concurrent.ForkJoinTask.doExec(ForkJoinTask.java:289) [?:1.8.0_51]
	at java.util.concurrent.ForkJoinPool$WorkQueue.runTask(ForkJoinPool.java:1056) [?:1.8.0_51]
	at java.util.concurrent.ForkJoinPool.runWorker(ForkJoinPool.java:1689) [?:1.8.0_51]
	at java.util.concurrent.ForkJoinWorkerThread.run(ForkJoinWorkerThread.java:157) [?:1.8.0_51]
[21:59:49] [ForkJoinPool.commonPool-worker-11/ERROR] [NotEnoughItems]: Removing item: moze_intel.projecte.gameObjs.items.tools.RedAxe@f0e3a57 from list.
java.lang.NullPointerException
	at moze_intel.projecte.gameObjs.items.ItemCharge.getCharge(ItemCharge.java:57) ~[ItemCharge.class:?]
	at moze_intel.projecte.gameObjs.items.ItemCharge.getDurabilityForDisplay(ItemCharge.java:30) ~[ItemCharge.class:?]
	at codechicken.nei.ItemList$1.lambda$forceTagCompoundInitialization$6(ItemList.java:336) ~[ItemList$1.class:?]
	at codechicken.nei.ItemList$1$$Lambda$1820/785342419.run(Unknown Source) ~[?:?]
	at codechicken.nei.ItemList$1.runChecked(ItemList.java:310) ~[ItemList$1.class:?]
	at codechicken.nei.ItemList$1.forceTagCompoundInitialization(ItemList.java:336) ~[ItemList$1.class:?]
	at codechicken.nei.ItemList$1.lambda$execute$12(ItemList.java:401) [ItemList$1.class:?]
	at codechicken.nei.ItemList$1$$Lambda$1802/1967644631.accept(Unknown Source) [ItemList$1.class:?]
	at java.util.stream.ForEachOps$ForEachOp$OfRef.accept(ForEachOps.java:184) [?:1.8.0_51]
	at java.util.Spliterators$ArraySpliterator.forEachRemaining(Spliterators.java:948) [?:1.8.0_51]
	at java.util.stream.AbstractPipeline.copyInto(AbstractPipeline.java:512) [?:1.8.0_51]
	at java.util.stream.ForEachOps$ForEachTask.compute(ForEachOps.java:291) [?:1.8.0_51]
	at java.util.concurrent.CountedCompleter.exec(CountedCompleter.java:731) [?:1.8.0_51]
	at java.util.concurrent.ForkJoinTask.doExec(ForkJoinTask.java:289) [?:1.8.0_51]
	at java.util.concurrent.ForkJoinPool$WorkQueue.runTask(ForkJoinPool.java:1056) [?:1.8.0_51]
	at java.util.concurrent.ForkJoinPool.runWorker(ForkJoinPool.java:1689) [?:1.8.0_51]
	at java.util.concurrent.ForkJoinWorkerThread.run(ForkJoinWorkerThread.java:157) [?:1.8.0_51]
[21:59:49] [ForkJoinPool.commonPool-worker-11/ERROR] [NotEnoughItems]: Removing item: moze_intel.projecte.gameObjs.items.tools.RedShovel@3e6f9de0 from list.
java.lang.NullPointerException
	at moze_intel.projecte.gameObjs.items.ItemCharge.getCharge(ItemCharge.java:57) ~[ItemCharge.class:?]
	at moze_intel.projecte.gameObjs.items.ItemCharge.getDurabilityForDisplay(ItemCharge.java:30) ~[ItemCharge.class:?]
	at codechicken.nei.ItemList$1.lambda$forceTagCompoundInitialization$6(ItemList.java:336) ~[ItemList$1.class:?]
	at codechicken.nei.ItemList$1$$Lambda$1820/785342419.run(Unknown Source) ~[?:?]
	at codechicken.nei.ItemList$1.runChecked(ItemList.java:310) ~[ItemList$1.class:?]
	at codechicken.nei.ItemList$1.forceTagCompoundInitialization(ItemList.java:336) ~[ItemList$1.class:?]
	at codechicken.nei.ItemList$1.lambda$execute$12(ItemList.java:401) [ItemList$1.class:?]
	at codechicken.nei.ItemList$1$$Lambda$1802/1967644631.accept(Unknown Source) [ItemList$1.class:?]
	at java.util.stream.ForEachOps$ForEachOp$OfRef.accept(ForEachOps.java:184) [?:1.8.0_51]
	at java.util.Spliterators$ArraySpliterator.forEachRemaining(Spliterators.java:948) [?:1.8.0_51]
	at java.util.stream.AbstractPipeline.copyInto(AbstractPipeline.java:512) [?:1.8.0_51]
	at java.util.stream.ForEachOps$ForEachTask.compute(ForEachOps.java:291) [?:1.8.0_51]
	at java.util.concurrent.CountedCompleter.exec(CountedCompleter.java:731) [?:1.8.0_51]
	at java.util.concurrent.ForkJoinTask.doExec(ForkJoinTask.java:289) [?:1.8.0_51]
	at java.util.concurrent.ForkJoinPool$WorkQueue.runTask(ForkJoinPool.java:1056) [?:1.8.0_51]
	at java.util.concurrent.ForkJoinPool.runWorker(ForkJoinPool.java:1689) [?:1.8.0_51]
	at java.util.concurrent.ForkJoinWorkerThread.run(ForkJoinWorkerThread.java:157) [?:1.8.0_51]
[21:59:49] [ForkJoinPool.commonPool-worker-11/ERROR] [NotEnoughItems]: Removing item: moze_intel.projecte.gameObjs.items.tools.RedSword@373fee20 from list.
java.lang.NullPointerException
	at moze_intel.projecte.gameObjs.items.ItemCharge.getCharge(ItemCharge.java:57) ~[ItemCharge.class:?]
	at moze_intel.projecte.gameObjs.items.ItemCharge.getDurabilityForDisplay(ItemCharge.java:30) ~[ItemCharge.class:?]
	at codechicken.nei.ItemList$1.lambda$forceTagCompoundInitialization$6(ItemList.java:336) ~[ItemList$1.class:?]
	at codechicken.nei.ItemList$1$$Lambda$1820/785342419.run(Unknown Source) ~[?:?]
	at codechicken.nei.ItemList$1.runChecked(ItemList.java:310) ~[ItemList$1.class:?]
	at codechicken.nei.ItemList$1.forceTagCompoundInitialization(ItemList.java:336) ~[ItemList$1.class:?]
	at codechicken.nei.ItemList$1.lambda$execute$12(ItemList.java:401) [ItemList$1.class:?]
	at codechicken.nei.ItemList$1$$Lambda$1802/1967644631.accept(Unknown Source) [ItemList$1.class:?]
	at java.util.stream.ForEachOps$ForEachOp$OfRef.accept(ForEachOps.java:184) [?:1.8.0_51]
	at java.util.Spliterators$ArraySpliterator.forEachRemaining(Spliterators.java:948) [?:1.8.0_51]
	at java.util.stream.AbstractPipeline.copyInto(AbstractPipeline.java:512) [?:1.8.0_51]
	at java.util.stream.ForEachOps$ForEachTask.compute(ForEachOps.java:291) [?:1.8.0_51]
	at java.util.concurrent.CountedCompleter.exec(CountedCompleter.java:731) [?:1.8.0_51]
	at java.util.concurrent.ForkJoinTask.doExec(ForkJoinTask.java:289) [?:1.8.0_51]
	at java.util.concurrent.ForkJoinPool$WorkQueue.runTask(ForkJoinPool.java:1056) [?:1.8.0_51]
	at java.util.concurrent.ForkJoinPool.runWorker(ForkJoinPool.java:1689) [?:1.8.0_51]
	at java.util.concurrent.ForkJoinWorkerThread.run(ForkJoinWorkerThread.java:157) [?:1.8.0_51]
[21:59:49] [ForkJoinPool.commonPool-worker-11/ERROR] [NotEnoughItems]: Removing item: moze_intel.projecte.gameObjs.items.tools.RedHoe@38c86906 from list.
java.lang.NullPointerException
	at moze_intel.projecte.gameObjs.items.ItemCharge.getCharge(ItemCharge.java:57) ~[ItemCharge.class:?]
	at moze_intel.projecte.gameObjs.items.ItemCharge.getDurabilityForDisplay(ItemCharge.java:30) ~[ItemCharge.class:?]
	at codechicken.nei.ItemList$1.lambda$forceTagCompoundInitialization$6(ItemList.java:336) ~[ItemList$1.class:?]
	at codechicken.nei.ItemList$1$$Lambda$1820/785342419.run(Unknown Source) ~[?:?]
	at codechicken.nei.ItemList$1.runChecked(ItemList.java:310) ~[ItemList$1.class:?]
	at codechicken.nei.ItemList$1.forceTagCompoundInitialization(ItemList.java:336) ~[ItemList$1.class:?]
	at codechicken.nei.ItemList$1.lambda$execute$12(ItemList.java:401) [ItemList$1.class:?]
	at codechicken.nei.ItemList$1$$Lambda$1802/1967644631.accept(Unknown Source) [ItemList$1.class:?]
	at java.util.stream.ForEachOps$ForEachOp$OfRef.accept(ForEachOps.java:184) [?:1.8.0_51]
	at java.util.Spliterators$ArraySpliterator.forEachRemaining(Spliterators.java:948) [?:1.8.0_51]
	at java.util.stream.AbstractPipeline.copyInto(AbstractPipeline.java:512) [?:1.8.0_51]
	at java.util.stream.ForEachOps$ForEachTask.compute(ForEachOps.java:291) [?:1.8.0_51]
	at java.util.concurrent.CountedCompleter.exec(CountedCompleter.java:731) [?:1.8.0_51]
	at java.util.concurrent.ForkJoinTask.doExec(ForkJoinTask.java:289) [?:1.8.0_51]
	at java.util.concurrent.ForkJoinPool$WorkQueue.runTask(ForkJoinPool.java:1056) [?:1.8.0_51]
	at java.util.concurrent.ForkJoinPool.runWorker(ForkJoinPool.java:1689) [?:1.8.0_51]
	at java.util.concurrent.ForkJoinWorkerThread.run(ForkJoinWorkerThread.java:157) [?:1.8.0_51]
[21:59:49] [ForkJoinPool.commonPool-worker-11/ERROR] [NotEnoughItems]: Removing item: moze_intel.projecte.gameObjs.items.tools.RedShears@466a30ca from list.
java.lang.NullPointerException
	at moze_intel.projecte.gameObjs.items.ItemCharge.getCharge(ItemCharge.java:57) ~[ItemCharge.class:?]
	at moze_intel.projecte.gameObjs.items.ItemCharge.getDurabilityForDisplay(ItemCharge.java:30) ~[ItemCharge.class:?]
	at codechicken.nei.ItemList$1.lambda$forceTagCompoundInitialization$6(ItemList.java:336) ~[ItemList$1.class:?]
	at codechicken.nei.ItemList$1$$Lambda$1820/785342419.run(Unknown Source) ~[?:?]
	at codechicken.nei.ItemList$1.runChecked(ItemList.java:310) ~[ItemList$1.class:?]
	at codechicken.nei.ItemList$1.forceTagCompoundInitialization(ItemList.java:336) ~[ItemList$1.class:?]
	at codechicken.nei.ItemList$1.lambda$execute$12(ItemList.java:401) [ItemList$1.class:?]
	at codechicken.nei.ItemList$1$$Lambda$1802/1967644631.accept(Unknown Source) [ItemList$1.class:?]
	at java.util.stream.ForEachOps$ForEachOp$OfRef.accept(ForEachOps.java:184) [?:1.8.0_51]
	at java.util.Spliterators$ArraySpliterator.forEachRemaining(Spliterators.java:948) [?:1.8.0_51]
	at java.util.stream.AbstractPipeline.copyInto(AbstractPipeline.java:512) [?:1.8.0_51]
	at java.util.stream.ForEachOps$ForEachTask.compute(ForEachOps.java:291) [?:1.8.0_51]
	at java.util.concurrent.CountedCompleter.exec(CountedCompleter.java:731) [?:1.8.0_51]
	at java.util.concurrent.ForkJoinTask.doExec(ForkJoinTask.java:289) [?:1.8.0_51]
	at java.util.concurrent.ForkJoinPool$WorkQueue.runTask(ForkJoinPool.java:1056) [?:1.8.0_51]
	at java.util.concurrent.ForkJoinPool.runWorker(ForkJoinPool.java:1689) [?:1.8.0_51]
	at java.util.concurrent.ForkJoinWorkerThread.run(ForkJoinWorkerThread.java:157) [?:1.8.0_51]
[21:59:49] [ForkJoinPool.commonPool-worker-11/ERROR] [NotEnoughItems]: Removing item: moze_intel.projecte.gameObjs.items.tools.RedHammer@428257a from list.
java.lang.NullPointerException
	at moze_intel.projecte.gameObjs.items.ItemCharge.getCharge(ItemCharge.java:57) ~[ItemCharge.class:?]
	at moze_intel.projecte.gameObjs.items.ItemCharge.getDurabilityForDisplay(ItemCharge.java:30) ~[ItemCharge.class:?]
	at codechicken.nei.ItemList$1.lambda$forceTagCompoundInitialization$6(ItemList.java:336) ~[ItemList$1.class:?]
	at codechicken.nei.ItemList$1$$Lambda$1820/785342419.run(Unknown Source) ~[?:?]
	at codechicken.nei.ItemList$1.runChecked(ItemList.java:310) ~[ItemList$1.class:?]
	at codechicken.nei.ItemList$1.forceTagCompoundInitialization(ItemList.java:336) ~[ItemList$1.class:?]
	at codechicken.nei.ItemList$1.lambda$execute$12(ItemList.java:401) [ItemList$1.class:?]
	at codechicken.nei.ItemList$1$$Lambda$1802/1967644631.accept(Unknown Source) [ItemList$1.class:?]
	at java.util.stream.ForEachOps$ForEachOp$OfRef.accept(ForEachOps.java:184) [?:1.8.0_51]
	at java.util.Spliterators$ArraySpliterator.forEachRemaining(Spliterators.java:948) [?:1.8.0_51]
	at java.util.stream.AbstractPipeline.copyInto(AbstractPipeline.java:512) [?:1.8.0_51]
	at java.util.stream.ForEachOps$ForEachTask.compute(ForEachOps.java:291) [?:1.8.0_51]
	at java.util.concurrent.CountedCompleter.exec(CountedCompleter.java:731) [?:1.8.0_51]
	at java.util.concurrent.ForkJoinTask.doExec(ForkJoinTask.java:289) [?:1.8.0_51]
	at java.util.concurrent.ForkJoinPool$WorkQueue.runTask(ForkJoinPool.java:1056) [?:1.8.0_51]
	at java.util.concurrent.ForkJoinPool.runWorker(ForkJoinPool.java:1689) [?:1.8.0_51]
	at java.util.concurrent.ForkJoinWorkerThread.run(ForkJoinWorkerThread.java:157) [?:1.8.0_51]
[21:59:49] [ForkJoinPool.commonPool-worker-11/ERROR] [NotEnoughItems]: Removing item: moze_intel.projecte.gameObjs.items.tools.RedKatar@4cae9531 from list.
java.lang.NullPointerException
	at moze_intel.projecte.gameObjs.items.ItemCharge.getCharge(ItemCharge.java:57) ~[ItemCharge.class:?]
	at moze_intel.projecte.gameObjs.items.ItemCharge.getDurabilityForDisplay(ItemCharge.java:30) ~[ItemCharge.class:?]
	at codechicken.nei.ItemList$1.lambda$forceTagCompoundInitialization$6(ItemList.java:336) ~[ItemList$1.class:?]
	at codechicken.nei.ItemList$1$$Lambda$1820/785342419.run(Unknown Source) ~[?:?]
	at codechicken.nei.ItemList$1.runChecked(ItemList.java:310) ~[ItemList$1.class:?]
	at codechicken.nei.ItemList$1.forceTagCompoundInitialization(ItemList.java:336) ~[ItemList$1.class:?]
	at codechicken.nei.ItemList$1.lambda$execute$12(ItemList.java:401) [ItemList$1.class:?]
	at codechicken.nei.ItemList$1$$Lambda$1802/1967644631.accept(Unknown Source) [ItemList$1.class:?]
	at java.util.stream.ForEachOps$ForEachOp$OfRef.accept(ForEachOps.java:184) [?:1.8.0_51]
	at java.util.Spliterators$ArraySpliterator.forEachRemaining(Spliterators.java:948) [?:1.8.0_51]
	at java.util.stream.AbstractPipeline.copyInto(AbstractPipeline.java:512) [?:1.8.0_51]
	at java.util.stream.ForEachOps$ForEachTask.compute(ForEachOps.java:291) [?:1.8.0_51]
	at java.util.concurrent.CountedCompleter.exec(CountedCompleter.java:731) [?:1.8.0_51]
	at java.util.concurrent.ForkJoinTask.doExec(ForkJoinTask.java:289) [?:1.8.0_51]
	at java.util.concurrent.ForkJoinPool$WorkQueue.runTask(ForkJoinPool.java:1056) [?:1.8.0_51]
	at java.util.concurrent.ForkJoinPool.runWorker(ForkJoinPool.java:1689) [?:1.8.0_51]
	at java.util.concurrent.ForkJoinWorkerThread.run(ForkJoinWorkerThread.java:157) [?:1.8.0_51]
[21:59:49] [ForkJoinPool.commonPool-worker-11/ERROR] [NotEnoughItems]: Removing item: moze_intel.projecte.gameObjs.items.tools.RedStar@375545fb from list.
java.lang.NullPointerException
	at moze_intel.projecte.gameObjs.items.ItemCharge.getCharge(ItemCharge.java:57) ~[ItemCharge.class:?]
	at moze_intel.projecte.gameObjs.items.ItemCharge.getDurabilityForDisplay(ItemCharge.java:30) ~[ItemCharge.class:?]
	at codechicken.nei.ItemList$1.lambda$forceTagCompoundInitialization$6(ItemList.java:336) ~[ItemList$1.class:?]
	at codechicken.nei.ItemList$1$$Lambda$1820/785342419.run(Unknown Source) ~[?:?]
	at codechicken.nei.ItemList$1.runChecked(ItemList.java:310) ~[ItemList$1.class:?]
	at codechicken.nei.ItemList$1.forceTagCompoundInitialization(ItemList.java:336) ~[ItemList$1.class:?]
	at codechicken.nei.ItemList$1.lambda$execute$12(ItemList.java:401) [ItemList$1.class:?]
	at codechicken.nei.ItemList$1$$Lambda$1802/1967644631.accept(Unknown Source) [ItemList$1.class:?]
	at java.util.stream.ForEachOps$ForEachOp$OfRef.accept(ForEachOps.java:184) [?:1.8.0_51]
	at java.util.Spliterators$ArraySpliterator.forEachRemaining(Spliterators.java:948) [?:1.8.0_51]
	at java.util.stream.AbstractPipeline.copyInto(AbstractPipeline.java:512) [?:1.8.0_51]
	at java.util.stream.ForEachOps$ForEachTask.compute(ForEachOps.java:291) [?:1.8.0_51]
	at java.util.concurrent.CountedCompleter.exec(CountedCompleter.java:731) [?:1.8.0_51]
	at java.util.concurrent.ForkJoinTask.doExec(ForkJoinTask.java:289) [?:1.8.0_51]
	at java.util.concurrent.ForkJoinPool$WorkQueue.runTask(ForkJoinPool.java:1056) [?:1.8.0_51]
	at java.util.concurrent.ForkJoinPool.runWorker(ForkJoinPool.java:1689) [?:1.8.0_51]
	at java.util.concurrent.ForkJoinWorkerThread.run(ForkJoinWorkerThread.java:157) [?:1.8.0_51]
[21:59:49] [ForkJoinPool.commonPool-worker-11/ERROR] [NotEnoughItems]: Removing item: moze_intel.projecte.gameObjs.items.rings.Zero@3210bd04 from list.
java.lang.NullPointerException
	at moze_intel.projecte.gameObjs.items.ItemCharge.getCharge(ItemCharge.java:57) ~[ItemCharge.class:?]
	at moze_intel.projecte.gameObjs.items.ItemCharge.getDurabilityForDisplay(ItemCharge.java:30) ~[ItemCharge.class:?]
	at codechicken.nei.ItemList$1.lambda$forceTagCompoundInitialization$6(ItemList.java:336) ~[ItemList$1.class:?]
	at codechicken.nei.ItemList$1$$Lambda$1820/785342419.run(Unknown Source) ~[?:?]
	at codechicken.nei.ItemList$1.runChecked(ItemList.java:310) ~[ItemList$1.class:?]
	at codechicken.nei.ItemList$1.forceTagCompoundInitialization(ItemList.java:336) ~[ItemList$1.class:?]
	at codechicken.nei.ItemList$1.lambda$execute$12(ItemList.java:401) [ItemList$1.class:?]
	at codechicken.nei.ItemList$1$$Lambda$1802/1967644631.accept(Unknown Source) [ItemList$1.class:?]
	at java.util.stream.ForEachOps$ForEachOp$OfRef.accept(ForEachOps.java:184) [?:1.8.0_51]
	at java.util.Spliterators$ArraySpliterator.forEachRemaining(Spliterators.java:948) [?:1.8.0_51]
	at java.util.stream.AbstractPipeline.copyInto(AbstractPipeline.java:512) [?:1.8.0_51]
	at java.util.stream.ForEachOps$ForEachTask.compute(ForEachOps.java:291) [?:1.8.0_51]
	at java.util.concurrent.CountedCompleter.exec(CountedCompleter.java:731) [?:1.8.0_51]
	at java.util.concurrent.ForkJoinTask.doExec(ForkJoinTask.java:289) [?:1.8.0_51]
	at java.util.concurrent.ForkJoinPool$WorkQueue.runTask(ForkJoinPool.java:1056) [?:1.8.0_51]
	at java.util.concurrent.ForkJoinPool.runWorker(ForkJoinPool.java:1689) [?:1.8.0_51]
	at java.util.concurrent.ForkJoinWorkerThread.run(ForkJoinWorkerThread.java:157) [?:1.8.0_51]
[21:59:49] [ForkJoinPool.commonPool-worker-11/ERROR] [NotEnoughItems]: Removing item: moze_intel.projecte.gameObjs.items.TimeWatch@10b32cc9 from list.
java.lang.NullPointerException
	at moze_intel.projecte.gameObjs.items.ItemCharge.getCharge(ItemCharge.java:57) ~[ItemCharge.class:?]
	at moze_intel.projecte.gameObjs.items.ItemCharge.getDurabilityForDisplay(ItemCharge.java:30) ~[ItemCharge.class:?]
	at codechicken.nei.ItemList$1.lambda$forceTagCompoundInitialization$6(ItemList.java:336) ~[ItemList$1.class:?]
	at codechicken.nei.ItemList$1$$Lambda$1820/785342419.run(Unknown Source) ~[?:?]
	at codechicken.nei.ItemList$1.runChecked(ItemList.java:310) ~[ItemList$1.class:?]
	at codechicken.nei.ItemList$1.forceTagCompoundInitialization(ItemList.java:336) ~[ItemList$1.class:?]
	at codechicken.nei.ItemList$1.lambda$execute$12(ItemList.java:401) [ItemList$1.class:?]
	at codechicken.nei.ItemList$1$$Lambda$1802/1967644631.accept(Unknown Source) [ItemList$1.class:?]
	at java.util.stream.ForEachOps$ForEachOp$OfRef.accept(ForEachOps.java:184) [?:1.8.0_51]
	at java.util.Spliterators$ArraySpliterator.forEachRemaining(Spliterators.java:948) [?:1.8.0_51]
	at java.util.stream.AbstractPipeline.copyInto(AbstractPipeline.java:512) [?:1.8.0_51]
	at java.util.stream.ForEachOps$ForEachTask.compute(ForEachOps.java:291) [?:1.8.0_51]
	at java.util.concurrent.CountedCompleter.exec(CountedCompleter.java:731) [?:1.8.0_51]
	at java.util.concurrent.ForkJoinTask.doExec(ForkJoinTask.java:289) [?:1.8.0_51]
	at java.util.concurrent.ForkJoinPool$WorkQueue.runTask(ForkJoinPool.java:1056) [?:1.8.0_51]
	at java.util.concurrent.ForkJoinPool.runWorker(ForkJoinPool.java:1689) [?:1.8.0_51]
	at java.util.concurrent.ForkJoinWorkerThread.run(ForkJoinWorkerThread.java:157) [?:1.8.0_51]
[21:59:49] [ForkJoinPool.commonPool-worker-11/ERROR] [NotEnoughItems]: Removing item: moze_intel.projecte.gameObjs.items.MercurialEye@2ff11aa7 from list.
java.lang.NullPointerException
	at moze_intel.projecte.gameObjs.items.ItemCharge.getCharge(ItemCharge.java:57) ~[ItemCharge.class:?]
	at moze_intel.projecte.gameObjs.items.ItemCharge.getDurabilityForDisplay(ItemCharge.java:30) ~[ItemCharge.class:?]
	at codechicken.nei.ItemList$1.lambda$forceTagCompoundInitialization$6(ItemList.java:336) ~[ItemList$1.class:?]
	at codechicken.nei.ItemList$1$$Lambda$1820/785342419.run(Unknown Source) ~[?:?]
	at codechicken.nei.ItemList$1.runChecked(ItemList.java:310) ~[ItemList$1.class:?]
	at codechicken.nei.ItemList$1.forceTagCompoundInitialization(ItemList.java:336) ~[ItemList$1.class:?]
	at codechicken.nei.ItemList$1.lambda$execute$12(ItemList.java:401) [ItemList$1.class:?]
	at codechicken.nei.ItemList$1$$Lambda$1802/1967644631.accept(Unknown Source) [ItemList$1.class:?]
	at java.util.stream.ForEachOps$ForEachOp$OfRef.accept(ForEachOps.java:184) [?:1.8.0_51]
	at java.util.Spliterators$ArraySpliterator.forEachRemaining(Spliterators.java:948) [?:1.8.0_51]
	at java.util.stream.AbstractPipeline.copyInto(AbstractPipeline.java:512) [?:1.8.0_51]
	at java.util.stream.ForEachOps$ForEachTask.compute(ForEachOps.java:291) [?:1.8.0_51]
	at java.util.concurrent.CountedCompleter.exec(CountedCompleter.java:731) [?:1.8.0_51]
	at java.util.concurrent.ForkJoinTask.doExec(ForkJoinTask.java:289) [?:1.8.0_51]
	at java.util.concurrent.ForkJoinPool$WorkQueue.runTask(ForkJoinPool.java:1056) [?:1.8.0_51]
	at java.util.concurrent.ForkJoinPool.runWorker(ForkJoinPool.java:1689) [?:1.8.0_51]
	at java.util.concurrent.ForkJoinWorkerThread.run(ForkJoinWorkerThread.java:157) [?:1.8.0_51]
[21:59:49] [ForkJoinPool.commonPool-worker-11/ERROR] [NotEnoughItems]: Removing item: moze_intel.projecte.gameObjs.items.DestructionCatalyst@54e5c132 from list.
java.lang.NullPointerException
	at moze_intel.projecte.gameObjs.items.ItemCharge.getCharge(ItemCharge.java:57) ~[ItemCharge.class:?]
	at moze_intel.projecte.gameObjs.items.ItemCharge.getDurabilityForDisplay(ItemCharge.java:30) ~[ItemCharge.class:?]
	at codechicken.nei.ItemList$1.lambda$forceTagCompoundInitialization$6(ItemList.java:336) ~[ItemList$1.class:?]
	at codechicken.nei.ItemList$1$$Lambda$1820/785342419.run(Unknown Source) ~[?:?]
	at codechicken.nei.ItemList$1.runChecked(ItemList.java:310) ~[ItemList$1.class:?]
	at codechicken.nei.ItemList$1.forceTagCompoundInitialization(ItemList.java:336) ~[ItemList$1.class:?]
	at codechicken.nei.ItemList$1.lambda$execute$12(ItemList.java:401) [ItemList$1.class:?]
	at codechicken.nei.ItemList$1$$Lambda$1802/1967644631.accept(Unknown Source) [ItemList$1.class:?]
	at java.util.stream.ForEachOps$ForEachOp$OfRef.accept(ForEachOps.java:184) [?:1.8.0_51]
	at java.util.Spliterators$ArraySpliterator.forEachRemaining(Spliterators.java:948) [?:1.8.0_51]
	at java.util.stream.AbstractPipeline.copyInto(AbstractPipeline.java:512) [?:1.8.0_51]
	at java.util.stream.ForEachOps$ForEachTask.compute(ForEachOps.java:291) [?:1.8.0_51]
	at java.util.concurrent.CountedCompleter.exec(CountedCompleter.java:731) [?:1.8.0_51]
	at java.util.concurrent.ForkJoinTask.doExec(ForkJoinTask.java:289) [?:1.8.0_51]
	at java.util.concurrent.ForkJoinPool$WorkQueue.runTask(ForkJoinPool.java:1056) [?:1.8.0_51]
	at java.util.concurrent.ForkJoinPool.runWorker(ForkJoinPool.java:1689) [?:1.8.0_51]
	at java.util.concurrent.ForkJoinWorkerThread.run(ForkJoinWorkerThread.java:157) [?:1.8.0_51]
[21:59:49] [ForkJoinPool.commonPool-worker-11/ERROR] [NotEnoughItems]: Removing item: moze_intel.projecte.gameObjs.items.HyperkineticLens@21a23f47 from list.
java.lang.NullPointerException
	at moze_intel.projecte.gameObjs.items.ItemCharge.getCharge(ItemCharge.java:57) ~[ItemCharge.class:?]
	at moze_intel.projecte.gameObjs.items.ItemCharge.getDurabilityForDisplay(ItemCharge.java:30) ~[ItemCharge.class:?]
	at codechicken.nei.ItemList$1.lambda$forceTagCompoundInitialization$6(ItemList.java:336) ~[ItemList$1.class:?]
	at codechicken.nei.ItemList$1$$Lambda$1820/785342419.run(Unknown Source) ~[?:?]
	at codechicken.nei.ItemList$1.runChecked(ItemList.java:310) ~[ItemList$1.class:?]
	at codechicken.nei.ItemList$1.forceTagCompoundInitialization(ItemList.java:336) ~[ItemList$1.class:?]
	at codechicken.nei.ItemList$1.lambda$execute$12(ItemList.java:401) [ItemList$1.class:?]
	at codechicken.nei.ItemList$1$$Lambda$1802/1967644631.accept(Unknown Source) [ItemList$1.class:?]
	at java.util.stream.ForEachOps$ForEachOp$OfRef.accept(ForEachOps.java:184) [?:1.8.0_51]
	at java.util.Spliterators$ArraySpliterator.forEachRemaining(Spliterators.java:948) [?:1.8.0_51]
	at java.util.stream.AbstractPipeline.copyInto(AbstractPipeline.java:512) [?:1.8.0_51]
	at java.util.stream.ForEachOps$ForEachTask.compute(ForEachOps.java:291) [?:1.8.0_51]
	at java.util.concurrent.CountedCompleter.exec(CountedCompleter.java:731) [?:1.8.0_51]
	at java.util.concurrent.ForkJoinTask.doExec(ForkJoinTask.java:289) [?:1.8.0_51]
	at java.util.concurrent.ForkJoinPool$WorkQueue.runTask(ForkJoinPool.java:1056) [?:1.8.0_51]
	at java.util.concurrent.ForkJoinPool.runWorker(ForkJoinPool.java:1689) [?:1.8.0_51]
	at java.util.concurrent.ForkJoinWorkerThread.run(ForkJoinWorkerThread.java:157) [?:1.8.0_51]
[21:59:49] [ForkJoinPool.commonPool-worker-11/ERROR] [NotEnoughItems]: Removing item: moze_intel.projecte.gameObjs.items.CataliticLens@19b3279c from list.
java.lang.NullPointerException
	at moze_intel.projecte.gameObjs.items.ItemCharge.getCharge(ItemCharge.java:57) ~[ItemCharge.class:?]
	at moze_intel.projecte.gameObjs.items.ItemCharge.getDurabilityForDisplay(ItemCharge.java:30) ~[ItemCharge.class:?]
	at codechicken.nei.ItemList$1.lambda$forceTagCompoundInitialization$6(ItemList.java:336) ~[ItemList$1.class:?]
	at codechicken.nei.ItemList$1$$Lambda$1820/785342419.run(Unknown Source) ~[?:?]
	at codechicken.nei.ItemList$1.runChecked(ItemList.java:310) ~[ItemList$1.class:?]
	at codechicken.nei.ItemList$1.forceTagCompoundInitialization(ItemList.java:336) ~[ItemList$1.class:?]
	at codechicken.nei.ItemList$1.lambda$execute$12(ItemList.java:401) [ItemList$1.class:?]
	at codechicken.nei.ItemList$1$$Lambda$1802/1967644631.accept(Unknown Source) [ItemList$1.class:?]
	at java.util.stream.ForEachOps$ForEachOp$OfRef.accept(ForEachOps.java:184) [?:1.8.0_51]
	at java.util.Spliterators$ArraySpliterator.forEachRemaining(Spliterators.java:948) [?:1.8.0_51]
	at java.util.stream.AbstractPipeline.copyInto(AbstractPipeline.java:512) [?:1.8.0_51]
	at java.util.stream.ForEachOps$ForEachTask.compute(ForEachOps.java:291) [?:1.8.0_51]
	at java.util.concurrent.CountedCompleter.exec(CountedCompleter.java:731) [?:1.8.0_51]
	at java.util.concurrent.ForkJoinTask.doExec(ForkJoinTask.java:289) [?:1.8.0_51]
	at java.util.concurrent.ForkJoinPool$WorkQueue.runTask(ForkJoinPool.java:1056) [?:1.8.0_51]
	at java.util.concurrent.ForkJoinPool.runWorker(ForkJoinPool.java:1689) [?:1.8.0_51]
	at java.util.concurrent.ForkJoinWorkerThread.run(ForkJoinWorkerThread.java:157) [?:1.8.0_51]
[20:58:54] [main/INFO] [LaunchWrapper]: Loading tweak class name cpw.mods.fml.common.launcher.FMLTweaker
[20:58:54] [main/INFO] [LaunchWrapper]: Using primary tweak class name cpw.mods.fml.common.launcher.FMLTweaker
[20:58:54] [main/INFO] [LaunchWrapper]: Calling tweak class cpw.mods.fml.common.launcher.FMLTweaker
[21:02:08] [ForkJoinPool.commonPool-worker-13/INFO] [Forestry]: Loading: Forestry NEI Integration
[21:02:08] [ForkJoinPool.commonPool-worker-6/DEBUG] [NotEnoughItems]: Loaded cpw.mods.ironchest.plugins.nei.NEIConfig
[21:02:08] [ForkJoinPool.commonPool-worker-14/DEBUG] [NotEnoughItems]: Loaded pixlepix.auracascade.main.NEIAuraConfig
[21:02:08] [ForkJoinPool.commonPool-worker-6/DEBUG] [NotEnoughItems]: Loaded cofh.thermalfoundation.plugins.nei.NEIThermalFoundationConfig
[21:02:08] [ForkJoinPool.commonPool-worker-5/DEBUG] [NotEnoughItems]: Loaded net.glease.tc4tweak.nei.NEIConfig
[21:02:08] [ForkJoinPool.commonPool-worker-9/DEBUG] [mixin]: Mixing thaumcraft.client.gui.MixinGuiArcaneWorkbench_SingleWandReplacement from mixins.salisarcana.late.json into thaumcraft.client.gui.GuiArcaneWorkbench
[21:02:08] [ForkJoinPool.commonPool-worker-9/DEBUG] [mixin]: Mixing thaumcraft.client.gui.MixinGuiArcaneWorkbench_MissingResearch from mixins.salisarcana.late.json into thaumcraft.client.gui.GuiArcaneWorkbench
[21:02:08] [ForkJoinPool.commonPool-worker-1/DEBUG] [NotEnoughItems]: Loaded com.cleanroommc.modularui.integration.nei.NEIModularUIConfig
[21:02:08] [ForkJoinPool.commonPool-worker-10/INFO] [OpenMods]: openblocks.NEIOpenBlocksConfig.loadConfig(NEIOpenBlocksConfig.java:40): OpenBlocks NEI Integration loaded successfully
[21:02:08] [ForkJoinPool.commonPool-worker-10/DEBUG] [NotEnoughItems]: Loaded openblocks.NEIOpenBlocksConfig
[21:02:08] [ForkJoinPool.commonPool-worker-6/INFO] [NotEnoughEnergistics]: -----Not Enough Energistics Init Start-----
[21:02:08] [ForkJoinPool.commonPool-worker-6/INFO] [NotEnoughEnergistics]: Install Vanilla Support
[21:02:08] [ForkJoinPool.commonPool-worker-0/DEBUG] [NotEnoughItems]: Loaded net.darkhax.bookshelf.client.nei.NEIBookshelfConfig
[21:02:08] [ForkJoinPool.commonPool-worker-6/INFO] [NotEnoughEnergistics]: Found Applied Energistics 2,install Applied Energistics 2 support
[21:02:08] [ForkJoinPool.commonPool-worker-5/DEBUG] [NotEnoughItems]: Loaded team.chisel.compat.nei.NEIChiselConfig
[21:02:08] [ForkJoinPool.commonPool-worker-6/INFO] [NotEnoughEnergistics]: Found Botania,install Botania support
[21:02:08] [ForkJoinPool.commonPool-worker-6/INFO] [NotEnoughEnergistics]: Found Avaritia, install Avaritia support
[21:02:08] [ForkJoinPool.commonPool-worker-9/DEBUG] [NotEnoughItems]: Loaded com.gtnewhorizons.aspectrecipeindex.nei.NEIConfig
[21:02:08] [ForkJoinPool.commonPool-worker-6/INFO] [NotEnoughEnergistics]: Found EnderIO, install EnderIO support
[21:02:08] [ForkJoinPool.commonPool-worker-6/INFO] [NotEnoughEnergistics]: Found Forestry, install Forestry support
[21:02:08] [ForkJoinPool.commonPool-worker-7/DEBUG] [NotEnoughItems]: Loaded dev.rndmorris.salisarcana.common.compat.NEIConfig
[21:02:08] [ForkJoinPool.commonPool-worker-6/INFO] [NotEnoughEnergistics]: Found Aspect Recipe Index, install Aspect Recipe Index support
[21:02:08] [ForkJoinPool.commonPool-worker-6/INFO] [NotEnoughEnergistics]: Found ThermalExpansion, install ThermalExpansion support
[21:02:08] [ForkJoinPool.commonPool-worker-7/DEBUG] [NotEnoughItems]: Loaded witchinggadgets.client.nei.NEIWGConfig
[21:02:08] [ForkJoinPool.commonPool-worker-6/INFO] [NotEnoughEnergistics]: Found BloodMagic, install BloodMagic support
[21:02:08] [ForkJoinPool.commonPool-worker-1/DEBUG] [NotEnoughItems]: Loaded tconstruct.plugins.nei.NEITConstructConfig
[21:02:08] [ForkJoinPool.commonPool-worker-6/INFO] [NotEnoughEnergistics]: -----Not Enough Energistics Init  Finished-----
[21:02:08] [ForkJoinPool.commonPool-worker-14/DEBUG] [NotEnoughItems]: Loaded vazkii.botania.client.integration.nei.NEIBotaniaConfig
[21:02:08] [ForkJoinPool.commonPool-worker-6/INFO] [NotEnoughEnergistics]: NEIController replaced success
[21:02:08] [ForkJoinPool.commonPool-worker-9/DEBUG] [NotEnoughItems]: Loaded net.bdew.ae2stuff.nei.NEI_AE2Stuff_Config
[21:02:08] [ForkJoinPool.commonPool-worker-13/DEBUG] [NotEnoughItems]: Loaded forestry.core.recipes.nei.NEIIntegrationConfig
[21:02:08] [ForkJoinPool.commonPool-worker-13/DEBUG] [NotEnoughItems]: Loaded cofh.plugins.nei.NEICoFHConfig
[21:02:08] [ForkJoinPool.commonPool-worker-3/DEBUG] [NotEnoughItems]: Loaded evilcraft.modcompat.nei.NEIEvilCraftConfig
[21:02:08] [ForkJoinPool.commonPool-worker-10/DEBUG] [NotEnoughItems]: Loaded com.emoniph.witchery.integration.NEIWitcheryConfig
[21:02:08] [ForkJoinPool.commonPool-worker-6/INFO] [NotEnoughEnergistics]: Install ThaumicEnergistics support
[21:02:08] [ForkJoinPool.commonPool-worker-3/DEBUG] [NotEnoughItems]: Loaded ab.client.nei.NEIConfig
[21:02:08] [ForkJoinPool.commonPool-worker-6/INFO] [NotEnoughEnergistics]: Install Avaritiaddons support
[21:02:08] [ForkJoinPool.commonPool-worker-6/DEBUG] [NotEnoughItems]: Loaded com.github.vfyjxf.nee.NEINeeConfig
[21:02:08] [ForkJoinPool.commonPool-worker-10/INFO] [Draconic Evolution]: Added NEI integration
[21:02:08] [ForkJoinPool.commonPool-worker-10/DEBUG] [NotEnoughItems]: Loaded com.brandon3055.draconicevolution.integration.nei.NEIDraconicevolutionConfig
[21:02:08] [ForkJoinPool.commonPool-worker-9/DEBUG] [FML]: Attempted to find the oreIDs for an unregistered object (1xitem.null@0). This won't work very well.
[21:02:08] [ForkJoinPool.commonPool-worker-9/DEBUG] [FML]: Attempted to find the oreIDs for an unregistered object (1xitem.null@1). This won't work very well.
[21:02:08] [ForkJoinPool.commonPool-worker-9/DEBUG] [FML]: Attempted to find the oreIDs for an unregistered object (1xitem.null@2). This won't work very well.
[21:02:08] [ForkJoinPool.commonPool-worker-9/DEBUG] [FML]: Attempted to find the oreIDs for an unregistered object (1xitem.null@3). This won't work very well.
[21:02:08] [ForkJoinPool.commonPool-worker-9/DEBUG] [FML]: Attempted to find the oreIDs for an unregistered object (1xitem.null@4). This won't work very well.
[21:02:08] [ForkJoinPool.commonPool-worker-9/DEBUG] [FML]: Attempted to find the oreIDs for an unregistered object (1xitem.null@5). This won't work very well.
[21:02:08] [ForkJoinPool.commonPool-worker-9/DEBUG] [FML]: Attempted to find the oreIDs for an unregistered object (1xitem.null@6). This won't work very well.
[21:02:08] [ForkJoinPool.commonPool-worker-9/DEBUG] [FML]: Attempted to find the oreIDs for an unregistered object (1xitem.null@7). This won't work very well.
[21:02:08] [ForkJoinPool.commonPool-worker-9/DEBUG] [FML]: Attempted to find the oreIDs for an unregistered object (1xitem.null@8). This won't work very well.
[21:02:08] [ForkJoinPool.commonPool-worker-14/DEBUG] [NotEnoughItems]: Loaded crazypants.enderio.nei.NEIEnderIOConfig
[21:02:08] [ForkJoinPool.commonPool-worker-9/DEBUG] [NotEnoughItems]: Loaded flaxbeard.thaumicexploration.integration.nei.NEIConfig
[21:02:08] [ForkJoinPool.commonPool-worker-13/DEBUG] [NotEnoughItems]: Loaded cofh.thermalexpansion.plugins.nei.NEIThermalExpansionConfig
[21:02:08] [ForkJoinPool.commonPool-worker-14/DEBUG] [NotEnoughItems]: Loaded tombenpotter.sanguimancy.compat.nei.NEIConfig
[21:02:08] [ForkJoinPool.commonPool-worker-8/INFO] [extrautils]: Added NEI integration
[21:02:08] [ForkJoinPool.commonPool-worker-8/DEBUG] [NotEnoughItems]: Loaded com.rwtema.extrautils.nei.NEIInfoHandlerConfig
[21:02:08] [ForkJoinPool.commonPool-worker-8/DEBUG] [NotEnoughItems]: Loaded cofh.thermaldynamics.plugins.nei.NEIThermalDynamicsConfig
[21:02:08] [ForkJoinPool.commonPool-worker-8/DEBUG] [NotEnoughItems]: Loaded WayofTime.alchemicalWizardry.client.nei.NEIConfig
[21:02:09] [ForkJoinPool.commonPool-worker-13/WARN] [FML]: NEI: Forced tag update with reason (showDurabilityBar) for 1xitem.manaTablet@0(vazkii.botania.common.item.ItemManaTablet@3d01296a)
[21:02:09] [ForkJoinPool.commonPool-worker-13/WARN] [FML]: NEI: Forced tag update with reason (getDamage) for 1xitem.manaMirror@0(vazkii.botania.common.item.ItemManaMirror@392ed360)
[21:02:09] [ForkJoinPool.commonPool-worker-13/WARN] [FML]: NEI: Forced tag update with reason (getDamage) for 1xitem.manaRing@10000(vazkii.botania.common.item.equipment.bauble.ItemManaRing@1ae3ee7b)
[21:02:09] [ForkJoinPool.commonPool-worker-13/WARN] [FML]: NEI: Forced tag update with reason (getDamage) for 1xitem.manaRingGreater@10000(vazkii.botania.common.item.equipment.bauble.ItemGreaterManaRing@732a4a06)
[21:02:09] [ForkJoinPool.commonPool-worker-13/WARN] [FML]: NEI: Forced tag update with reason (getDamage) for 1xitem.manaInkwell@150(vazkii.botania.common.item.interaction.thaumcraft.ItemManaInkwell@aa84958)
[21:02:09] [ForkJoinPool.commonPool-worker-13/WARN] [FML]: NEI: Forced tag update with reason (getDamage) for 1xitem.manaInkwell@0(vazkii.botania.common.item.interaction.thaumcraft.ItemManaInkwell@aa84958)
[21:02:09] [ForkJoinPool.commonPool-worker-13/WARN] [FML]: NEI: Forced tag update with reason (getDamage) for 1xitem.mithrillManaRing@10000(ab.common.item.equipment.ItemMithrillRing@148df1e5)
[21:02:09] [ForkJoinPool.commonPool-worker-13/WARN] [FML]: NEI: Forced tag update with reason (getDamage) for 1xitem.nebulaManaRing@10000(ab.common.item.equipment.ItemNebulaRing@3ba07d8c)
[21:02:09] [ForkJoinPool.commonPool-worker-13/WARN] [FML]: NEI: Forced tag update with reason (getDigSpeed) for 1xitem.mithrillMultiTool@0(ab.common.item.equipment.ItemMithrillMultiTool@4a4bdb36)
[21:02:09] [ForkJoinPool.commonPool-worker-13/WARN] [FML]: NEI: Forced tag update with reason (showDurabilityBar) for 1xitem.hornPlenty@0(ab.common.item.relic.ItemHornPlenty@49e9cc00)
[21:02:09] [ForkJoinPool.commonPool-worker-13/WARN] [FML]: NEI: Forced tag update with reason (getDamage) for 1xitem.nebulaHelm@0(ab.common.item.equipment.armor.ItemNebulaHelm@1cc6ed0)
[21:02:09] [ForkJoinPool.commonPool-worker-13/WARN] [FML]: NEI: Forced tag update with reason (getDamage) for 1xitem.nebulaChest@0(ab.common.item.equipment.armor.ItemNebulaChest@6c23b25)
[21:02:09] [ForkJoinPool.commonPool-worker-13/WARN] [FML]: NEI: Forced tag update with reason (getDamage) for 1xitem.nebulaLegs@0(ab.common.item.equipment.armor.ItemNebulaLegs@49cfb519)
[21:02:09] [ForkJoinPool.commonPool-worker-13/WARN] [FML]: NEI: Forced tag update with reason (getDamage) for 1xitem.nebulaBoots@0(ab.common.item.equipment.armor.ItemNebulaBoots@6ef8597)
[21:02:09] [ForkJoinPool.commonPool-worker-13/WARN] [FML]: NEI: Forced tag update with reason (getDamage) for 1xitem.nebulaHelmRevealing@0(ab.common.item.equipment.armor.ItemNebulaHelmRevealing@6ff9ca19)
[21:02:09] [ForkJoinPool.commonPool-worker-13/WARN] [FML]: NEI: Forced tag update with reason (showDurabilityBar) for 1xitem.wirelessCraftingTerminal@0(ItemWirelessCraftingTerminal)
[21:02:09] [ForkJoinPool.commonPool-worker-13/WARN] [FML]: NEI: Forced tag update with reason (getDigSpeed) for 1xitem.boundPickaxe@0(WayofTime.alchemicalWizardry.common.items.BoundPickaxe@178dd5c8)
[21:02:09] [ForkJoinPool.commonPool-worker-13/WARN] [FML]: NEI: Forced tag update with reason (getDigSpeed) for 1xitem.boundAxe@0(WayofTime.alchemicalWizardry.common.items.BoundAxe@53831806)
[21:02:09] [ForkJoinPool.commonPool-worker-13/WARN] [FML]: NEI: Forced tag update with reason (getDigSpeed) for 1xitem.boundShovel@0(WayofTime.alchemicalWizardry.common.items.BoundShovel@7c72bb8c)
[21:02:09] [ForkJoinPool.commonPool-worker-13/WARN] [FML]: NEI: Forced tag update with reason (getToolClasses) for 1xitem.multiTool@0(WayofTime.alchemicalWizardry.api.items.ItemSpellMultiTool@6e7eeafe)
[21:02:09] [ForkJoinPool.commonPool-worker-13/WARN] [FML]: NEI: Forced tag update with reason (getAttributeModifiers) for 1xitem.boundHelmetWater@0(WayofTime.alchemicalWizardry.common.items.armour.OmegaArmourWater@4af591d8)
[21:02:09] [ForkJoinPool.commonPool-worker-13/WARN] [FML]: NEI: Forced tag update with reason (getAttributeModifiers) for 1xitem.boundPlateWater@0(WayofTime.alchemicalWizardry.common.items.armour.OmegaArmourWater@28c50fcb)
[21:02:09] [ForkJoinPool.commonPool-worker-13/WARN] [FML]: NEI: Forced tag update with reason (getAttributeModifiers) for 1xitem.boundLeggingsWater@0(WayofTime.alchemicalWizardry.common.items.armour.OmegaArmourWater@2bef40ec)
[21:02:09] [ForkJoinPool.commonPool-worker-13/WARN] [FML]: NEI: Forced tag update with reason (getAttributeModifiers) for 1xitem.boundBootsWater@0(WayofTime.alchemicalWizardry.common.items.armour.OmegaArmourWater@76e0805b)
[21:02:09] [ForkJoinPool.commonPool-worker-13/WARN] [FML]: NEI: Forced tag update with reason (getAttributeModifiers) for 1xitem.boundHelmetEarth@0(WayofTime.alchemicalWizardry.common.items.armour.OmegaArmourEarth@513facaa)
[21:02:09] [ForkJoinPool.commonPool-worker-13/WARN] [FML]: NEI: Forced tag update with reason (getAttributeModifiers) for 1xitem.boundPlateEarth@0(WayofTime.alchemicalWizardry.common.items.armour.OmegaArmourEarth@1b09c0e2)
[21:02:09] [ForkJoinPool.commonPool-worker-13/WARN] [FML]: NEI: Forced tag update with reason (getAttributeModifiers) for 1xitem.boundLeggingsEarth@0(WayofTime.alchemicalWizardry.common.items.armour.OmegaArmourEarth@281bcf6c)
[21:02:09] [ForkJoinPool.commonPool-worker-13/WARN] [FML]: NEI: Forced tag update with reason (getAttributeModifiers) for 1xitem.boundBootsEarth@0(WayofTime.alchemicalWizardry.common.items.armour.OmegaArmourEarth@3855207f)
[21:02:09] [ForkJoinPool.commonPool-worker-13/WARN] [FML]: NEI: Forced tag update with reason (getAttributeModifiers) for 1xitem.boundHelmetWind@0(WayofTime.alchemicalWizardry.common.items.armour.OmegaArmourWind@6e623be5)
[21:02:09] [ForkJoinPool.commonPool-worker-13/WARN] [FML]: NEI: Forced tag update with reason (getAttributeModifiers) for 1xitem.boundPlateWind@0(WayofTime.alchemicalWizardry.common.items.armour.OmegaArmourWind@b41490)
[21:02:09] [ForkJoinPool.commonPool-worker-13/WARN] [FML]: NEI: Forced tag update with reason (getAttributeModifiers) for 1xitem.boundLeggingsWind@0(WayofTime.alchemicalWizardry.common.items.armour.OmegaArmourWind@73e6e00f)
[21:02:09] [ForkJoinPool.commonPool-worker-13/WARN] [FML]: NEI: Forced tag update with reason (getAttributeModifiers) for 1xitem.boundBootsWind@0(WayofTime.alchemicalWizardry.common.items.armour.OmegaArmourWind@3c3ac4b7)
[21:02:09] [ForkJoinPool.commonPool-worker-13/WARN] [FML]: NEI: Forced tag update with reason (getAttributeModifiers) for 1xitem.boundHelmetFire@0(WayofTime.alchemicalWizardry.common.items.armour.OmegaArmourFire@1a6b15bd)
[21:02:09] [ForkJoinPool.commonPool-worker-13/WARN] [FML]: NEI: Forced tag update with reason (getAttributeModifiers) for 1xitem.boundPlateFire@0(WayofTime.alchemicalWizardry.common.items.armour.OmegaArmourFire@286576d9)
[21:02:09] [ForkJoinPool.commonPool-worker-13/WARN] [FML]: NEI: Forced tag update with reason (getAttributeModifiers) for 1xitem.boundLeggingsFire@0(WayofTime.alchemicalWizardry.common.items.armour.OmegaArmourFire@285e86c6)
[21:02:09] [ForkJoinPool.commonPool-worker-13/WARN] [FML]: NEI: Forced tag update with reason (getAttributeModifiers) for 1xitem.boundBootsFire@0(WayofTime.alchemicalWizardry.common.items.armour.OmegaArmourFire@6864636)
[21:02:09] [ForkJoinPool.commonPool-worker-13/WARN] [FML]: NEI: Forced tag update with reason (isDamaged) for 1xitem.witchery:poppet@0(com.emoniph.witchery.item.ItemPoppet@2450d21a)
[21:02:09] [ForkJoinPool.commonPool-worker-13/WARN] [FML]: NEI: Forced tag update with reason (isDamaged) for 1xitem.witchery:poppet@1(com.emoniph.witchery.item.ItemPoppet@2450d21a)
[21:02:09] [ForkJoinPool.commonPool-worker-13/WARN] [FML]: NEI: Forced tag update with reason (isDamaged) for 1xitem.witchery:poppet@2(com.emoniph.witchery.item.ItemPoppet@2450d21a)
[21:02:09] [ForkJoinPool.commonPool-worker-13/WARN] [FML]: NEI: Forced tag update with reason (isDamaged) for 1xitem.witchery:poppet@3(com.emoniph.witchery.item.ItemPoppet@2450d21a)
[21:02:09] [ForkJoinPool.commonPool-worker-13/WARN] [FML]: NEI: Forced tag update with reason (isDamaged) for 1xitem.witchery:poppet@4(com.emoniph.witchery.item.ItemPoppet@2450d21a)
[21:02:09] [ForkJoinPool.commonPool-worker-13/WARN] [FML]: NEI: Forced tag update with reason (isDamaged) for 1xitem.witchery:poppet@5(com.emoniph.witchery.item.ItemPoppet@2450d21a)
[21:02:09] [ForkJoinPool.commonPool-worker-13/WARN] [FML]: NEI: Forced tag update with reason (isDamaged) for 1xitem.witchery:poppet@6(com.emoniph.witchery.item.ItemPoppet@2450d21a)
[21:02:09] [ForkJoinPool.commonPool-worker-13/WARN] [FML]: NEI: Forced tag update with reason (isDamaged) for 1xitem.witchery:poppet@7(com.emoniph.witchery.item.ItemPoppet@2450d21a)
[21:02:09] [ForkJoinPool.commonPool-worker-13/WARN] [FML]: NEI: Forced tag update with reason (isDamaged) for 1xitem.witchery:poppet@8(com.emoniph.witchery.item.ItemPoppet@2450d21a)
[21:02:09] [ForkJoinPool.commonPool-worker-13/WARN] [FML]: NEI: Forced tag update with reason (isDamaged) for 1xitem.witchery:poppet@9(com.emoniph.witchery.item.ItemPoppet@2450d21a)
[21:02:09] [ForkJoinPool.commonPool-worker-13/WARN] [FML]: NEI: Forced tag update with reason (isDamaged) for 1xitem.witchery:poppet@10(com.emoniph.witchery.item.ItemPoppet@2450d21a)
[21:02:09] [ForkJoinPool.commonPool-worker-13/WARN] [FML]: NEI: Forced tag update with reason (isDamaged) for 1xitem.witchery:poppet@11(com.emoniph.witchery.item.ItemPoppet@2450d21a)
[21:02:09] [ForkJoinPool.commonPool-worker-13/WARN] [FML]: NEI: Forced tag update with reason (getDigSpeed) for 1xitem.draconicevolution:draconicDistructionStaff@0(com.brandon3055.draconicevolution.common.items.tools.DraconicDistructionStaff@187d430d)
[21:02:09] [ForkJoinPool.commonPool-worker-13/WARN] [FML]: NEI: Forced tag update with reason (getDigSpeed) for 1xitem.draconicevolution:draconicPickaxe@0(com.brandon3055.draconicevolution.common.items.tools.DraconicPickaxe@7740349a)
[21:02:09] [ForkJoinPool.commonPool-worker-13/WARN] [FML]: NEI: Forced tag update with reason (getDigSpeed) for 1xitem.draconicevolution:draconicAxe@0(com.brandon3055.draconicevolution.common.items.tools.DraconicAxe@31f8813c)
[21:02:09] [ForkJoinPool.commonPool-worker-13/WARN] [FML]: NEI: Forced tag update with reason (getDigSpeed) for 1xitem.draconicevolution:draconicShovel@0(com.brandon3055.draconicevolution.common.items.tools.DraconicShovel@e4abcc5)
[21:02:09] [ForkJoinPool.commonPool-worker-13/WARN] [FML]: NEI: Forced tag update with reason (getDigSpeed) for 1xitem.draconicevolution:wyvernPickaxe@0(com.brandon3055.draconicevolution.common.items.tools.WyvernPickaxe@1a4be621)
[21:02:09] [ForkJoinPool.commonPool-worker-13/WARN] [FML]: NEI: Forced tag update with reason (getDigSpeed) for 1xitem.draconicevolution:wyvernShovel@0(com.brandon3055.draconicevolution.common.items.tools.WyvernShovel@12325da1)
[21:02:10] [ForkJoinPool.commonPool-worker-13/WARN] [FML]: NEI: Forced tag update with reason (getFluid) for 1xitem.items.boundBloodDrop@0(evilcraft.modcompat.bloodmagic.BoundBloodDrop@13493ba0)
[21:02:10] [ForkJoinPool.commonPool-worker-13/ERROR] [NotEnoughItems]: Removing item: moze_intel.projecte.gameObjs.items.PhilosophersStone@6578ec6b from list.
java.lang.NullPointerException
	at moze_intel.projecte.gameObjs.items.ItemCharge.getCharge(ItemCharge.java:57) ~[ItemCharge.class:?]
	at moze_intel.projecte.gameObjs.items.ItemCharge.getDurabilityForDisplay(ItemCharge.java:30) ~[ItemCharge.class:?]
	at codechicken.nei.ItemList$1.lambda$forceTagCompoundInitialization$6(ItemList.java:336) ~[ItemList$1.class:?]
	at codechicken.nei.ItemList$1$$Lambda$1832/2103708464.run(Unknown Source) ~[?:?]
	at codechicken.nei.ItemList$1.runChecked(ItemList.java:310) ~[ItemList$1.class:?]
	at codechicken.nei.ItemList$1.forceTagCompoundInitialization(ItemList.java:336) ~[ItemList$1.class:?]
	at codechicken.nei.ItemList$1.lambda$execute$12(ItemList.java:401) [ItemList$1.class:?]
	at codechicken.nei.ItemList$1$$Lambda$1811/1542615671.accept(Unknown Source) [ItemList$1.class:?]
	at java.util.stream.ForEachOps$ForEachOp$OfRef.accept(ForEachOps.java:184) [?:1.8.0_51]
	at java.util.Spliterators$ArraySpliterator.forEachRemaining(Spliterators.java:948) [?:1.8.0_51]
	at java.util.stream.AbstractPipeline.copyInto(AbstractPipeline.java:512) [?:1.8.0_51]
	at java.util.stream.ForEachOps$ForEachTask.compute(ForEachOps.java:291) [?:1.8.0_51]
	at java.util.concurrent.CountedCompleter.exec(CountedCompleter.java:731) [?:1.8.0_51]
	at java.util.concurrent.ForkJoinTask.doExec(ForkJoinTask.java:289) [?:1.8.0_51]
	at java.util.concurrent.ForkJoinPool$WorkQueue.runTask(ForkJoinPool.java:1056) [?:1.8.0_51]
	at java.util.concurrent.ForkJoinPool.runWorker(ForkJoinPool.java:1689) [?:1.8.0_51]
	at java.util.concurrent.ForkJoinWorkerThread.run(ForkJoinWorkerThread.java:157) [?:1.8.0_51]
[21:02:10] [ForkJoinPool.commonPool-worker-13/WARN] [FML]: NEI: Forced tag update with reason (getDurabilityForDisplay) for 1xitem.pe_klein_star@0(moze_intel.projecte.gameObjs.items.KleinStar@4b6c672d)
[21:02:10] [ForkJoinPool.commonPool-worker-13/WARN] [FML]: NEI: Forced tag update with reason (getDurabilityForDisplay) for 1xitem.pe_klein_star@1(moze_intel.projecte.gameObjs.items.KleinStar@4b6c672d)
[21:02:10] [ForkJoinPool.commonPool-worker-13/WARN] [FML]: NEI: Forced tag update with reason (getDurabilityForDisplay) for 1xitem.pe_klein_star@2(moze_intel.projecte.gameObjs.items.KleinStar@4b6c672d)
[21:02:10] [ForkJoinPool.commonPool-worker-13/WARN] [FML]: NEI: Forced tag update with reason (getDurabilityForDisplay) for 1xitem.pe_klein_star@3(moze_intel.projecte.gameObjs.items.KleinStar@4b6c672d)
[21:02:10] [ForkJoinPool.commonPool-worker-13/WARN] [FML]: NEI: Forced tag update with reason (getDurabilityForDisplay) for 1xitem.pe_klein_star@4(moze_intel.projecte.gameObjs.items.KleinStar@4b6c672d)
[21:02:10] [ForkJoinPool.commonPool-worker-13/WARN] [FML]: NEI: Forced tag update with reason (getDurabilityForDisplay) for 1xitem.pe_klein_star@5(moze_intel.projecte.gameObjs.items.KleinStar@4b6c672d)
[21:02:10] [ForkJoinPool.commonPool-worker-13/ERROR] [NotEnoughItems]: Removing item: moze_intel.projecte.gameObjs.items.tools.DarkPick@5bf964b4 from list.
java.lang.NullPointerException
	at moze_intel.projecte.gameObjs.items.ItemCharge.getCharge(ItemCharge.java:57) ~[ItemCharge.class:?]
	at moze_intel.projecte.gameObjs.items.ItemCharge.getDurabilityForDisplay(ItemCharge.java:30) ~[ItemCharge.class:?]
	at codechicken.nei.ItemList$1.lambda$forceTagCompoundInitialization$6(ItemList.java:336) ~[ItemList$1.class:?]
	at codechicken.nei.ItemList$1$$Lambda$1832/2103708464.run(Unknown Source) ~[?:?]
	at codechicken.nei.ItemList$1.runChecked(ItemList.java:310) ~[ItemList$1.class:?]
	at codechicken.nei.ItemList$1.forceTagCompoundInitialization(ItemList.java:336) ~[ItemList$1.class:?]
	at codechicken.nei.ItemList$1.lambda$execute$12(ItemList.java:401) [ItemList$1.class:?]
	at codechicken.nei.ItemList$1$$Lambda$1811/1542615671.accept(Unknown Source) [ItemList$1.class:?]
	at java.util.stream.ForEachOps$ForEachOp$OfRef.accept(ForEachOps.java:184) [?:1.8.0_51]
	at java.util.Spliterators$ArraySpliterator.forEachRemaining(Spliterators.java:948) [?:1.8.0_51]
	at java.util.stream.AbstractPipeline.copyInto(AbstractPipeline.java:512) [?:1.8.0_51]
	at java.util.stream.ForEachOps$ForEachTask.compute(ForEachOps.java:291) [?:1.8.0_51]
	at java.util.concurrent.CountedCompleter.exec(CountedCompleter.java:731) [?:1.8.0_51]
	at java.util.concurrent.ForkJoinTask.doExec(ForkJoinTask.java:289) [?:1.8.0_51]
	at java.util.concurrent.ForkJoinPool$WorkQueue.runTask(ForkJoinPool.java:1056) [?:1.8.0_51]
	at java.util.concurrent.ForkJoinPool.runWorker(ForkJoinPool.java:1689) [?:1.8.0_51]
	at java.util.concurrent.ForkJoinWorkerThread.run(ForkJoinWorkerThread.java:157) [?:1.8.0_51]
[21:02:10] [ForkJoinPool.commonPool-worker-13/ERROR] [NotEnoughItems]: Removing item: moze_intel.projecte.gameObjs.items.tools.DarkAxe@1c678f6d from list.
java.lang.NullPointerException
	at moze_intel.projecte.gameObjs.items.ItemCharge.getCharge(ItemCharge.java:57) ~[ItemCharge.class:?]
	at moze_intel.projecte.gameObjs.items.ItemCharge.getDurabilityForDisplay(ItemCharge.java:30) ~[ItemCharge.class:?]
	at codechicken.nei.ItemList$1.lambda$forceTagCompoundInitialization$6(ItemList.java:336) ~[ItemList$1.class:?]
	at codechicken.nei.ItemList$1$$Lambda$1832/2103708464.run(Unknown Source) ~[?:?]
	at codechicken.nei.ItemList$1.runChecked(ItemList.java:310) ~[ItemList$1.class:?]
	at codechicken.nei.ItemList$1.forceTagCompoundInitialization(ItemList.java:336) ~[ItemList$1.class:?]
	at codechicken.nei.ItemList$1.lambda$execute$12(ItemList.java:401) [ItemList$1.class:?]
	at codechicken.nei.ItemList$1$$Lambda$1811/1542615671.accept(Unknown Source) [ItemList$1.class:?]
	at java.util.stream.ForEachOps$ForEachOp$OfRef.accept(ForEachOps.java:184) [?:1.8.0_51]
	at java.util.Spliterators$ArraySpliterator.forEachRemaining(Spliterators.java:948) [?:1.8.0_51]
	at java.util.stream.AbstractPipeline.copyInto(AbstractPipeline.java:512) [?:1.8.0_51]
	at java.util.stream.ForEachOps$ForEachTask.compute(ForEachOps.java:291) [?:1.8.0_51]
	at java.util.concurrent.CountedCompleter.exec(CountedCompleter.java:731) [?:1.8.0_51]
	at java.util.concurrent.ForkJoinTask.doExec(ForkJoinTask.java:289) [?:1.8.0_51]
	at java.util.concurrent.ForkJoinPool$WorkQueue.runTask(ForkJoinPool.java:1056) [?:1.8.0_51]
	at java.util.concurrent.ForkJoinPool.runWorker(ForkJoinPool.java:1689) [?:1.8.0_51]
	at java.util.concurrent.ForkJoinWorkerThread.run(ForkJoinWorkerThread.java:157) [?:1.8.0_51]
[21:02:10] [ForkJoinPool.commonPool-worker-13/ERROR] [NotEnoughItems]: Removing item: moze_intel.projecte.gameObjs.items.tools.DarkShovel@789cf8cb from list.
java.lang.NullPointerException
	at moze_intel.projecte.gameObjs.items.ItemCharge.getCharge(ItemCharge.java:57) ~[ItemCharge.class:?]
	at moze_intel.projecte.gameObjs.items.ItemCharge.getDurabilityForDisplay(ItemCharge.java:30) ~[ItemCharge.class:?]
	at codechicken.nei.ItemList$1.lambda$forceTagCompoundInitialization$6(ItemList.java:336) ~[ItemList$1.class:?]
	at codechicken.nei.ItemList$1$$Lambda$1832/2103708464.run(Unknown Source) ~[?:?]
	at codechicken.nei.ItemList$1.runChecked(ItemList.java:310) ~[ItemList$1.class:?]
	at codechicken.nei.ItemList$1.forceTagCompoundInitialization(ItemList.java:336) ~[ItemList$1.class:?]
	at codechicken.nei.ItemList$1.lambda$execute$12(ItemList.java:401) [ItemList$1.class:?]
	at codechicken.nei.ItemList$1$$Lambda$1811/1542615671.accept(Unknown Source) [ItemList$1.class:?]
	at java.util.stream.ForEachOps$ForEachOp$OfRef.accept(ForEachOps.java:184) [?:1.8.0_51]
	at java.util.Spliterators$ArraySpliterator.forEachRemaining(Spliterators.java:948) [?:1.8.0_51]
	at java.util.stream.AbstractPipeline.copyInto(AbstractPipeline.java:512) [?:1.8.0_51]
	at java.util.stream.ForEachOps$ForEachTask.compute(ForEachOps.java:291) [?:1.8.0_51]
	at java.util.concurrent.CountedCompleter.exec(CountedCompleter.java:731) [?:1.8.0_51]
	at java.util.concurrent.ForkJoinTask.doExec(ForkJoinTask.java:289) [?:1.8.0_51]
	at java.util.concurrent.ForkJoinPool$WorkQueue.runTask(ForkJoinPool.java:1056) [?:1.8.0_51]
	at java.util.concurrent.ForkJoinPool.runWorker(ForkJoinPool.java:1689) [?:1.8.0_51]
	at java.util.concurrent.ForkJoinWorkerThread.run(ForkJoinWorkerThread.java:157) [?:1.8.0_51]
[21:02:10] [ForkJoinPool.commonPool-worker-13/ERROR] [NotEnoughItems]: Removing item: moze_intel.projecte.gameObjs.items.tools.DarkSword@2acdf43e from list.
java.lang.NullPointerException
	at moze_intel.projecte.gameObjs.items.ItemCharge.getCharge(ItemCharge.java:57) ~[ItemCharge.class:?]
	at moze_intel.projecte.gameObjs.items.ItemCharge.getDurabilityForDisplay(ItemCharge.java:30) ~[ItemCharge.class:?]
	at codechicken.nei.ItemList$1.lambda$forceTagCompoundInitialization$6(ItemList.java:336) ~[ItemList$1.class:?]
	at codechicken.nei.ItemList$1$$Lambda$1832/2103708464.run(Unknown Source) ~[?:?]
	at codechicken.nei.ItemList$1.runChecked(ItemList.java:310) ~[ItemList$1.class:?]
	at codechicken.nei.ItemList$1.forceTagCompoundInitialization(ItemList.java:336) ~[ItemList$1.class:?]
	at codechicken.nei.ItemList$1.lambda$execute$12(ItemList.java:401) [ItemList$1.class:?]
	at codechicken.nei.ItemList$1$$Lambda$1811/1542615671.accept(Unknown Source) [ItemList$1.class:?]
	at java.util.stream.ForEachOps$ForEachOp$OfRef.accept(ForEachOps.java:184) [?:1.8.0_51]
	at java.util.Spliterators$ArraySpliterator.forEachRemaining(Spliterators.java:948) [?:1.8.0_51]
	at java.util.stream.AbstractPipeline.copyInto(AbstractPipeline.java:512) [?:1.8.0_51]
	at java.util.stream.ForEachOps$ForEachTask.compute(ForEachOps.java:291) [?:1.8.0_51]
	at java.util.concurrent.CountedCompleter.exec(CountedCompleter.java:731) [?:1.8.0_51]
	at java.util.concurrent.ForkJoinTask.doExec(ForkJoinTask.java:289) [?:1.8.0_51]
	at java.util.concurrent.ForkJoinPool$WorkQueue.runTask(ForkJoinPool.java:1056) [?:1.8.0_51]
	at java.util.concurrent.ForkJoinPool.runWorker(ForkJoinPool.java:1689) [?:1.8.0_51]
	at java.util.concurrent.ForkJoinWorkerThread.run(ForkJoinWorkerThread.java:157) [?:1.8.0_51]
[21:02:10] [ForkJoinPool.commonPool-worker-13/ERROR] [NotEnoughItems]: Removing item: moze_intel.projecte.gameObjs.items.tools.DarkHoe@3a81e917 from list.
java.lang.NullPointerException
	at moze_intel.projecte.gameObjs.items.ItemCharge.getCharge(ItemCharge.java:57) ~[ItemCharge.class:?]
	at moze_intel.projecte.gameObjs.items.ItemCharge.getDurabilityForDisplay(ItemCharge.java:30) ~[ItemCharge.class:?]
	at codechicken.nei.ItemList$1.lambda$forceTagCompoundInitialization$6(ItemList.java:336) ~[ItemList$1.class:?]
	at codechicken.nei.ItemList$1$$Lambda$1832/2103708464.run(Unknown Source) ~[?:?]
	at codechicken.nei.ItemList$1.runChecked(ItemList.java:310) ~[ItemList$1.class:?]
	at codechicken.nei.ItemList$1.forceTagCompoundInitialization(ItemList.java:336) ~[ItemList$1.class:?]
	at codechicken.nei.ItemList$1.lambda$execute$12(ItemList.java:401) [ItemList$1.class:?]
	at codechicken.nei.ItemList$1$$Lambda$1811/1542615671.accept(Unknown Source) [ItemList$1.class:?]
	at java.util.stream.ForEachOps$ForEachOp$OfRef.accept(ForEachOps.java:184) [?:1.8.0_51]
	at java.util.Spliterators$ArraySpliterator.forEachRemaining(Spliterators.java:948) [?:1.8.0_51]
	at java.util.stream.AbstractPipeline.copyInto(AbstractPipeline.java:512) [?:1.8.0_51]
	at java.util.stream.ForEachOps$ForEachTask.compute(ForEachOps.java:291) [?:1.8.0_51]
	at java.util.concurrent.CountedCompleter.exec(CountedCompleter.java:731) [?:1.8.0_51]
	at java.util.concurrent.ForkJoinTask.doExec(ForkJoinTask.java:289) [?:1.8.0_51]
	at java.util.concurrent.ForkJoinPool$WorkQueue.runTask(ForkJoinPool.java:1056) [?:1.8.0_51]
	at java.util.concurrent.ForkJoinPool.runWorker(ForkJoinPool.java:1689) [?:1.8.0_51]
	at java.util.concurrent.ForkJoinWorkerThread.run(ForkJoinWorkerThread.java:157) [?:1.8.0_51]
[21:02:10] [ForkJoinPool.commonPool-worker-13/ERROR] [NotEnoughItems]: Removing item: moze_intel.projecte.gameObjs.items.tools.DarkShears@1abd05cd from list.
java.lang.NullPointerException
	at moze_intel.projecte.gameObjs.items.ItemCharge.getCharge(ItemCharge.java:57) ~[ItemCharge.class:?]
	at moze_intel.projecte.gameObjs.items.ItemCharge.getDurabilityForDisplay(ItemCharge.java:30) ~[ItemCharge.class:?]
	at codechicken.nei.ItemList$1.lambda$forceTagCompoundInitialization$6(ItemList.java:336) ~[ItemList$1.class:?]
	at codechicken.nei.ItemList$1$$Lambda$1832/2103708464.run(Unknown Source) ~[?:?]
	at codechicken.nei.ItemList$1.runChecked(ItemList.java:310) ~[ItemList$1.class:?]
	at codechicken.nei.ItemList$1.forceTagCompoundInitialization(ItemList.java:336) ~[ItemList$1.class:?]
	at codechicken.nei.ItemList$1.lambda$execute$12(ItemList.java:401) [ItemList$1.class:?]
	at codechicken.nei.ItemList$1$$Lambda$1811/1542615671.accept(Unknown Source) [ItemList$1.class:?]
	at java.util.stream.ForEachOps$ForEachOp$OfRef.accept(ForEachOps.java:184) [?:1.8.0_51]
	at java.util.Spliterators$ArraySpliterator.forEachRemaining(Spliterators.java:948) [?:1.8.0_51]
	at java.util.stream.AbstractPipeline.copyInto(AbstractPipeline.java:512) [?:1.8.0_51]
	at java.util.stream.ForEachOps$ForEachTask.compute(ForEachOps.java:291) [?:1.8.0_51]
	at java.util.concurrent.CountedCompleter.exec(CountedCompleter.java:731) [?:1.8.0_51]
	at java.util.concurrent.ForkJoinTask.doExec(ForkJoinTask.java:289) [?:1.8.0_51]
	at java.util.concurrent.ForkJoinPool$WorkQueue.runTask(ForkJoinPool.java:1056) [?:1.8.0_51]
	at java.util.concurrent.ForkJoinPool.runWorker(ForkJoinPool.java:1689) [?:1.8.0_51]
	at java.util.concurrent.ForkJoinWorkerThread.run(ForkJoinWorkerThread.java:157) [?:1.8.0_51]
[21:02:10] [ForkJoinPool.commonPool-worker-13/ERROR] [NotEnoughItems]: Removing item: moze_intel.projecte.gameObjs.items.tools.DarkHammer@578ecf1 from list.
java.lang.NullPointerException
	at moze_intel.projecte.gameObjs.items.ItemCharge.getCharge(ItemCharge.java:57) ~[ItemCharge.class:?]
	at moze_intel.projecte.gameObjs.items.ItemCharge.getDurabilityForDisplay(ItemCharge.java:30) ~[ItemCharge.class:?]
	at codechicken.nei.ItemList$1.lambda$forceTagCompoundInitialization$6(ItemList.java:336) ~[ItemList$1.class:?]
	at codechicken.nei.ItemList$1$$Lambda$1832/2103708464.run(Unknown Source) ~[?:?]
	at codechicken.nei.ItemList$1.runChecked(ItemList.java:310) ~[ItemList$1.class:?]
	at codechicken.nei.ItemList$1.forceTagCompoundInitialization(ItemList.java:336) ~[ItemList$1.class:?]
	at codechicken.nei.ItemList$1.lambda$execute$12(ItemList.java:401) [ItemList$1.class:?]
	at codechicken.nei.ItemList$1$$Lambda$1811/1542615671.accept(Unknown Source) [ItemList$1.class:?]
	at java.util.stream.ForEachOps$ForEachOp$OfRef.accept(ForEachOps.java:184) [?:1.8.0_51]
	at java.util.Spliterators$ArraySpliterator.forEachRemaining(Spliterators.java:948) [?:1.8.0_51]
	at java.util.stream.AbstractPipeline.copyInto(AbstractPipeline.java:512) [?:1.8.0_51]
	at java.util.stream.ForEachOps$ForEachTask.compute(ForEachOps.java:291) [?:1.8.0_51]
	at java.util.concurrent.CountedCompleter.exec(CountedCompleter.java:731) [?:1.8.0_51]
	at java.util.concurrent.ForkJoinTask.doExec(ForkJoinTask.java:289) [?:1.8.0_51]
	at java.util.concurrent.ForkJoinPool$WorkQueue.runTask(ForkJoinPool.java:1056) [?:1.8.0_51]
	at java.util.concurrent.ForkJoinPool.runWorker(ForkJoinPool.java:1689) [?:1.8.0_51]
	at java.util.concurrent.ForkJoinWorkerThread.run(ForkJoinWorkerThread.java:157) [?:1.8.0_51]
[21:02:10] [ForkJoinPool.commonPool-worker-13/ERROR] [NotEnoughItems]: Removing item: moze_intel.projecte.gameObjs.items.tools.RedPick@40518464 from list.
java.lang.NullPointerException
	at moze_intel.projecte.gameObjs.items.ItemCharge.getCharge(ItemCharge.java:57) ~[ItemCharge.class:?]
	at moze_intel.projecte.gameObjs.items.ItemCharge.getDurabilityForDisplay(ItemCharge.java:30) ~[ItemCharge.class:?]
	at codechicken.nei.ItemList$1.lambda$forceTagCompoundInitialization$6(ItemList.java:336) ~[ItemList$1.class:?]
	at codechicken.nei.ItemList$1$$Lambda$1832/2103708464.run(Unknown Source) ~[?:?]
	at codechicken.nei.ItemList$1.runChecked(ItemList.java:310) ~[ItemList$1.class:?]
	at codechicken.nei.ItemList$1.forceTagCompoundInitialization(ItemList.java:336) ~[ItemList$1.class:?]
	at codechicken.nei.ItemList$1.lambda$execute$12(ItemList.java:401) [ItemList$1.class:?]
	at codechicken.nei.ItemList$1$$Lambda$1811/1542615671.accept(Unknown Source) [ItemList$1.class:?]
	at java.util.stream.ForEachOps$ForEachOp$OfRef.accept(ForEachOps.java:184) [?:1.8.0_51]
	at java.util.Spliterators$ArraySpliterator.forEachRemaining(Spliterators.java:948) [?:1.8.0_51]
	at java.util.stream.AbstractPipeline.copyInto(AbstractPipeline.java:512) [?:1.8.0_51]
	at java.util.stream.ForEachOps$ForEachTask.compute(ForEachOps.java:291) [?:1.8.0_51]
	at java.util.concurrent.CountedCompleter.exec(CountedCompleter.java:731) [?:1.8.0_51]
	at java.util.concurrent.ForkJoinTask.doExec(ForkJoinTask.java:289) [?:1.8.0_51]
	at java.util.concurrent.ForkJoinPool$WorkQueue.runTask(ForkJoinPool.java:1056) [?:1.8.0_51]
	at java.util.concurrent.ForkJoinPool.runWorker(ForkJoinPool.java:1689) [?:1.8.0_51]
	at java.util.concurrent.ForkJoinWorkerThread.run(ForkJoinWorkerThread.java:157) [?:1.8.0_51]
[21:02:10] [ForkJoinPool.commonPool-worker-13/ERROR] [NotEnoughItems]: Removing item: moze_intel.projecte.gameObjs.items.tools.RedAxe@752d1428 from list.
java.lang.NullPointerException
	at moze_intel.projecte.gameObjs.items.ItemCharge.getCharge(ItemCharge.java:57) ~[ItemCharge.class:?]
	at moze_intel.projecte.gameObjs.items.ItemCharge.getDurabilityForDisplay(ItemCharge.java:30) ~[ItemCharge.class:?]
	at codechicken.nei.ItemList$1.lambda$forceTagCompoundInitialization$6(ItemList.java:336) ~[ItemList$1.class:?]
	at codechicken.nei.ItemList$1$$Lambda$1832/2103708464.run(Unknown Source) ~[?:?]
	at codechicken.nei.ItemList$1.runChecked(ItemList.java:310) ~[ItemList$1.class:?]
	at codechicken.nei.ItemList$1.forceTagCompoundInitialization(ItemList.java:336) ~[ItemList$1.class:?]
	at codechicken.nei.ItemList$1.lambda$execute$12(ItemList.java:401) [ItemList$1.class:?]
	at codechicken.nei.ItemList$1$$Lambda$1811/1542615671.accept(Unknown Source) [ItemList$1.class:?]
	at java.util.stream.ForEachOps$ForEachOp$OfRef.accept(ForEachOps.java:184) [?:1.8.0_51]
	at java.util.Spliterators$ArraySpliterator.forEachRemaining(Spliterators.java:948) [?:1.8.0_51]
	at java.util.stream.AbstractPipeline.copyInto(AbstractPipeline.java:512) [?:1.8.0_51]
	at java.util.stream.ForEachOps$ForEachTask.compute(ForEachOps.java:291) [?:1.8.0_51]
	at java.util.concurrent.CountedCompleter.exec(CountedCompleter.java:731) [?:1.8.0_51]
	at java.util.concurrent.ForkJoinTask.doExec(ForkJoinTask.java:289) [?:1.8.0_51]
	at java.util.concurrent.ForkJoinPool$WorkQueue.runTask(ForkJoinPool.java:1056) [?:1.8.0_51]
	at java.util.concurrent.ForkJoinPool.runWorker(ForkJoinPool.java:1689) [?:1.8.0_51]
	at java.util.concurrent.ForkJoinWorkerThread.run(ForkJoinWorkerThread.java:157) [?:1.8.0_51]
[21:02:10] [ForkJoinPool.commonPool-worker-13/ERROR] [NotEnoughItems]: Removing item: moze_intel.projecte.gameObjs.items.tools.RedShovel@7ccf42d from list.
java.lang.NullPointerException
	at moze_intel.projecte.gameObjs.items.ItemCharge.getCharge(ItemCharge.java:57) ~[ItemCharge.class:?]
	at moze_intel.projecte.gameObjs.items.ItemCharge.getDurabilityForDisplay(ItemCharge.java:30) ~[ItemCharge.class:?]
	at codechicken.nei.ItemList$1.lambda$forceTagCompoundInitialization$6(ItemList.java:336) ~[ItemList$1.class:?]
	at codechicken.nei.ItemList$1$$Lambda$1832/2103708464.run(Unknown Source) ~[?:?]
	at codechicken.nei.ItemList$1.runChecked(ItemList.java:310) ~[ItemList$1.class:?]
	at codechicken.nei.ItemList$1.forceTagCompoundInitialization(ItemList.java:336) ~[ItemList$1.class:?]
	at codechicken.nei.ItemList$1.lambda$execute$12(ItemList.java:401) [ItemList$1.class:?]
	at codechicken.nei.ItemList$1$$Lambda$1811/1542615671.accept(Unknown Source) [ItemList$1.class:?]
	at java.util.stream.ForEachOps$ForEachOp$OfRef.accept(ForEachOps.java:184) [?:1.8.0_51]
	at java.util.Spliterators$ArraySpliterator.forEachRemaining(Spliterators.java:948) [?:1.8.0_51]
	at java.util.stream.AbstractPipeline.copyInto(AbstractPipeline.java:512) [?:1.8.0_51]
	at java.util.stream.ForEachOps$ForEachTask.compute(ForEachOps.java:291) [?:1.8.0_51]
	at java.util.concurrent.CountedCompleter.exec(CountedCompleter.java:731) [?:1.8.0_51]
	at java.util.concurrent.ForkJoinTask.doExec(ForkJoinTask.java:289) [?:1.8.0_51]
	at java.util.concurrent.ForkJoinPool$WorkQueue.runTask(ForkJoinPool.java:1056) [?:1.8.0_51]
	at java.util.concurrent.ForkJoinPool.runWorker(ForkJoinPool.java:1689) [?:1.8.0_51]
	at java.util.concurrent.ForkJoinWorkerThread.run(ForkJoinWorkerThread.java:157) [?:1.8.0_51]
[21:02:10] [ForkJoinPool.commonPool-worker-13/ERROR] [NotEnoughItems]: Removing item: moze_intel.projecte.gameObjs.items.tools.RedSword@45119f41 from list.
java.lang.NullPointerException
	at moze_intel.projecte.gameObjs.items.ItemCharge.getCharge(ItemCharge.java:57) ~[ItemCharge.class:?]
	at moze_intel.projecte.gameObjs.items.ItemCharge.getDurabilityForDisplay(ItemCharge.java:30) ~[ItemCharge.class:?]
	at codechicken.nei.ItemList$1.lambda$forceTagCompoundInitialization$6(ItemList.java:336) ~[ItemList$1.class:?]
	at codechicken.nei.ItemList$1$$Lambda$1832/2103708464.run(Unknown Source) ~[?:?]
	at codechicken.nei.ItemList$1.runChecked(ItemList.java:310) ~[ItemList$1.class:?]
	at codechicken.nei.ItemList$1.forceTagCompoundInitialization(ItemList.java:336) ~[ItemList$1.class:?]
	at codechicken.nei.ItemList$1.lambda$execute$12(ItemList.java:401) [ItemList$1.class:?]
	at codechicken.nei.ItemList$1$$Lambda$1811/1542615671.accept(Unknown Source) [ItemList$1.class:?]
	at java.util.stream.ForEachOps$ForEachOp$OfRef.accept(ForEachOps.java:184) [?:1.8.0_51]
	at java.util.Spliterators$ArraySpliterator.forEachRemaining(Spliterators.java:948) [?:1.8.0_51]
	at java.util.stream.AbstractPipeline.copyInto(AbstractPipeline.java:512) [?:1.8.0_51]
	at java.util.stream.ForEachOps$ForEachTask.compute(ForEachOps.java:291) [?:1.8.0_51]
	at java.util.concurrent.CountedCompleter.exec(CountedCompleter.java:731) [?:1.8.0_51]
	at java.util.concurrent.ForkJoinTask.doExec(ForkJoinTask.java:289) [?:1.8.0_51]
	at java.util.concurrent.ForkJoinPool$WorkQueue.runTask(ForkJoinPool.java:1056) [?:1.8.0_51]
	at java.util.concurrent.ForkJoinPool.runWorker(ForkJoinPool.java:1689) [?:1.8.0_51]
	at java.util.concurrent.ForkJoinWorkerThread.run(ForkJoinWorkerThread.java:157) [?:1.8.0_51]
[21:02:10] [ForkJoinPool.commonPool-worker-13/ERROR] [NotEnoughItems]: Removing item: moze_intel.projecte.gameObjs.items.tools.RedHoe@9af4123 from list.
java.lang.NullPointerException
	at moze_intel.projecte.gameObjs.items.ItemCharge.getCharge(ItemCharge.java:57) ~[ItemCharge.class:?]
	at moze_intel.projecte.gameObjs.items.ItemCharge.getDurabilityForDisplay(ItemCharge.java:30) ~[ItemCharge.class:?]
	at codechicken.nei.ItemList$1.lambda$forceTagCompoundInitialization$6(ItemList.java:336) ~[ItemList$1.class:?]
	at codechicken.nei.ItemList$1$$Lambda$1832/2103708464.run(Unknown Source) ~[?:?]
	at codechicken.nei.ItemList$1.runChecked(ItemList.java:310) ~[ItemList$1.class:?]
	at codechicken.nei.ItemList$1.forceTagCompoundInitialization(ItemList.java:336) ~[ItemList$1.class:?]
	at codechicken.nei.ItemList$1.lambda$execute$12(ItemList.java:401) [ItemList$1.class:?]
	at codechicken.nei.ItemList$1$$Lambda$1811/1542615671.accept(Unknown Source) [ItemList$1.class:?]
	at java.util.stream.ForEachOps$ForEachOp$OfRef.accept(ForEachOps.java:184) [?:1.8.0_51]
	at java.util.Spliterators$ArraySpliterator.forEachRemaining(Spliterators.java:948) [?:1.8.0_51]
	at java.util.stream.AbstractPipeline.copyInto(AbstractPipeline.java:512) [?:1.8.0_51]
	at java.util.stream.ForEachOps$ForEachTask.compute(ForEachOps.java:291) [?:1.8.0_51]
	at java.util.concurrent.CountedCompleter.exec(CountedCompleter.java:731) [?:1.8.0_51]
	at java.util.concurrent.ForkJoinTask.doExec(ForkJoinTask.java:289) [?:1.8.0_51]
	at java.util.concurrent.ForkJoinPool$WorkQueue.runTask(ForkJoinPool.java:1056) [?:1.8.0_51]
	at java.util.concurrent.ForkJoinPool.runWorker(ForkJoinPool.java:1689) [?:1.8.0_51]
	at java.util.concurrent.ForkJoinWorkerThread.run(ForkJoinWorkerThread.java:157) [?:1.8.0_51]
[21:02:10] [ForkJoinPool.commonPool-worker-13/ERROR] [NotEnoughItems]: Removing item: moze_intel.projecte.gameObjs.items.tools.RedShears@14be886a from list.
java.lang.NullPointerException
	at moze_intel.projecte.gameObjs.items.ItemCharge.getCharge(ItemCharge.java:57) ~[ItemCharge.class:?]
	at moze_intel.projecte.gameObjs.items.ItemCharge.getDurabilityForDisplay(ItemCharge.java:30) ~[ItemCharge.class:?]
	at codechicken.nei.ItemList$1.lambda$forceTagCompoundInitialization$6(ItemList.java:336) ~[ItemList$1.class:?]
	at codechicken.nei.ItemList$1$$Lambda$1832/2103708464.run(Unknown Source) ~[?:?]
	at codechicken.nei.ItemList$1.runChecked(ItemList.java:310) ~[ItemList$1.class:?]
	at codechicken.nei.ItemList$1.forceTagCompoundInitialization(ItemList.java:336) ~[ItemList$1.class:?]
	at codechicken.nei.ItemList$1.lambda$execute$12(ItemList.java:401) [ItemList$1.class:?]
	at codechicken.nei.ItemList$1$$Lambda$1811/1542615671.accept(Unknown Source) [ItemList$1.class:?]
	at java.util.stream.ForEachOps$ForEachOp$OfRef.accept(ForEachOps.java:184) [?:1.8.0_51]
	at java.util.Spliterators$ArraySpliterator.forEachRemaining(Spliterators.java:948) [?:1.8.0_51]
	at java.util.stream.AbstractPipeline.copyInto(AbstractPipeline.java:512) [?:1.8.0_51]
	at java.util.stream.ForEachOps$ForEachTask.compute(ForEachOps.java:291) [?:1.8.0_51]
	at java.util.concurrent.CountedCompleter.exec(CountedCompleter.java:731) [?:1.8.0_51]
	at java.util.concurrent.ForkJoinTask.doExec(ForkJoinTask.java:289) [?:1.8.0_51]
	at java.util.concurrent.ForkJoinPool$WorkQueue.runTask(ForkJoinPool.java:1056) [?:1.8.0_51]
	at java.util.concurrent.ForkJoinPool.runWorker(ForkJoinPool.java:1689) [?:1.8.0_51]
	at java.util.concurrent.ForkJoinWorkerThread.run(ForkJoinWorkerThread.java:157) [?:1.8.0_51]
[21:02:10] [ForkJoinPool.commonPool-worker-13/ERROR] [NotEnoughItems]: Removing item: moze_intel.projecte.gameObjs.items.tools.RedHammer@74337b4c from list.
java.lang.NullPointerException
	at moze_intel.projecte.gameObjs.items.ItemCharge.getCharge(ItemCharge.java:57) ~[ItemCharge.class:?]
	at moze_intel.projecte.gameObjs.items.ItemCharge.getDurabilityForDisplay(ItemCharge.java:30) ~[ItemCharge.class:?]
	at codechicken.nei.ItemList$1.lambda$forceTagCompoundInitialization$6(ItemList.java:336) ~[ItemList$1.class:?]
	at codechicken.nei.ItemList$1$$Lambda$1832/2103708464.run(Unknown Source) ~[?:?]
	at codechicken.nei.ItemList$1.runChecked(ItemList.java:310) ~[ItemList$1.class:?]
	at codechicken.nei.ItemList$1.forceTagCompoundInitialization(ItemList.java:336) ~[ItemList$1.class:?]
	at codechicken.nei.ItemList$1.lambda$execute$12(ItemList.java:401) [ItemList$1.class:?]
	at codechicken.nei.ItemList$1$$Lambda$1811/1542615671.accept(Unknown Source) [ItemList$1.class:?]
	at java.util.stream.ForEachOps$ForEachOp$OfRef.accept(ForEachOps.java:184) [?:1.8.0_51]
	at java.util.Spliterators$ArraySpliterator.forEachRemaining(Spliterators.java:948) [?:1.8.0_51]
	at java.util.stream.AbstractPipeline.copyInto(AbstractPipeline.java:512) [?:1.8.0_51]
	at java.util.stream.ForEachOps$ForEachTask.compute(ForEachOps.java:291) [?:1.8.0_51]
	at java.util.concurrent.CountedCompleter.exec(CountedCompleter.java:731) [?:1.8.0_51]
	at java.util.concurrent.ForkJoinTask.doExec(ForkJoinTask.java:289) [?:1.8.0_51]
	at java.util.concurrent.ForkJoinPool$WorkQueue.runTask(ForkJoinPool.java:1056) [?:1.8.0_51]
	at java.util.concurrent.ForkJoinPool.runWorker(ForkJoinPool.java:1689) [?:1.8.0_51]
	at java.util.concurrent.ForkJoinWorkerThread.run(ForkJoinWorkerThread.java:157) [?:1.8.0_51]
[21:02:10] [ForkJoinPool.commonPool-worker-13/ERROR] [NotEnoughItems]: Removing item: moze_intel.projecte.gameObjs.items.tools.RedKatar@3d11191c from list.
java.lang.NullPointerException
	at moze_intel.projecte.gameObjs.items.ItemCharge.getCharge(ItemCharge.java:57) ~[ItemCharge.class:?]
	at moze_intel.projecte.gameObjs.items.ItemCharge.getDurabilityForDisplay(ItemCharge.java:30) ~[ItemCharge.class:?]
	at codechicken.nei.ItemList$1.lambda$forceTagCompoundInitialization$6(ItemList.java:336) ~[ItemList$1.class:?]
	at codechicken.nei.ItemList$1$$Lambda$1832/2103708464.run(Unknown Source) ~[?:?]
	at codechicken.nei.ItemList$1.runChecked(ItemList.java:310) ~[ItemList$1.class:?]
	at codechicken.nei.ItemList$1.forceTagCompoundInitialization(ItemList.java:336) ~[ItemList$1.class:?]
	at codechicken.nei.ItemList$1.lambda$execute$12(ItemList.java:401) [ItemList$1.class:?]
	at codechicken.nei.ItemList$1$$Lambda$1811/1542615671.accept(Unknown Source) [ItemList$1.class:?]
	at java.util.stream.ForEachOps$ForEachOp$OfRef.accept(ForEachOps.java:184) [?:1.8.0_51]
	at java.util.Spliterators$ArraySpliterator.forEachRemaining(Spliterators.java:948) [?:1.8.0_51]
	at java.util.stream.AbstractPipeline.copyInto(AbstractPipeline.java:512) [?:1.8.0_51]
	at java.util.stream.ForEachOps$ForEachTask.compute(ForEachOps.java:291) [?:1.8.0_51]
	at java.util.concurrent.CountedCompleter.exec(CountedCompleter.java:731) [?:1.8.0_51]
	at java.util.concurrent.ForkJoinTask.doExec(ForkJoinTask.java:289) [?:1.8.0_51]
	at java.util.concurrent.ForkJoinPool$WorkQueue.runTask(ForkJoinPool.java:1056) [?:1.8.0_51]
	at java.util.concurrent.ForkJoinPool.runWorker(ForkJoinPool.java:1689) [?:1.8.0_51]
	at java.util.concurrent.ForkJoinWorkerThread.run(ForkJoinWorkerThread.java:157) [?:1.8.0_51]
[21:02:10] [ForkJoinPool.commonPool-worker-13/ERROR] [NotEnoughItems]: Removing item: moze_intel.projecte.gameObjs.items.tools.RedStar@4e44e1c4 from list.
java.lang.NullPointerException
	at moze_intel.projecte.gameObjs.items.ItemCharge.getCharge(ItemCharge.java:57) ~[ItemCharge.class:?]
	at moze_intel.projecte.gameObjs.items.ItemCharge.getDurabilityForDisplay(ItemCharge.java:30) ~[ItemCharge.class:?]
	at codechicken.nei.ItemList$1.lambda$forceTagCompoundInitialization$6(ItemList.java:336) ~[ItemList$1.class:?]
	at codechicken.nei.ItemList$1$$Lambda$1832/2103708464.run(Unknown Source) ~[?:?]
	at codechicken.nei.ItemList$1.runChecked(ItemList.java:310) ~[ItemList$1.class:?]
	at codechicken.nei.ItemList$1.forceTagCompoundInitialization(ItemList.java:336) ~[ItemList$1.class:?]
	at codechicken.nei.ItemList$1.lambda$execute$12(ItemList.java:401) [ItemList$1.class:?]
	at codechicken.nei.ItemList$1$$Lambda$1811/1542615671.accept(Unknown Source) [ItemList$1.class:?]
	at java.util.stream.ForEachOps$ForEachOp$OfRef.accept(ForEachOps.java:184) [?:1.8.0_51]
	at java.util.Spliterators$ArraySpliterator.forEachRemaining(Spliterators.java:948) [?:1.8.0_51]
	at java.util.stream.AbstractPipeline.copyInto(AbstractPipeline.java:512) [?:1.8.0_51]
	at java.util.stream.ForEachOps$ForEachTask.compute(ForEachOps.java:291) [?:1.8.0_51]
	at java.util.concurrent.CountedCompleter.exec(CountedCompleter.java:731) [?:1.8.0_51]
	at java.util.concurrent.ForkJoinTask.doExec(ForkJoinTask.java:289) [?:1.8.0_51]
	at java.util.concurrent.ForkJoinPool$WorkQueue.runTask(ForkJoinPool.java:1056) [?:1.8.0_51]
	at java.util.concurrent.ForkJoinPool.runWorker(ForkJoinPool.java:1689) [?:1.8.0_51]
	at java.util.concurrent.ForkJoinWorkerThread.run(ForkJoinWorkerThread.java:157) [?:1.8.0_51]
[21:02:10] [ForkJoinPool.commonPool-worker-13/ERROR] [NotEnoughItems]: Removing item: moze_intel.projecte.gameObjs.items.rings.Zero@4572a6ee from list.
java.lang.NullPointerException
	at moze_intel.projecte.gameObjs.items.ItemCharge.getCharge(ItemCharge.java:57) ~[ItemCharge.class:?]
	at moze_intel.projecte.gameObjs.items.ItemCharge.getDurabilityForDisplay(ItemCharge.java:30) ~[ItemCharge.class:?]
	at codechicken.nei.ItemList$1.lambda$forceTagCompoundInitialization$6(ItemList.java:336) ~[ItemList$1.class:?]
	at codechicken.nei.ItemList$1$$Lambda$1832/2103708464.run(Unknown Source) ~[?:?]
	at codechicken.nei.ItemList$1.runChecked(ItemList.java:310) ~[ItemList$1.class:?]
	at codechicken.nei.ItemList$1.forceTagCompoundInitialization(ItemList.java:336) ~[ItemList$1.class:?]
	at codechicken.nei.ItemList$1.lambda$execute$12(ItemList.java:401) [ItemList$1.class:?]
	at codechicken.nei.ItemList$1$$Lambda$1811/1542615671.accept(Unknown Source) [ItemList$1.class:?]
	at java.util.stream.ForEachOps$ForEachOp$OfRef.accept(ForEachOps.java:184) [?:1.8.0_51]
	at java.util.Spliterators$ArraySpliterator.forEachRemaining(Spliterators.java:948) [?:1.8.0_51]
	at java.util.stream.AbstractPipeline.copyInto(AbstractPipeline.java:512) [?:1.8.0_51]
	at java.util.stream.ForEachOps$ForEachTask.compute(ForEachOps.java:291) [?:1.8.0_51]
	at java.util.concurrent.CountedCompleter.exec(CountedCompleter.java:731) [?:1.8.0_51]
	at java.util.concurrent.ForkJoinTask.doExec(ForkJoinTask.java:289) [?:1.8.0_51]
	at java.util.concurrent.ForkJoinPool$WorkQueue.runTask(ForkJoinPool.java:1056) [?:1.8.0_51]
	at java.util.concurrent.ForkJoinPool.runWorker(ForkJoinPool.java:1689) [?:1.8.0_51]
	at java.util.concurrent.ForkJoinWorkerThread.run(ForkJoinWorkerThread.java:157) [?:1.8.0_51]
[21:02:10] [ForkJoinPool.commonPool-worker-13/ERROR] [NotEnoughItems]: Removing item: moze_intel.projecte.gameObjs.items.TimeWatch@3088a9e9 from list.
java.lang.NullPointerException
	at moze_intel.projecte.gameObjs.items.ItemCharge.getCharge(ItemCharge.java:57) ~[ItemCharge.class:?]
	at moze_intel.projecte.gameObjs.items.ItemCharge.getDurabilityForDisplay(ItemCharge.java:30) ~[ItemCharge.class:?]
	at codechicken.nei.ItemList$1.lambda$forceTagCompoundInitialization$6(ItemList.java:336) ~[ItemList$1.class:?]
	at codechicken.nei.ItemList$1$$Lambda$1832/2103708464.run(Unknown Source) ~[?:?]
	at codechicken.nei.ItemList$1.runChecked(ItemList.java:310) ~[ItemList$1.class:?]
	at codechicken.nei.ItemList$1.forceTagCompoundInitialization(ItemList.java:336) ~[ItemList$1.class:?]
	at codechicken.nei.ItemList$1.lambda$execute$12(ItemList.java:401) [ItemList$1.class:?]
	at codechicken.nei.ItemList$1$$Lambda$1811/1542615671.accept(Unknown Source) [ItemList$1.class:?]
	at java.util.stream.ForEachOps$ForEachOp$OfRef.accept(ForEachOps.java:184) [?:1.8.0_51]
	at java.util.Spliterators$ArraySpliterator.forEachRemaining(Spliterators.java:948) [?:1.8.0_51]
	at java.util.stream.AbstractPipeline.copyInto(AbstractPipeline.java:512) [?:1.8.0_51]
	at java.util.stream.ForEachOps$ForEachTask.compute(ForEachOps.java:291) [?:1.8.0_51]
	at java.util.concurrent.CountedCompleter.exec(CountedCompleter.java:731) [?:1.8.0_51]
	at java.util.concurrent.ForkJoinTask.doExec(ForkJoinTask.java:289) [?:1.8.0_51]
	at java.util.concurrent.ForkJoinPool$WorkQueue.runTask(ForkJoinPool.java:1056) [?:1.8.0_51]
	at java.util.concurrent.ForkJoinPool.runWorker(ForkJoinPool.java:1689) [?:1.8.0_51]
	at java.util.concurrent.ForkJoinWorkerThread.run(ForkJoinWorkerThread.java:157) [?:1.8.0_51]
[21:02:10] [ForkJoinPool.commonPool-worker-13/ERROR] [NotEnoughItems]: Removing item: moze_intel.projecte.gameObjs.items.MercurialEye@759076 from list.
java.lang.NullPointerException
	at moze_intel.projecte.gameObjs.items.ItemCharge.getCharge(ItemCharge.java:57) ~[ItemCharge.class:?]
	at moze_intel.projecte.gameObjs.items.ItemCharge.getDurabilityForDisplay(ItemCharge.java:30) ~[ItemCharge.class:?]
	at codechicken.nei.ItemList$1.lambda$forceTagCompoundInitialization$6(ItemList.java:336) ~[ItemList$1.class:?]
	at codechicken.nei.ItemList$1$$Lambda$1832/2103708464.run(Unknown Source) ~[?:?]
	at codechicken.nei.ItemList$1.runChecked(ItemList.java:310) ~[ItemList$1.class:?]
	at codechicken.nei.ItemList$1.forceTagCompoundInitialization(ItemList.java:336) ~[ItemList$1.class:?]
	at codechicken.nei.ItemList$1.lambda$execute$12(ItemList.java:401) [ItemList$1.class:?]
	at codechicken.nei.ItemList$1$$Lambda$1811/1542615671.accept(Unknown Source) [ItemList$1.class:?]
	at java.util.stream.ForEachOps$ForEachOp$OfRef.accept(ForEachOps.java:184) [?:1.8.0_51]
	at java.util.Spliterators$ArraySpliterator.forEachRemaining(Spliterators.java:948) [?:1.8.0_51]
	at java.util.stream.AbstractPipeline.copyInto(AbstractPipeline.java:512) [?:1.8.0_51]
	at java.util.stream.ForEachOps$ForEachTask.compute(ForEachOps.java:291) [?:1.8.0_51]
	at java.util.concurrent.CountedCompleter.exec(CountedCompleter.java:731) [?:1.8.0_51]
	at java.util.concurrent.ForkJoinTask.doExec(ForkJoinTask.java:289) [?:1.8.0_51]
	at java.util.concurrent.ForkJoinPool$WorkQueue.runTask(ForkJoinPool.java:1056) [?:1.8.0_51]
	at java.util.concurrent.ForkJoinPool.runWorker(ForkJoinPool.java:1689) [?:1.8.0_51]
	at java.util.concurrent.ForkJoinWorkerThread.run(ForkJoinWorkerThread.java:157) [?:1.8.0_51]
[21:02:10] [ForkJoinPool.commonPool-worker-13/ERROR] [NotEnoughItems]: Removing item: moze_intel.projecte.gameObjs.items.DestructionCatalyst@525ac3e4 from list.
java.lang.NullPointerException
	at moze_intel.projecte.gameObjs.items.ItemCharge.getCharge(ItemCharge.java:57) ~[ItemCharge.class:?]
	at moze_intel.projecte.gameObjs.items.ItemCharge.getDurabilityForDisplay(ItemCharge.java:30) ~[ItemCharge.class:?]
	at codechicken.nei.ItemList$1.lambda$forceTagCompoundInitialization$6(ItemList.java:336) ~[ItemList$1.class:?]
	at codechicken.nei.ItemList$1$$Lambda$1832/2103708464.run(Unknown Source) ~[?:?]
	at codechicken.nei.ItemList$1.runChecked(ItemList.java:310) ~[ItemList$1.class:?]
	at codechicken.nei.ItemList$1.forceTagCompoundInitialization(ItemList.java:336) ~[ItemList$1.class:?]
	at codechicken.nei.ItemList$1.lambda$execute$12(ItemList.java:401) [ItemList$1.class:?]
	at codechicken.nei.ItemList$1$$Lambda$1811/1542615671.accept(Unknown Source) [ItemList$1.class:?]
	at java.util.stream.ForEachOps$ForEachOp$OfRef.accept(ForEachOps.java:184) [?:1.8.0_51]
	at java.util.Spliterators$ArraySpliterator.forEachRemaining(Spliterators.java:948) [?:1.8.0_51]
	at java.util.stream.AbstractPipeline.copyInto(AbstractPipeline.java:512) [?:1.8.0_51]
	at java.util.stream.ForEachOps$ForEachTask.compute(ForEachOps.java:291) [?:1.8.0_51]
	at java.util.concurrent.CountedCompleter.exec(CountedCompleter.java:731) [?:1.8.0_51]
	at java.util.concurrent.ForkJoinTask.doExec(ForkJoinTask.java:289) [?:1.8.0_51]
	at java.util.concurrent.ForkJoinPool$WorkQueue.runTask(ForkJoinPool.java:1056) [?:1.8.0_51]
	at java.util.concurrent.ForkJoinPool.runWorker(ForkJoinPool.java:1689) [?:1.8.0_51]
	at java.util.concurrent.ForkJoinWorkerThread.run(ForkJoinWorkerThread.java:157) [?:1.8.0_51]
[21:02:10] [ForkJoinPool.commonPool-worker-13/ERROR] [NotEnoughItems]: Removing item: moze_intel.projecte.gameObjs.items.HyperkineticLens@9c4fa6c from list.
java.lang.NullPointerException
	at moze_intel.projecte.gameObjs.items.ItemCharge.getCharge(ItemCharge.java:57) ~[ItemCharge.class:?]
	at moze_intel.projecte.gameObjs.items.ItemCharge.getDurabilityForDisplay(ItemCharge.java:30) ~[ItemCharge.class:?]
	at codechicken.nei.ItemList$1.lambda$forceTagCompoundInitialization$6(ItemList.java:336) ~[ItemList$1.class:?]
	at codechicken.nei.ItemList$1$$Lambda$1832/2103708464.run(Unknown Source) ~[?:?]
	at codechicken.nei.ItemList$1.runChecked(ItemList.java:310) ~[ItemList$1.class:?]
	at codechicken.nei.ItemList$1.forceTagCompoundInitialization(ItemList.java:336) ~[ItemList$1.class:?]
	at codechicken.nei.ItemList$1.lambda$execute$12(ItemList.java:401) [ItemList$1.class:?]
	at codechicken.nei.ItemList$1$$Lambda$1811/1542615671.accept(Unknown Source) [ItemList$1.class:?]
	at java.util.stream.ForEachOps$ForEachOp$OfRef.accept(ForEachOps.java:184) [?:1.8.0_51]
	at java.util.Spliterators$ArraySpliterator.forEachRemaining(Spliterators.java:948) [?:1.8.0_51]
	at java.util.stream.AbstractPipeline.copyInto(AbstractPipeline.java:512) [?:1.8.0_51]
	at java.util.stream.ForEachOps$ForEachTask.compute(ForEachOps.java:291) [?:1.8.0_51]
	at java.util.concurrent.CountedCompleter.exec(CountedCompleter.java:731) [?:1.8.0_51]
	at java.util.concurrent.ForkJoinTask.doExec(ForkJoinTask.java:289) [?:1.8.0_51]
	at java.util.concurrent.ForkJoinPool$WorkQueue.runTask(ForkJoinPool.java:1056) [?:1.8.0_51]
	at java.util.concurrent.ForkJoinPool.runWorker(ForkJoinPool.java:1689) [?:1.8.0_51]
	at java.util.concurrent.ForkJoinWorkerThread.run(ForkJoinWorkerThread.java:157) [?:1.8.0_51]
[21:02:10] [ForkJoinPool.commonPool-worker-13/ERROR] [NotEnoughItems]: Removing item: moze_intel.projecte.gameObjs.items.CataliticLens@d561168 from list.
java.lang.NullPointerException
	at moze_intel.projecte.gameObjs.items.ItemCharge.getCharge(ItemCharge.java:57) ~[ItemCharge.class:?]
	at moze_intel.projecte.gameObjs.items.ItemCharge.getDurabilityForDisplay(ItemCharge.java:30) ~[ItemCharge.class:?]
	at codechicken.nei.ItemList$1.lambda$forceTagCompoundInitialization$6(ItemList.java:336) ~[ItemList$1.class:?]
	at codechicken.nei.ItemList$1$$Lambda$1832/2103708464.run(Unknown Source) ~[?:?]
	at codechicken.nei.ItemList$1.runChecked(ItemList.java:310) ~[ItemList$1.class:?]
	at codechicken.nei.ItemList$1.forceTagCompoundInitialization(ItemList.java:336) ~[ItemList$1.class:?]
	at codechicken.nei.ItemList$1.lambda$execute$12(ItemList.java:401) [ItemList$1.class:?]
	at codechicken.nei.ItemList$1$$Lambda$1811/1542615671.accept(Unknown Source) [ItemList$1.class:?]
	at java.util.stream.ForEachOps$ForEachOp$OfRef.accept(ForEachOps.java:184) [?:1.8.0_51]
	at java.util.Spliterators$ArraySpliterator.forEachRemaining(Spliterators.java:948) [?:1.8.0_51]
	at java.util.stream.AbstractPipeline.copyInto(AbstractPipeline.java:512) [?:1.8.0_51]
	at java.util.stream.ForEachOps$ForEachTask.compute(ForEachOps.java:291) [?:1.8.0_51]
	at java.util.concurrent.CountedCompleter.exec(CountedCompleter.java:731) [?:1.8.0_51]
	at java.util.concurrent.ForkJoinTask.doExec(ForkJoinTask.java:289) [?:1.8.0_51]
	at java.util.concurrent.ForkJoinPool$WorkQueue.runTask(ForkJoinPool.java:1056) [?:1.8.0_51]
	at java.util.concurrent.ForkJoinPool.runWorker(ForkJoinPool.java:1689) [?:1.8.0_51]
	at java.util.concurrent.ForkJoinWorkerThread.run(ForkJoinWorkerThread.java:157) [?:1.8.0_51]
[21:23:02] [main/INFO] [LaunchWrapper]: Loading tweak class name cpw.mods.fml.common.launcher.FMLTweaker
[21:23:02] [main/INFO] [LaunchWrapper]: Using primary tweak class name cpw.mods.fml.common.launcher.FMLTweaker
[21:23:02] [main/INFO] [LaunchWrapper]: Calling tweak class cpw.mods.fml.common.launcher.FMLTweaker
[21:24:33] [ForkJoinPool.commonPool-worker-15/DEBUG] [NotEnoughItems]: Loaded cofh.thermalfoundation.plugins.nei.NEIThermalFoundationConfig
[21:24:33] [ForkJoinPool.commonPool-worker-3/DEBUG] [NotEnoughItems]: Loaded wanion.avaritiaddons.plugins.nei.NEIConfig
[21:24:33] [ForkJoinPool.commonPool-worker-3/DEBUG] [NotEnoughItems]: Loaded net.glease.tc4tweak.nei.NEIConfig
[21:24:33] [ForkJoinPool.commonPool-worker-2/INFO] [OpenMods]: openblocks.NEIOpenBlocksConfig.loadConfig(NEIOpenBlocksConfig.java:40): OpenBlocks NEI Integration loaded successfully
[21:24:33] [ForkJoinPool.commonPool-worker-2/DEBUG] [NotEnoughItems]: Loaded openblocks.NEIOpenBlocksConfig
[21:24:33] [ForkJoinPool.commonPool-worker-10/DEBUG] [mixin]: Mixing thaumcraft.client.gui.MixinGuiArcaneWorkbench_SingleWandReplacement from mixins.salisarcana.late.json into thaumcraft.client.gui.GuiArcaneWorkbench
[21:24:33] [ForkJoinPool.commonPool-worker-10/DEBUG] [mixin]: Mixing thaumcraft.client.gui.MixinGuiArcaneWorkbench_MissingResearch from mixins.salisarcana.late.json into thaumcraft.client.gui.GuiArcaneWorkbench
[21:24:33] [ForkJoinPool.commonPool-worker-15/DEBUG] [NotEnoughItems]: Loaded team.chisel.compat.nei.NEIChiselConfig
[21:24:33] [ForkJoinPool.commonPool-worker-12/DEBUG] [NotEnoughItems]: Loaded witchinggadgets.client.nei.NEIWGConfig
[21:24:33] [ForkJoinPool.commonPool-worker-2/DEBUG] [NotEnoughItems]: Loaded ab.client.nei.NEIConfig
[21:24:33] [ForkJoinPool.commonPool-worker-4/INFO] [Draconic Evolution]: Added NEI integration
[21:24:33] [ForkJoinPool.commonPool-worker-4/DEBUG] [NotEnoughItems]: Loaded com.brandon3055.draconicevolution.integration.nei.NEIDraconicevolutionConfig
[21:24:33] [ForkJoinPool.commonPool-worker-10/DEBUG] [NotEnoughItems]: Loaded com.gtnewhorizons.aspectrecipeindex.nei.NEIConfig
[21:24:33] [ForkJoinPool.commonPool-worker-3/DEBUG] [NotEnoughItems]: Loaded tombenpotter.sanguimancy.compat.nei.NEIConfig
[21:24:33] [ForkJoinPool.commonPool-worker-6/DEBUG] [NotEnoughItems]: Loaded tconstruct.plugins.nei.NEITConstructConfig
[21:24:33] [ForkJoinPool.commonPool-worker-4/DEBUG] [NotEnoughItems]: Loaded fox.spiteful.avaritia.compat.nei.NEIAvaritiaConfig
[21:24:33] [ForkJoinPool.commonPool-worker-13/DEBUG] [NotEnoughItems]: Loaded vazkii.botania.client.integration.nei.NEIBotaniaConfig
[21:24:33] [ForkJoinPool.commonPool-worker-11/DEBUG] [FML]: Attempted to find the oreIDs for an unregistered object (1xitem.null@0). This won't work very well.
[21:24:33] [ForkJoinPool.commonPool-worker-11/DEBUG] [FML]: Attempted to find the oreIDs for an unregistered object (1xitem.null@1). This won't work very well.
[21:24:33] [ForkJoinPool.commonPool-worker-11/DEBUG] [FML]: Attempted to find the oreIDs for an unregistered object (1xitem.null@2). This won't work very well.
[21:24:33] [ForkJoinPool.commonPool-worker-11/DEBUG] [FML]: Attempted to find the oreIDs for an unregistered object (1xitem.null@3). This won't work very well.
[21:24:33] [ForkJoinPool.commonPool-worker-11/DEBUG] [FML]: Attempted to find the oreIDs for an unregistered object (1xitem.null@4). This won't work very well.
[21:24:33] [ForkJoinPool.commonPool-worker-11/DEBUG] [FML]: Attempted to find the oreIDs for an unregistered object (1xitem.null@5). This won't work very well.
[21:24:33] [ForkJoinPool.commonPool-worker-11/DEBUG] [FML]: Attempted to find the oreIDs for an unregistered object (1xitem.null@6). This won't work very well.
[21:24:33] [ForkJoinPool.commonPool-worker-11/DEBUG] [FML]: Attempted to find the oreIDs for an unregistered object (1xitem.null@7). This won't work very well.
[21:24:33] [ForkJoinPool.commonPool-worker-11/DEBUG] [FML]: Attempted to find the oreIDs for an unregistered object (1xitem.null@8). This won't work very well.
[21:24:33] [ForkJoinPool.commonPool-worker-11/DEBUG] [NotEnoughItems]: Loaded flaxbeard.thaumicexploration.integration.nei.NEIConfig
[21:24:33] [ForkJoinPool.commonPool-worker-4/DEBUG] [NotEnoughItems]: Loaded net.darkhax.bookshelf.client.nei.NEIBookshelfConfig
[21:24:33] [ForkJoinPool.commonPool-worker-13/INFO] [NotEnoughEnergistics]: -----Not Enough Energistics Init Start-----
[21:24:33] [ForkJoinPool.commonPool-worker-13/INFO] [NotEnoughEnergistics]: Install Vanilla Support
[21:24:33] [ForkJoinPool.commonPool-worker-13/INFO] [NotEnoughEnergistics]: Found Applied Energistics 2,install Applied Energistics 2 support
[21:24:33] [ForkJoinPool.commonPool-worker-13/INFO] [NotEnoughEnergistics]: Found Botania,install Botania support
[21:24:33] [ForkJoinPool.commonPool-worker-4/DEBUG] [NotEnoughItems]: Loaded com.cleanroommc.modularui.integration.nei.NEIModularUIConfig
[21:24:33] [ForkJoinPool.commonPool-worker-13/INFO] [NotEnoughEnergistics]: Found Avaritia, install Avaritia support
[21:24:33] [ForkJoinPool.commonPool-worker-4/DEBUG] [NotEnoughItems]: Loaded pixlepix.auracascade.main.NEIAuraConfig
[21:24:33] [ForkJoinPool.commonPool-worker-12/DEBUG] [NotEnoughItems]: Loaded WayofTime.alchemicalWizardry.client.nei.NEIConfig
[21:24:33] [ForkJoinPool.commonPool-worker-5/DEBUG] [NotEnoughItems]: Loaded evilcraft.modcompat.nei.NEIEvilCraftConfig
[21:24:33] [ForkJoinPool.commonPool-worker-4/INFO] [Forestry]: Loading: Forestry NEI Integration
[21:24:33] [ForkJoinPool.commonPool-worker-13/INFO] [NotEnoughEnergistics]: Found EnderIO, install EnderIO support
[21:24:33] [ForkJoinPool.commonPool-worker-13/INFO] [NotEnoughEnergistics]: Found Forestry, install Forestry support
[21:24:33] [ForkJoinPool.commonPool-worker-13/INFO] [NotEnoughEnergistics]: Found Aspect Recipe Index, install Aspect Recipe Index support
[21:24:33] [ForkJoinPool.commonPool-worker-13/INFO] [NotEnoughEnergistics]: Found ThermalExpansion, install ThermalExpansion support
[21:24:33] [ForkJoinPool.commonPool-worker-13/INFO] [NotEnoughEnergistics]: Found BloodMagic, install BloodMagic support
[21:24:33] [ForkJoinPool.commonPool-worker-13/INFO] [NotEnoughEnergistics]: -----Not Enough Energistics Init  Finished-----
[21:24:33] [ForkJoinPool.commonPool-worker-6/DEBUG] [NotEnoughItems]: Loaded cofh.thermalexpansion.plugins.nei.NEIThermalExpansionConfig
[21:24:33] [ForkJoinPool.commonPool-worker-13/INFO] [NotEnoughEnergistics]: NEIController replaced success
[21:24:33] [ForkJoinPool.commonPool-worker-4/DEBUG] [NotEnoughItems]: Loaded forestry.core.recipes.nei.NEIIntegrationConfig
[21:24:33] [ForkJoinPool.commonPool-worker-1/INFO] [extrautils]: Added NEI integration
[21:24:33] [ForkJoinPool.commonPool-worker-13/INFO] [NotEnoughEnergistics]: Install ThaumicEnergistics support
[21:24:33] [ForkJoinPool.commonPool-worker-1/DEBUG] [NotEnoughItems]: Loaded com.rwtema.extrautils.nei.NEIInfoHandlerConfig
[21:24:33] [ForkJoinPool.commonPool-worker-13/INFO] [NotEnoughEnergistics]: Install Avaritiaddons support
[21:24:33] [ForkJoinPool.commonPool-worker-13/DEBUG] [NotEnoughItems]: Loaded com.github.vfyjxf.nee.NEINeeConfig
[21:24:33] [ForkJoinPool.commonPool-worker-13/DEBUG] [NotEnoughItems]: Loaded dev.rndmorris.salisarcana.common.compat.NEIConfig
[21:24:33] [ForkJoinPool.commonPool-worker-13/DEBUG] [NotEnoughItems]: Loaded cofh.plugins.nei.NEICoFHConfig
[21:24:33] [ForkJoinPool.commonPool-worker-4/DEBUG] [NotEnoughItems]: Loaded crazypants.enderio.nei.NEIEnderIOConfig
[21:24:33] [ForkJoinPool.commonPool-worker-1/DEBUG] [NotEnoughItems]: Loaded com.emoniph.witchery.integration.NEIWitcheryConfig
[21:24:33] [ForkJoinPool.commonPool-worker-1/DEBUG] [NotEnoughItems]: Loaded cpw.mods.ironchest.plugins.nei.NEIConfig
[21:24:34] [ForkJoinPool.commonPool-worker-13/WARN] [FML]: NEI: Forced tag update with reason (showDurabilityBar) for 1xitem.manaTablet@0(vazkii.botania.common.item.ItemManaTablet@58ca476)
[21:24:34] [ForkJoinPool.commonPool-worker-13/WARN] [FML]: NEI: Forced tag update with reason (getDamage) for 1xitem.manaMirror@0(vazkii.botania.common.item.ItemManaMirror@491a64ff)
[21:24:34] [ForkJoinPool.commonPool-worker-13/WARN] [FML]: NEI: Forced tag update with reason (getDamage) for 1xitem.manaRing@10000(vazkii.botania.common.item.equipment.bauble.ItemManaRing@4928dd7e)
[21:24:34] [ForkJoinPool.commonPool-worker-13/WARN] [FML]: NEI: Forced tag update with reason (getDamage) for 1xitem.manaRingGreater@10000(vazkii.botania.common.item.equipment.bauble.ItemGreaterManaRing@59339a08)
[21:24:34] [ForkJoinPool.commonPool-worker-13/WARN] [FML]: NEI: Forced tag update with reason (getDamage) for 1xitem.manaInkwell@150(vazkii.botania.common.item.interaction.thaumcraft.ItemManaInkwell@69341882)
[21:24:34] [ForkJoinPool.commonPool-worker-13/WARN] [FML]: NEI: Forced tag update with reason (getDamage) for 1xitem.manaInkwell@0(vazkii.botania.common.item.interaction.thaumcraft.ItemManaInkwell@69341882)
[21:24:34] [ForkJoinPool.commonPool-worker-13/WARN] [FML]: NEI: Forced tag update with reason (getDamage) for 1xitem.mithrillManaRing@10000(ab.common.item.equipment.ItemMithrillRing@7df30729)
[21:24:34] [ForkJoinPool.commonPool-worker-13/WARN] [FML]: NEI: Forced tag update with reason (getDamage) for 1xitem.nebulaManaRing@10000(ab.common.item.equipment.ItemNebulaRing@5b3546ef)
[21:24:34] [ForkJoinPool.commonPool-worker-13/WARN] [FML]: NEI: Forced tag update with reason (getDigSpeed) for 1xitem.mithrillMultiTool@0(ab.common.item.equipment.ItemMithrillMultiTool@e4d80c)
[21:24:34] [ForkJoinPool.commonPool-worker-13/WARN] [FML]: NEI: Forced tag update with reason (showDurabilityBar) for 1xitem.hornPlenty@0(ab.common.item.relic.ItemHornPlenty@53d706c9)
[21:24:34] [ForkJoinPool.commonPool-worker-13/WARN] [FML]: NEI: Forced tag update with reason (getDamage) for 1xitem.nebulaHelm@0(ab.common.item.equipment.armor.ItemNebulaHelm@6d6537bc)
[21:24:34] [ForkJoinPool.commonPool-worker-13/WARN] [FML]: NEI: Forced tag update with reason (getDamage) for 1xitem.nebulaChest@0(ab.common.item.equipment.armor.ItemNebulaChest@6ef8597)
[21:24:34] [ForkJoinPool.commonPool-worker-13/WARN] [FML]: NEI: Forced tag update with reason (getDamage) for 1xitem.nebulaLegs@0(ab.common.item.equipment.armor.ItemNebulaLegs@5ac7c1a4)
[21:24:34] [ForkJoinPool.commonPool-worker-13/WARN] [FML]: NEI: Forced tag update with reason (getDamage) for 1xitem.nebulaBoots@0(ab.common.item.equipment.armor.ItemNebulaBoots@13451f33)
[21:24:34] [ForkJoinPool.commonPool-worker-13/WARN] [FML]: NEI: Forced tag update with reason (getDamage) for 1xitem.nebulaHelmRevealing@0(ab.common.item.equipment.armor.ItemNebulaHelmRevealing@2c8e88d7)
[21:24:34] [ForkJoinPool.commonPool-worker-13/WARN] [FML]: NEI: Forced tag update with reason (showDurabilityBar) for 1xitem.wirelessCraftingTerminal@0(ItemWirelessCraftingTerminal)
[21:24:34] [ForkJoinPool.commonPool-worker-13/WARN] [FML]: NEI: Forced tag update with reason (getDigSpeed) for 1xitem.boundPickaxe@0(WayofTime.alchemicalWizardry.common.items.BoundPickaxe@4b1b6e97)
[21:24:34] [ForkJoinPool.commonPool-worker-13/WARN] [FML]: NEI: Forced tag update with reason (getDigSpeed) for 1xitem.boundAxe@0(WayofTime.alchemicalWizardry.common.items.BoundAxe@263a0365)
[21:24:34] [ForkJoinPool.commonPool-worker-13/WARN] [FML]: NEI: Forced tag update with reason (getDigSpeed) for 1xitem.boundShovel@0(WayofTime.alchemicalWizardry.common.items.BoundShovel@4aaa5ad6)
[21:24:34] [ForkJoinPool.commonPool-worker-13/WARN] [FML]: NEI: Forced tag update with reason (getToolClasses) for 1xitem.multiTool@0(WayofTime.alchemicalWizardry.api.items.ItemSpellMultiTool@d891f5f)
[21:24:34] [ForkJoinPool.commonPool-worker-13/WARN] [FML]: NEI: Forced tag update with reason (getAttributeModifiers) for 1xitem.boundHelmetWater@0(WayofTime.alchemicalWizardry.common.items.armour.OmegaArmourWater@37ee8a69)
[21:24:34] [ForkJoinPool.commonPool-worker-13/WARN] [FML]: NEI: Forced tag update with reason (getAttributeModifiers) for 1xitem.boundPlateWater@0(WayofTime.alchemicalWizardry.common.items.armour.OmegaArmourWater@26291233)
[21:24:34] [ForkJoinPool.commonPool-worker-13/WARN] [FML]: NEI: Forced tag update with reason (getAttributeModifiers) for 1xitem.boundLeggingsWater@0(WayofTime.alchemicalWizardry.common.items.armour.OmegaArmourWater@2e0ba54c)
[21:24:34] [ForkJoinPool.commonPool-worker-13/WARN] [FML]: NEI: Forced tag update with reason (getAttributeModifiers) for 1xitem.boundBootsWater@0(WayofTime.alchemicalWizardry.common.items.armour.OmegaArmourWater@2d1c41ed)
[21:24:34] [ForkJoinPool.commonPool-worker-13/WARN] [FML]: NEI: Forced tag update with reason (getAttributeModifiers) for 1xitem.boundHelmetEarth@0(WayofTime.alchemicalWizardry.common.items.armour.OmegaArmourEarth@276a9353)
[21:24:34] [ForkJoinPool.commonPool-worker-13/WARN] [FML]: NEI: Forced tag update with reason (getAttributeModifiers) for 1xitem.boundPlateEarth@0(WayofTime.alchemicalWizardry.common.items.armour.OmegaArmourEarth@4d9ff475)
[21:24:34] [ForkJoinPool.commonPool-worker-13/WARN] [FML]: NEI: Forced tag update with reason (getAttributeModifiers) for 1xitem.boundLeggingsEarth@0(WayofTime.alchemicalWizardry.common.items.armour.OmegaArmourEarth@4d89a65d)
[21:24:34] [ForkJoinPool.commonPool-worker-13/WARN] [FML]: NEI: Forced tag update with reason (getAttributeModifiers) for 1xitem.boundBootsEarth@0(WayofTime.alchemicalWizardry.common.items.armour.OmegaArmourEarth@69e8e3d8)
[21:24:34] [ForkJoinPool.commonPool-worker-13/WARN] [FML]: NEI: Forced tag update with reason (getAttributeModifiers) for 1xitem.boundHelmetWind@0(WayofTime.alchemicalWizardry.common.items.armour.OmegaArmourWind@1be6decb)
[21:24:34] [ForkJoinPool.commonPool-worker-13/WARN] [FML]: NEI: Forced tag update with reason (getAttributeModifiers) for 1xitem.boundPlateWind@0(WayofTime.alchemicalWizardry.common.items.armour.OmegaArmourWind@2fe58c77)
[21:24:34] [ForkJoinPool.commonPool-worker-13/WARN] [FML]: NEI: Forced tag update with reason (getAttributeModifiers) for 1xitem.boundLeggingsWind@0(WayofTime.alchemicalWizardry.common.items.armour.OmegaArmourWind@785dbb70)
[21:24:34] [ForkJoinPool.commonPool-worker-13/WARN] [FML]: NEI: Forced tag update with reason (getAttributeModifiers) for 1xitem.boundBootsWind@0(WayofTime.alchemicalWizardry.common.items.armour.OmegaArmourWind@2f1aa42a)
[21:24:34] [ForkJoinPool.commonPool-worker-13/WARN] [FML]: NEI: Forced tag update with reason (getAttributeModifiers) for 1xitem.boundHelmetFire@0(WayofTime.alchemicalWizardry.common.items.armour.OmegaArmourFire@5da0cbf0)
[21:24:34] [ForkJoinPool.commonPool-worker-13/WARN] [FML]: NEI: Forced tag update with reason (getAttributeModifiers) for 1xitem.boundPlateFire@0(WayofTime.alchemicalWizardry.common.items.armour.OmegaArmourFire@349448b5)
[21:24:34] [ForkJoinPool.commonPool-worker-13/WARN] [FML]: NEI: Forced tag update with reason (getAttributeModifiers) for 1xitem.boundLeggingsFire@0(WayofTime.alchemicalWizardry.common.items.armour.OmegaArmourFire@62b585f2)
[21:24:34] [ForkJoinPool.commonPool-worker-13/WARN] [FML]: NEI: Forced tag update with reason (getAttributeModifiers) for 1xitem.boundBootsFire@0(WayofTime.alchemicalWizardry.common.items.armour.OmegaArmourFire@7d8fa96c)
[21:24:34] [ForkJoinPool.commonPool-worker-13/WARN] [FML]: NEI: Forced tag update with reason (isDamaged) for 1xitem.witchery:poppet@0(com.emoniph.witchery.item.ItemPoppet@1516e399)
[21:24:34] [ForkJoinPool.commonPool-worker-13/WARN] [FML]: NEI: Forced tag update with reason (isDamaged) for 1xitem.witchery:poppet@1(com.emoniph.witchery.item.ItemPoppet@1516e399)
[21:24:34] [ForkJoinPool.commonPool-worker-13/WARN] [FML]: NEI: Forced tag update with reason (isDamaged) for 1xitem.witchery:poppet@2(com.emoniph.witchery.item.ItemPoppet@1516e399)
[21:24:34] [ForkJoinPool.commonPool-worker-13/WARN] [FML]: NEI: Forced tag update with reason (isDamaged) for 1xitem.witchery:poppet@3(com.emoniph.witchery.item.ItemPoppet@1516e399)
[21:24:34] [ForkJoinPool.commonPool-worker-13/WARN] [FML]: NEI: Forced tag update with reason (isDamaged) for 1xitem.witchery:poppet@4(com.emoniph.witchery.item.ItemPoppet@1516e399)
[21:24:34] [ForkJoinPool.commonPool-worker-13/WARN] [FML]: NEI: Forced tag update with reason (isDamaged) for 1xitem.witchery:poppet@5(com.emoniph.witchery.item.ItemPoppet@1516e399)
[21:24:34] [ForkJoinPool.commonPool-worker-13/WARN] [FML]: NEI: Forced tag update with reason (isDamaged) for 1xitem.witchery:poppet@6(com.emoniph.witchery.item.ItemPoppet@1516e399)
[21:24:34] [ForkJoinPool.commonPool-worker-13/WARN] [FML]: NEI: Forced tag update with reason (isDamaged) for 1xitem.witchery:poppet@7(com.emoniph.witchery.item.ItemPoppet@1516e399)
[21:24:34] [ForkJoinPool.commonPool-worker-13/WARN] [FML]: NEI: Forced tag update with reason (isDamaged) for 1xitem.witchery:poppet@8(com.emoniph.witchery.item.ItemPoppet@1516e399)
[21:24:34] [ForkJoinPool.commonPool-worker-13/WARN] [FML]: NEI: Forced tag update with reason (isDamaged) for 1xitem.witchery:poppet@9(com.emoniph.witchery.item.ItemPoppet@1516e399)
[21:24:34] [ForkJoinPool.commonPool-worker-13/WARN] [FML]: NEI: Forced tag update with reason (isDamaged) for 1xitem.witchery:poppet@10(com.emoniph.witchery.item.ItemPoppet@1516e399)
[21:24:34] [ForkJoinPool.commonPool-worker-13/WARN] [FML]: NEI: Forced tag update with reason (isDamaged) for 1xitem.witchery:poppet@11(com.emoniph.witchery.item.ItemPoppet@1516e399)
[21:24:34] [ForkJoinPool.commonPool-worker-13/WARN] [FML]: NEI: Forced tag update with reason (getDigSpeed) for 1xitem.draconicevolution:draconicDistructionStaff@0(com.brandon3055.draconicevolution.common.items.tools.DraconicDistructionStaff@7806a8f7)
[21:24:34] [ForkJoinPool.commonPool-worker-13/WARN] [FML]: NEI: Forced tag update with reason (getDigSpeed) for 1xitem.draconicevolution:draconicPickaxe@0(com.brandon3055.draconicevolution.common.items.tools.DraconicPickaxe@3f4381b4)
[21:24:34] [ForkJoinPool.commonPool-worker-13/WARN] [FML]: NEI: Forced tag update with reason (getDigSpeed) for 1xitem.draconicevolution:draconicAxe@0(com.brandon3055.draconicevolution.common.items.tools.DraconicAxe@52917c71)
[21:24:34] [ForkJoinPool.commonPool-worker-13/WARN] [FML]: NEI: Forced tag update with reason (getDigSpeed) for 1xitem.draconicevolution:draconicShovel@0(com.brandon3055.draconicevolution.common.items.tools.DraconicShovel@afc3f08)
[21:24:34] [ForkJoinPool.commonPool-worker-13/WARN] [FML]: NEI: Forced tag update with reason (getDigSpeed) for 1xitem.draconicevolution:wyvernPickaxe@0(com.brandon3055.draconicevolution.common.items.tools.WyvernPickaxe@797a58b6)
[21:24:34] [ForkJoinPool.commonPool-worker-13/WARN] [FML]: NEI: Forced tag update with reason (getDigSpeed) for 1xitem.draconicevolution:wyvernShovel@0(com.brandon3055.draconicevolution.common.items.tools.WyvernShovel@4c189bcb)
[21:24:35] [ForkJoinPool.commonPool-worker-13/WARN] [FML]: NEI: Forced tag update with reason (getFluid) for 1xitem.items.boundBloodDrop@0(evilcraft.modcompat.bloodmagic.BoundBloodDrop@57f279f7)
[21:24:35] [ForkJoinPool.commonPool-worker-13/ERROR] [NotEnoughItems]: Removing item: moze_intel.projecte.gameObjs.items.PhilosophersStone@d75e86f from list.
java.lang.NullPointerException
	at moze_intel.projecte.gameObjs.items.ItemCharge.getCharge(ItemCharge.java:57) ~[ItemCharge.class:?]
	at moze_intel.projecte.gameObjs.items.ItemCharge.getDurabilityForDisplay(ItemCharge.java:30) ~[ItemCharge.class:?]
	at codechicken.nei.ItemList$1.lambda$forceTagCompoundInitialization$6(ItemList.java:336) ~[ItemList$1.class:?]
	at codechicken.nei.ItemList$1$$Lambda$1813/1869334749.run(Unknown Source) ~[?:?]
	at codechicken.nei.ItemList$1.runChecked(ItemList.java:310) ~[ItemList$1.class:?]
	at codechicken.nei.ItemList$1.forceTagCompoundInitialization(ItemList.java:336) ~[ItemList$1.class:?]
	at codechicken.nei.ItemList$1.lambda$execute$12(ItemList.java:401) [ItemList$1.class:?]
	at codechicken.nei.ItemList$1$$Lambda$1798/619080757.accept(Unknown Source) [ItemList$1.class:?]
	at java.util.stream.ForEachOps$ForEachOp$OfRef.accept(ForEachOps.java:184) [?:1.8.0_51]
	at java.util.Spliterators$ArraySpliterator.forEachRemaining(Spliterators.java:948) [?:1.8.0_51]
	at java.util.stream.AbstractPipeline.copyInto(AbstractPipeline.java:512) [?:1.8.0_51]
	at java.util.stream.ForEachOps$ForEachTask.compute(ForEachOps.java:291) [?:1.8.0_51]
	at java.util.concurrent.CountedCompleter.exec(CountedCompleter.java:731) [?:1.8.0_51]
	at java.util.concurrent.ForkJoinTask.doExec(ForkJoinTask.java:289) [?:1.8.0_51]
	at java.util.concurrent.ForkJoinPool$WorkQueue.runTask(ForkJoinPool.java:1056) [?:1.8.0_51]
	at java.util.concurrent.ForkJoinPool.runWorker(ForkJoinPool.java:1689) [?:1.8.0_51]
	at java.util.concurrent.ForkJoinWorkerThread.run(ForkJoinWorkerThread.java:157) [?:1.8.0_51]
[21:24:35] [ForkJoinPool.commonPool-worker-13/WARN] [FML]: NEI: Forced tag update with reason (getDurabilityForDisplay) for 1xitem.pe_klein_star@0(moze_intel.projecte.gameObjs.items.KleinStar@24b65362)
[21:24:35] [ForkJoinPool.commonPool-worker-13/WARN] [FML]: NEI: Forced tag update with reason (getDurabilityForDisplay) for 1xitem.pe_klein_star@1(moze_intel.projecte.gameObjs.items.KleinStar@24b65362)
[21:24:35] [ForkJoinPool.commonPool-worker-13/WARN] [FML]: NEI: Forced tag update with reason (getDurabilityForDisplay) for 1xitem.pe_klein_star@2(moze_intel.projecte.gameObjs.items.KleinStar@24b65362)
[21:24:35] [ForkJoinPool.commonPool-worker-13/WARN] [FML]: NEI: Forced tag update with reason (getDurabilityForDisplay) for 1xitem.pe_klein_star@3(moze_intel.projecte.gameObjs.items.KleinStar@24b65362)
[21:24:35] [ForkJoinPool.commonPool-worker-13/WARN] [FML]: NEI: Forced tag update with reason (getDurabilityForDisplay) for 1xitem.pe_klein_star@4(moze_intel.projecte.gameObjs.items.KleinStar@24b65362)
[21:24:35] [ForkJoinPool.commonPool-worker-13/WARN] [FML]: NEI: Forced tag update with reason (getDurabilityForDisplay) for 1xitem.pe_klein_star@5(moze_intel.projecte.gameObjs.items.KleinStar@24b65362)
[21:24:35] [ForkJoinPool.commonPool-worker-13/ERROR] [NotEnoughItems]: Removing item: moze_intel.projecte.gameObjs.items.tools.DarkPick@3698eba5 from list.
java.lang.NullPointerException
	at moze_intel.projecte.gameObjs.items.ItemCharge.getCharge(ItemCharge.java:57) ~[ItemCharge.class:?]
	at moze_intel.projecte.gameObjs.items.ItemCharge.getDurabilityForDisplay(ItemCharge.java:30) ~[ItemCharge.class:?]
	at codechicken.nei.ItemList$1.lambda$forceTagCompoundInitialization$6(ItemList.java:336) ~[ItemList$1.class:?]
	at codechicken.nei.ItemList$1$$Lambda$1813/1869334749.run(Unknown Source) ~[?:?]
	at codechicken.nei.ItemList$1.runChecked(ItemList.java:310) ~[ItemList$1.class:?]
	at codechicken.nei.ItemList$1.forceTagCompoundInitialization(ItemList.java:336) ~[ItemList$1.class:?]
	at codechicken.nei.ItemList$1.lambda$execute$12(ItemList.java:401) [ItemList$1.class:?]
	at codechicken.nei.ItemList$1$$Lambda$1798/619080757.accept(Unknown Source) [ItemList$1.class:?]
	at java.util.stream.ForEachOps$ForEachOp$OfRef.accept(ForEachOps.java:184) [?:1.8.0_51]
	at java.util.Spliterators$ArraySpliterator.forEachRemaining(Spliterators.java:948) [?:1.8.0_51]
	at java.util.stream.AbstractPipeline.copyInto(AbstractPipeline.java:512) [?:1.8.0_51]
	at java.util.stream.ForEachOps$ForEachTask.compute(ForEachOps.java:291) [?:1.8.0_51]
	at java.util.concurrent.CountedCompleter.exec(CountedCompleter.java:731) [?:1.8.0_51]
	at java.util.concurrent.ForkJoinTask.doExec(ForkJoinTask.java:289) [?:1.8.0_51]
	at java.util.concurrent.ForkJoinPool$WorkQueue.runTask(ForkJoinPool.java:1056) [?:1.8.0_51]
	at java.util.concurrent.ForkJoinPool.runWorker(ForkJoinPool.java:1689) [?:1.8.0_51]
	at java.util.concurrent.ForkJoinWorkerThread.run(ForkJoinWorkerThread.java:157) [?:1.8.0_51]
[21:24:35] [ForkJoinPool.commonPool-worker-13/ERROR] [NotEnoughItems]: Removing item: moze_intel.projecte.gameObjs.items.tools.DarkAxe@27a37ed4 from list.
java.lang.NullPointerException
	at moze_intel.projecte.gameObjs.items.ItemCharge.getCharge(ItemCharge.java:57) ~[ItemCharge.class:?]
	at moze_intel.projecte.gameObjs.items.ItemCharge.getDurabilityForDisplay(ItemCharge.java:30) ~[ItemCharge.class:?]
	at codechicken.nei.ItemList$1.lambda$forceTagCompoundInitialization$6(ItemList.java:336) ~[ItemList$1.class:?]
	at codechicken.nei.ItemList$1$$Lambda$1813/1869334749.run(Unknown Source) ~[?:?]
	at codechicken.nei.ItemList$1.runChecked(ItemList.java:310) ~[ItemList$1.class:?]
	at codechicken.nei.ItemList$1.forceTagCompoundInitialization(ItemList.java:336) ~[ItemList$1.class:?]
	at codechicken.nei.ItemList$1.lambda$execute$12(ItemList.java:401) [ItemList$1.class:?]
	at codechicken.nei.ItemList$1$$Lambda$1798/619080757.accept(Unknown Source) [ItemList$1.class:?]
	at java.util.stream.ForEachOps$ForEachOp$OfRef.accept(ForEachOps.java:184) [?:1.8.0_51]
	at java.util.Spliterators$ArraySpliterator.forEachRemaining(Spliterators.java:948) [?:1.8.0_51]
	at java.util.stream.AbstractPipeline.copyInto(AbstractPipeline.java:512) [?:1.8.0_51]
	at java.util.stream.ForEachOps$ForEachTask.compute(ForEachOps.java:291) [?:1.8.0_51]
	at java.util.concurrent.CountedCompleter.exec(CountedCompleter.java:731) [?:1.8.0_51]
	at java.util.concurrent.ForkJoinTask.doExec(ForkJoinTask.java:289) [?:1.8.0_51]
	at java.util.concurrent.ForkJoinPool$WorkQueue.runTask(ForkJoinPool.java:1056) [?:1.8.0_51]
	at java.util.concurrent.ForkJoinPool.runWorker(ForkJoinPool.java:1689) [?:1.8.0_51]
	at java.util.concurrent.ForkJoinWorkerThread.run(ForkJoinWorkerThread.java:157) [?:1.8.0_51]
[21:24:35] [ForkJoinPool.commonPool-worker-13/ERROR] [NotEnoughItems]: Removing item: moze_intel.projecte.gameObjs.items.tools.DarkShovel@27e0a2e from list.
java.lang.NullPointerException
	at moze_intel.projecte.gameObjs.items.ItemCharge.getCharge(ItemCharge.java:57) ~[ItemCharge.class:?]
	at moze_intel.projecte.gameObjs.items.ItemCharge.getDurabilityForDisplay(ItemCharge.java:30) ~[ItemCharge.class:?]
	at codechicken.nei.ItemList$1.lambda$forceTagCompoundInitialization$6(ItemList.java:336) ~[ItemList$1.class:?]
	at codechicken.nei.ItemList$1$$Lambda$1813/1869334749.run(Unknown Source) ~[?:?]
	at codechicken.nei.ItemList$1.runChecked(ItemList.java:310) ~[ItemList$1.class:?]
	at codechicken.nei.ItemList$1.forceTagCompoundInitialization(ItemList.java:336) ~[ItemList$1.class:?]
	at codechicken.nei.ItemList$1.lambda$execute$12(ItemList.java:401) [ItemList$1.class:?]
	at codechicken.nei.ItemList$1$$Lambda$1798/619080757.accept(Unknown Source) [ItemList$1.class:?]
	at java.util.stream.ForEachOps$ForEachOp$OfRef.accept(ForEachOps.java:184) [?:1.8.0_51]
	at java.util.Spliterators$ArraySpliterator.forEachRemaining(Spliterators.java:948) [?:1.8.0_51]
	at java.util.stream.AbstractPipeline.copyInto(AbstractPipeline.java:512) [?:1.8.0_51]
	at java.util.stream.ForEachOps$ForEachTask.compute(ForEachOps.java:291) [?:1.8.0_51]
	at java.util.concurrent.CountedCompleter.exec(CountedCompleter.java:731) [?:1.8.0_51]
	at java.util.concurrent.ForkJoinTask.doExec(ForkJoinTask.java:289) [?:1.8.0_51]
	at java.util.concurrent.ForkJoinPool$WorkQueue.runTask(ForkJoinPool.java:1056) [?:1.8.0_51]
	at java.util.concurrent.ForkJoinPool.runWorker(ForkJoinPool.java:1689) [?:1.8.0_51]
	at java.util.concurrent.ForkJoinWorkerThread.run(ForkJoinWorkerThread.java:157) [?:1.8.0_51]
[21:24:35] [ForkJoinPool.commonPool-worker-13/ERROR] [NotEnoughItems]: Removing item: moze_intel.projecte.gameObjs.items.tools.DarkSword@3e6da460 from list.
java.lang.NullPointerException
	at moze_intel.projecte.gameObjs.items.ItemCharge.getCharge(ItemCharge.java:57) ~[ItemCharge.class:?]
	at moze_intel.projecte.gameObjs.items.ItemCharge.getDurabilityForDisplay(ItemCharge.java:30) ~[ItemCharge.class:?]
	at codechicken.nei.ItemList$1.lambda$forceTagCompoundInitialization$6(ItemList.java:336) ~[ItemList$1.class:?]
	at codechicken.nei.ItemList$1$$Lambda$1813/1869334749.run(Unknown Source) ~[?:?]
	at codechicken.nei.ItemList$1.runChecked(ItemList.java:310) ~[ItemList$1.class:?]
	at codechicken.nei.ItemList$1.forceTagCompoundInitialization(ItemList.java:336) ~[ItemList$1.class:?]
	at codechicken.nei.ItemList$1.lambda$execute$12(ItemList.java:401) [ItemList$1.class:?]
	at codechicken.nei.ItemList$1$$Lambda$1798/619080757.accept(Unknown Source) [ItemList$1.class:?]
	at java.util.stream.ForEachOps$ForEachOp$OfRef.accept(ForEachOps.java:184) [?:1.8.0_51]
	at java.util.Spliterators$ArraySpliterator.forEachRemaining(Spliterators.java:948) [?:1.8.0_51]
	at java.util.stream.AbstractPipeline.copyInto(AbstractPipeline.java:512) [?:1.8.0_51]
	at java.util.stream.ForEachOps$ForEachTask.compute(ForEachOps.java:291) [?:1.8.0_51]
	at java.util.concurrent.CountedCompleter.exec(CountedCompleter.java:731) [?:1.8.0_51]
	at java.util.concurrent.ForkJoinTask.doExec(ForkJoinTask.java:289) [?:1.8.0_51]
	at java.util.concurrent.ForkJoinPool$WorkQueue.runTask(ForkJoinPool.java:1056) [?:1.8.0_51]
	at java.util.concurrent.ForkJoinPool.runWorker(ForkJoinPool.java:1689) [?:1.8.0_51]
	at java.util.concurrent.ForkJoinWorkerThread.run(ForkJoinWorkerThread.java:157) [?:1.8.0_51]
[21:24:35] [ForkJoinPool.commonPool-worker-13/ERROR] [NotEnoughItems]: Removing item: moze_intel.projecte.gameObjs.items.tools.DarkHoe@4fd9a5cb from list.
java.lang.NullPointerException
	at moze_intel.projecte.gameObjs.items.ItemCharge.getCharge(ItemCharge.java:57) ~[ItemCharge.class:?]
	at moze_intel.projecte.gameObjs.items.ItemCharge.getDurabilityForDisplay(ItemCharge.java:30) ~[ItemCharge.class:?]
	at codechicken.nei.ItemList$1.lambda$forceTagCompoundInitialization$6(ItemList.java:336) ~[ItemList$1.class:?]
	at codechicken.nei.ItemList$1$$Lambda$1813/1869334749.run(Unknown Source) ~[?:?]
	at codechicken.nei.ItemList$1.runChecked(ItemList.java:310) ~[ItemList$1.class:?]
	at codechicken.nei.ItemList$1.forceTagCompoundInitialization(ItemList.java:336) ~[ItemList$1.class:?]
	at codechicken.nei.ItemList$1.lambda$execute$12(ItemList.java:401) [ItemList$1.class:?]
	at codechicken.nei.ItemList$1$$Lambda$1798/619080757.accept(Unknown Source) [ItemList$1.class:?]
	at java.util.stream.ForEachOps$ForEachOp$OfRef.accept(ForEachOps.java:184) [?:1.8.0_51]
	at java.util.Spliterators$ArraySpliterator.forEachRemaining(Spliterators.java:948) [?:1.8.0_51]
	at java.util.stream.AbstractPipeline.copyInto(AbstractPipeline.java:512) [?:1.8.0_51]
	at java.util.stream.ForEachOps$ForEachTask.compute(ForEachOps.java:291) [?:1.8.0_51]
	at java.util.concurrent.CountedCompleter.exec(CountedCompleter.java:731) [?:1.8.0_51]
	at java.util.concurrent.ForkJoinTask.doExec(ForkJoinTask.java:289) [?:1.8.0_51]
	at java.util.concurrent.ForkJoinPool$WorkQueue.runTask(ForkJoinPool.java:1056) [?:1.8.0_51]
	at java.util.concurrent.ForkJoinPool.runWorker(ForkJoinPool.java:1689) [?:1.8.0_51]
	at java.util.concurrent.ForkJoinWorkerThread.run(ForkJoinWorkerThread.java:157) [?:1.8.0_51]
[21:24:35] [ForkJoinPool.commonPool-worker-13/ERROR] [NotEnoughItems]: Removing item: moze_intel.projecte.gameObjs.items.tools.DarkShears@7330273a from list.
java.lang.NullPointerException
	at moze_intel.projecte.gameObjs.items.ItemCharge.getCharge(ItemCharge.java:57) ~[ItemCharge.class:?]
	at moze_intel.projecte.gameObjs.items.ItemCharge.getDurabilityForDisplay(ItemCharge.java:30) ~[ItemCharge.class:?]
	at codechicken.nei.ItemList$1.lambda$forceTagCompoundInitialization$6(ItemList.java:336) ~[ItemList$1.class:?]
	at codechicken.nei.ItemList$1$$Lambda$1813/1869334749.run(Unknown Source) ~[?:?]
	at codechicken.nei.ItemList$1.runChecked(ItemList.java:310) ~[ItemList$1.class:?]
	at codechicken.nei.ItemList$1.forceTagCompoundInitialization(ItemList.java:336) ~[ItemList$1.class:?]
	at codechicken.nei.ItemList$1.lambda$execute$12(ItemList.java:401) [ItemList$1.class:?]
	at codechicken.nei.ItemList$1$$Lambda$1798/619080757.accept(Unknown Source) [ItemList$1.class:?]
	at java.util.stream.ForEachOps$ForEachOp$OfRef.accept(ForEachOps.java:184) [?:1.8.0_51]
	at java.util.Spliterators$ArraySpliterator.forEachRemaining(Spliterators.java:948) [?:1.8.0_51]
	at java.util.stream.AbstractPipeline.copyInto(AbstractPipeline.java:512) [?:1.8.0_51]
	at java.util.stream.ForEachOps$ForEachTask.compute(ForEachOps.java:291) [?:1.8.0_51]
	at java.util.concurrent.CountedCompleter.exec(CountedCompleter.java:731) [?:1.8.0_51]
	at java.util.concurrent.ForkJoinTask.doExec(ForkJoinTask.java:289) [?:1.8.0_51]
	at java.util.concurrent.ForkJoinPool$WorkQueue.runTask(ForkJoinPool.java:1056) [?:1.8.0_51]
	at java.util.concurrent.ForkJoinPool.runWorker(ForkJoinPool.java:1689) [?:1.8.0_51]
	at java.util.concurrent.ForkJoinWorkerThread.run(ForkJoinWorkerThread.java:157) [?:1.8.0_51]
[21:24:35] [ForkJoinPool.commonPool-worker-13/ERROR] [NotEnoughItems]: Removing item: moze_intel.projecte.gameObjs.items.tools.DarkHammer@1ed6c08 from list.
java.lang.NullPointerException
	at moze_intel.projecte.gameObjs.items.ItemCharge.getCharge(ItemCharge.java:57) ~[ItemCharge.class:?]
	at moze_intel.projecte.gameObjs.items.ItemCharge.getDurabilityForDisplay(ItemCharge.java:30) ~[ItemCharge.class:?]
	at codechicken.nei.ItemList$1.lambda$forceTagCompoundInitialization$6(ItemList.java:336) ~[ItemList$1.class:?]
	at codechicken.nei.ItemList$1$$Lambda$1813/1869334749.run(Unknown Source) ~[?:?]
	at codechicken.nei.ItemList$1.runChecked(ItemList.java:310) ~[ItemList$1.class:?]
	at codechicken.nei.ItemList$1.forceTagCompoundInitialization(ItemList.java:336) ~[ItemList$1.class:?]
	at codechicken.nei.ItemList$1.lambda$execute$12(ItemList.java:401) [ItemList$1.class:?]
	at codechicken.nei.ItemList$1$$Lambda$1798/619080757.accept(Unknown Source) [ItemList$1.class:?]
	at java.util.stream.ForEachOps$ForEachOp$OfRef.accept(ForEachOps.java:184) [?:1.8.0_51]
	at java.util.Spliterators$ArraySpliterator.forEachRemaining(Spliterators.java:948) [?:1.8.0_51]
	at java.util.stream.AbstractPipeline.copyInto(AbstractPipeline.java:512) [?:1.8.0_51]
	at java.util.stream.ForEachOps$ForEachTask.compute(ForEachOps.java:291) [?:1.8.0_51]
	at java.util.concurrent.CountedCompleter.exec(CountedCompleter.java:731) [?:1.8.0_51]
	at java.util.concurrent.ForkJoinTask.doExec(ForkJoinTask.java:289) [?:1.8.0_51]
	at java.util.concurrent.ForkJoinPool$WorkQueue.runTask(ForkJoinPool.java:1056) [?:1.8.0_51]
	at java.util.concurrent.ForkJoinPool.runWorker(ForkJoinPool.java:1689) [?:1.8.0_51]
	at java.util.concurrent.ForkJoinWorkerThread.run(ForkJoinWorkerThread.java:157) [?:1.8.0_51]
[21:24:35] [ForkJoinPool.commonPool-worker-13/ERROR] [NotEnoughItems]: Removing item: moze_intel.projecte.gameObjs.items.tools.RedPick@52f086f1 from list.
java.lang.NullPointerException
	at moze_intel.projecte.gameObjs.items.ItemCharge.getCharge(ItemCharge.java:57) ~[ItemCharge.class:?]
	at moze_intel.projecte.gameObjs.items.ItemCharge.getDurabilityForDisplay(ItemCharge.java:30) ~[ItemCharge.class:?]
	at codechicken.nei.ItemList$1.lambda$forceTagCompoundInitialization$6(ItemList.java:336) ~[ItemList$1.class:?]
	at codechicken.nei.ItemList$1$$Lambda$1813/1869334749.run(Unknown Source) ~[?:?]
	at codechicken.nei.ItemList$1.runChecked(ItemList.java:310) ~[ItemList$1.class:?]
	at codechicken.nei.ItemList$1.forceTagCompoundInitialization(ItemList.java:336) ~[ItemList$1.class:?]
	at codechicken.nei.ItemList$1.lambda$execute$12(ItemList.java:401) [ItemList$1.class:?]
	at codechicken.nei.ItemList$1$$Lambda$1798/619080757.accept(Unknown Source) [ItemList$1.class:?]
	at java.util.stream.ForEachOps$ForEachOp$OfRef.accept(ForEachOps.java:184) [?:1.8.0_51]
	at java.util.Spliterators$ArraySpliterator.forEachRemaining(Spliterators.java:948) [?:1.8.0_51]
	at java.util.stream.AbstractPipeline.copyInto(AbstractPipeline.java:512) [?:1.8.0_51]
	at java.util.stream.ForEachOps$ForEachTask.compute(ForEachOps.java:291) [?:1.8.0_51]
	at java.util.concurrent.CountedCompleter.exec(CountedCompleter.java:731) [?:1.8.0_51]
	at java.util.concurrent.ForkJoinTask.doExec(ForkJoinTask.java:289) [?:1.8.0_51]
	at java.util.concurrent.ForkJoinPool$WorkQueue.runTask(ForkJoinPool.java:1056) [?:1.8.0_51]
	at java.util.concurrent.ForkJoinPool.runWorker(ForkJoinPool.java:1689) [?:1.8.0_51]
	at java.util.concurrent.ForkJoinWorkerThread.run(ForkJoinWorkerThread.java:157) [?:1.8.0_51]
[21:24:35] [ForkJoinPool.commonPool-worker-13/ERROR] [NotEnoughItems]: Removing item: moze_intel.projecte.gameObjs.items.tools.RedAxe@50858699 from list.
java.lang.NullPointerException
	at moze_intel.projecte.gameObjs.items.ItemCharge.getCharge(ItemCharge.java:57) ~[ItemCharge.class:?]
	at moze_intel.projecte.gameObjs.items.ItemCharge.getDurabilityForDisplay(ItemCharge.java:30) ~[ItemCharge.class:?]
	at codechicken.nei.ItemList$1.lambda$forceTagCompoundInitialization$6(ItemList.java:336) ~[ItemList$1.class:?]
	at codechicken.nei.ItemList$1$$Lambda$1813/1869334749.run(Unknown Source) ~[?:?]
	at codechicken.nei.ItemList$1.runChecked(ItemList.java:310) ~[ItemList$1.class:?]
	at codechicken.nei.ItemList$1.forceTagCompoundInitialization(ItemList.java:336) ~[ItemList$1.class:?]
	at codechicken.nei.ItemList$1.lambda$execute$12(ItemList.java:401) [ItemList$1.class:?]
	at codechicken.nei.ItemList$1$$Lambda$1798/619080757.accept(Unknown Source) [ItemList$1.class:?]
	at java.util.stream.ForEachOps$ForEachOp$OfRef.accept(ForEachOps.java:184) [?:1.8.0_51]
	at java.util.Spliterators$ArraySpliterator.forEachRemaining(Spliterators.java:948) [?:1.8.0_51]
	at java.util.stream.AbstractPipeline.copyInto(AbstractPipeline.java:512) [?:1.8.0_51]
	at java.util.stream.ForEachOps$ForEachTask.compute(ForEachOps.java:291) [?:1.8.0_51]
	at java.util.concurrent.CountedCompleter.exec(CountedCompleter.java:731) [?:1.8.0_51]
	at java.util.concurrent.ForkJoinTask.doExec(ForkJoinTask.java:289) [?:1.8.0_51]
	at java.util.concurrent.ForkJoinPool$WorkQueue.runTask(ForkJoinPool.java:1056) [?:1.8.0_51]
	at java.util.concurrent.ForkJoinPool.runWorker(ForkJoinPool.java:1689) [?:1.8.0_51]
	at java.util.concurrent.ForkJoinWorkerThread.run(ForkJoinWorkerThread.java:157) [?:1.8.0_51]
[21:24:35] [ForkJoinPool.commonPool-worker-13/ERROR] [NotEnoughItems]: Removing item: moze_intel.projecte.gameObjs.items.tools.RedShovel@22fe6244 from list.
java.lang.NullPointerException
	at moze_intel.projecte.gameObjs.items.ItemCharge.getCharge(ItemCharge.java:57) ~[ItemCharge.class:?]
	at moze_intel.projecte.gameObjs.items.ItemCharge.getDurabilityForDisplay(ItemCharge.java:30) ~[ItemCharge.class:?]
	at codechicken.nei.ItemList$1.lambda$forceTagCompoundInitialization$6(ItemList.java:336) ~[ItemList$1.class:?]
	at codechicken.nei.ItemList$1$$Lambda$1813/1869334749.run(Unknown Source) ~[?:?]
	at codechicken.nei.ItemList$1.runChecked(ItemList.java:310) ~[ItemList$1.class:?]
	at codechicken.nei.ItemList$1.forceTagCompoundInitialization(ItemList.java:336) ~[ItemList$1.class:?]
	at codechicken.nei.ItemList$1.lambda$execute$12(ItemList.java:401) [ItemList$1.class:?]
	at codechicken.nei.ItemList$1$$Lambda$1798/619080757.accept(Unknown Source) [ItemList$1.class:?]
	at java.util.stream.ForEachOps$ForEachOp$OfRef.accept(ForEachOps.java:184) [?:1.8.0_51]
	at java.util.Spliterators$ArraySpliterator.forEachRemaining(Spliterators.java:948) [?:1.8.0_51]
	at java.util.stream.AbstractPipeline.copyInto(AbstractPipeline.java:512) [?:1.8.0_51]
	at java.util.stream.ForEachOps$ForEachTask.compute(ForEachOps.java:291) [?:1.8.0_51]
	at java.util.concurrent.CountedCompleter.exec(CountedCompleter.java:731) [?:1.8.0_51]
	at java.util.concurrent.ForkJoinTask.doExec(ForkJoinTask.java:289) [?:1.8.0_51]
	at java.util.concurrent.ForkJoinPool$WorkQueue.runTask(ForkJoinPool.java:1056) [?:1.8.0_51]
	at java.util.concurrent.ForkJoinPool.runWorker(ForkJoinPool.java:1689) [?:1.8.0_51]
	at java.util.concurrent.ForkJoinWorkerThread.run(ForkJoinWorkerThread.java:157) [?:1.8.0_51]
[21:24:35] [ForkJoinPool.commonPool-worker-13/ERROR] [NotEnoughItems]: Removing item: moze_intel.projecte.gameObjs.items.tools.RedSword@4819d73f from list.
java.lang.NullPointerException
	at moze_intel.projecte.gameObjs.items.ItemCharge.getCharge(ItemCharge.java:57) ~[ItemCharge.class:?]
	at moze_intel.projecte.gameObjs.items.ItemCharge.getDurabilityForDisplay(ItemCharge.java:30) ~[ItemCharge.class:?]
	at codechicken.nei.ItemList$1.lambda$forceTagCompoundInitialization$6(ItemList.java:336) ~[ItemList$1.class:?]
	at codechicken.nei.ItemList$1$$Lambda$1813/1869334749.run(Unknown Source) ~[?:?]
	at codechicken.nei.ItemList$1.runChecked(ItemList.java:310) ~[ItemList$1.class:?]
	at codechicken.nei.ItemList$1.forceTagCompoundInitialization(ItemList.java:336) ~[ItemList$1.class:?]
	at codechicken.nei.ItemList$1.lambda$execute$12(ItemList.java:401) [ItemList$1.class:?]
	at codechicken.nei.ItemList$1$$Lambda$1798/619080757.accept(Unknown Source) [ItemList$1.class:?]
	at java.util.stream.ForEachOps$ForEachOp$OfRef.accept(ForEachOps.java:184) [?:1.8.0_51]
	at java.util.Spliterators$ArraySpliterator.forEachRemaining(Spliterators.java:948) [?:1.8.0_51]
	at java.util.stream.AbstractPipeline.copyInto(AbstractPipeline.java:512) [?:1.8.0_51]
	at java.util.stream.ForEachOps$ForEachTask.compute(ForEachOps.java:291) [?:1.8.0_51]
	at java.util.concurrent.CountedCompleter.exec(CountedCompleter.java:731) [?:1.8.0_51]
	at java.util.concurrent.ForkJoinTask.doExec(ForkJoinTask.java:289) [?:1.8.0_51]
	at java.util.concurrent.ForkJoinPool$WorkQueue.runTask(ForkJoinPool.java:1056) [?:1.8.0_51]
	at java.util.concurrent.ForkJoinPool.runWorker(ForkJoinPool.java:1689) [?:1.8.0_51]
	at java.util.concurrent.ForkJoinWorkerThread.run(ForkJoinWorkerThread.java:157) [?:1.8.0_51]
[21:24:35] [ForkJoinPool.commonPool-worker-13/ERROR] [NotEnoughItems]: Removing item: moze_intel.projecte.gameObjs.items.tools.RedHoe@1e0807c3 from list.
java.lang.NullPointerException
	at moze_intel.projecte.gameObjs.items.ItemCharge.getCharge(ItemCharge.java:57) ~[ItemCharge.class:?]
	at moze_intel.projecte.gameObjs.items.ItemCharge.getDurabilityForDisplay(ItemCharge.java:30) ~[ItemCharge.class:?]
	at codechicken.nei.ItemList$1.lambda$forceTagCompoundInitialization$6(ItemList.java:336) ~[ItemList$1.class:?]
	at codechicken.nei.ItemList$1$$Lambda$1813/1869334749.run(Unknown Source) ~[?:?]
	at codechicken.nei.ItemList$1.runChecked(ItemList.java:310) ~[ItemList$1.class:?]
	at codechicken.nei.ItemList$1.forceTagCompoundInitialization(ItemList.java:336) ~[ItemList$1.class:?]
	at codechicken.nei.ItemList$1.lambda$execute$12(ItemList.java:401) [ItemList$1.class:?]
	at codechicken.nei.ItemList$1$$Lambda$1798/619080757.accept(Unknown Source) [ItemList$1.class:?]
	at java.util.stream.ForEachOps$ForEachOp$OfRef.accept(ForEachOps.java:184) [?:1.8.0_51]
	at java.util.Spliterators$ArraySpliterator.forEachRemaining(Spliterators.java:948) [?:1.8.0_51]
	at java.util.stream.AbstractPipeline.copyInto(AbstractPipeline.java:512) [?:1.8.0_51]
	at java.util.stream.ForEachOps$ForEachTask.compute(ForEachOps.java:291) [?:1.8.0_51]
	at java.util.concurrent.CountedCompleter.exec(CountedCompleter.java:731) [?:1.8.0_51]
	at java.util.concurrent.ForkJoinTask.doExec(ForkJoinTask.java:289) [?:1.8.0_51]
	at java.util.concurrent.ForkJoinPool$WorkQueue.runTask(ForkJoinPool.java:1056) [?:1.8.0_51]
	at java.util.concurrent.ForkJoinPool.runWorker(ForkJoinPool.java:1689) [?:1.8.0_51]
	at java.util.concurrent.ForkJoinWorkerThread.run(ForkJoinWorkerThread.java:157) [?:1.8.0_51]
[21:24:35] [ForkJoinPool.commonPool-worker-13/ERROR] [NotEnoughItems]: Removing item: moze_intel.projecte.gameObjs.items.tools.RedShears@6245fbd5 from list.
java.lang.NullPointerException
	at moze_intel.projecte.gameObjs.items.ItemCharge.getCharge(ItemCharge.java:57) ~[ItemCharge.class:?]
	at moze_intel.projecte.gameObjs.items.ItemCharge.getDurabilityForDisplay(ItemCharge.java:30) ~[ItemCharge.class:?]
	at codechicken.nei.ItemList$1.lambda$forceTagCompoundInitialization$6(ItemList.java:336) ~[ItemList$1.class:?]
	at codechicken.nei.ItemList$1$$Lambda$1813/1869334749.run(Unknown Source) ~[?:?]
	at codechicken.nei.ItemList$1.runChecked(ItemList.java:310) ~[ItemList$1.class:?]
	at codechicken.nei.ItemList$1.forceTagCompoundInitialization(ItemList.java:336) ~[ItemList$1.class:?]
	at codechicken.nei.ItemList$1.lambda$execute$12(ItemList.java:401) [ItemList$1.class:?]
	at codechicken.nei.ItemList$1$$Lambda$1798/619080757.accept(Unknown Source) [ItemList$1.class:?]
	at java.util.stream.ForEachOps$ForEachOp$OfRef.accept(ForEachOps.java:184) [?:1.8.0_51]
	at java.util.Spliterators$ArraySpliterator.forEachRemaining(Spliterators.java:948) [?:1.8.0_51]
	at java.util.stream.AbstractPipeline.copyInto(AbstractPipeline.java:512) [?:1.8.0_51]
	at java.util.stream.ForEachOps$ForEachTask.compute(ForEachOps.java:291) [?:1.8.0_51]
	at java.util.concurrent.CountedCompleter.exec(CountedCompleter.java:731) [?:1.8.0_51]
	at java.util.concurrent.ForkJoinTask.doExec(ForkJoinTask.java:289) [?:1.8.0_51]
	at java.util.concurrent.ForkJoinPool$WorkQueue.runTask(ForkJoinPool.java:1056) [?:1.8.0_51]
	at java.util.concurrent.ForkJoinPool.runWorker(ForkJoinPool.java:1689) [?:1.8.0_51]
	at java.util.concurrent.ForkJoinWorkerThread.run(ForkJoinWorkerThread.java:157) [?:1.8.0_51]
[21:24:35] [ForkJoinPool.commonPool-worker-13/ERROR] [NotEnoughItems]: Removing item: moze_intel.projecte.gameObjs.items.tools.RedHammer@33f8499b from list.
java.lang.NullPointerException
	at moze_intel.projecte.gameObjs.items.ItemCharge.getCharge(ItemCharge.java:57) ~[ItemCharge.class:?]
	at moze_intel.projecte.gameObjs.items.ItemCharge.getDurabilityForDisplay(ItemCharge.java:30) ~[ItemCharge.class:?]
	at codechicken.nei.ItemList$1.lambda$forceTagCompoundInitialization$6(ItemList.java:336) ~[ItemList$1.class:?]
	at codechicken.nei.ItemList$1$$Lambda$1813/1869334749.run(Unknown Source) ~[?:?]
	at codechicken.nei.ItemList$1.runChecked(ItemList.java:310) ~[ItemList$1.class:?]
	at codechicken.nei.ItemList$1.forceTagCompoundInitialization(ItemList.java:336) ~[ItemList$1.class:?]
	at codechicken.nei.ItemList$1.lambda$execute$12(ItemList.java:401) [ItemList$1.class:?]
	at codechicken.nei.ItemList$1$$Lambda$1798/619080757.accept(Unknown Source) [ItemList$1.class:?]
	at java.util.stream.ForEachOps$ForEachOp$OfRef.accept(ForEachOps.java:184) [?:1.8.0_51]
	at java.util.Spliterators$ArraySpliterator.forEachRemaining(Spliterators.java:948) [?:1.8.0_51]
	at java.util.stream.AbstractPipeline.copyInto(AbstractPipeline.java:512) [?:1.8.0_51]
	at java.util.stream.ForEachOps$ForEachTask.compute(ForEachOps.java:291) [?:1.8.0_51]
	at java.util.concurrent.CountedCompleter.exec(CountedCompleter.java:731) [?:1.8.0_51]
	at java.util.concurrent.ForkJoinTask.doExec(ForkJoinTask.java:289) [?:1.8.0_51]
	at java.util.concurrent.ForkJoinPool$WorkQueue.runTask(ForkJoinPool.java:1056) [?:1.8.0_51]
	at java.util.concurrent.ForkJoinPool.runWorker(ForkJoinPool.java:1689) [?:1.8.0_51]
	at java.util.concurrent.ForkJoinWorkerThread.run(ForkJoinWorkerThread.java:157) [?:1.8.0_51]
[21:24:35] [ForkJoinPool.commonPool-worker-13/ERROR] [NotEnoughItems]: Removing item: moze_intel.projecte.gameObjs.items.tools.RedKatar@355ed0f4 from list.
java.lang.NullPointerException
	at moze_intel.projecte.gameObjs.items.ItemCharge.getCharge(ItemCharge.java:57) ~[ItemCharge.class:?]
	at moze_intel.projecte.gameObjs.items.ItemCharge.getDurabilityForDisplay(ItemCharge.java:30) ~[ItemCharge.class:?]
	at codechicken.nei.ItemList$1.lambda$forceTagCompoundInitialization$6(ItemList.java:336) ~[ItemList$1.class:?]
	at codechicken.nei.ItemList$1$$Lambda$1813/1869334749.run(Unknown Source) ~[?:?]
	at codechicken.nei.ItemList$1.runChecked(ItemList.java:310) ~[ItemList$1.class:?]
	at codechicken.nei.ItemList$1.forceTagCompoundInitialization(ItemList.java:336) ~[ItemList$1.class:?]
	at codechicken.nei.ItemList$1.lambda$execute$12(ItemList.java:401) [ItemList$1.class:?]
	at codechicken.nei.ItemList$1$$Lambda$1798/619080757.accept(Unknown Source) [ItemList$1.class:?]
	at java.util.stream.ForEachOps$ForEachOp$OfRef.accept(ForEachOps.java:184) [?:1.8.0_51]
	at java.util.Spliterators$ArraySpliterator.forEachRemaining(Spliterators.java:948) [?:1.8.0_51]
	at java.util.stream.AbstractPipeline.copyInto(AbstractPipeline.java:512) [?:1.8.0_51]
	at java.util.stream.ForEachOps$ForEachTask.compute(ForEachOps.java:291) [?:1.8.0_51]
	at java.util.concurrent.CountedCompleter.exec(CountedCompleter.java:731) [?:1.8.0_51]
	at java.util.concurrent.ForkJoinTask.doExec(ForkJoinTask.java:289) [?:1.8.0_51]
	at java.util.concurrent.ForkJoinPool$WorkQueue.runTask(ForkJoinPool.java:1056) [?:1.8.0_51]
	at java.util.concurrent.ForkJoinPool.runWorker(ForkJoinPool.java:1689) [?:1.8.0_51]
	at java.util.concurrent.ForkJoinWorkerThread.run(ForkJoinWorkerThread.java:157) [?:1.8.0_51]
[21:24:35] [ForkJoinPool.commonPool-worker-13/ERROR] [NotEnoughItems]: Removing item: moze_intel.projecte.gameObjs.items.tools.RedStar@6b36ef83 from list.
java.lang.NullPointerException
	at moze_intel.projecte.gameObjs.items.ItemCharge.getCharge(ItemCharge.java:57) ~[ItemCharge.class:?]
	at moze_intel.projecte.gameObjs.items.ItemCharge.getDurabilityForDisplay(ItemCharge.java:30) ~[ItemCharge.class:?]
	at codechicken.nei.ItemList$1.lambda$forceTagCompoundInitialization$6(ItemList.java:336) ~[ItemList$1.class:?]
	at codechicken.nei.ItemList$1$$Lambda$1813/1869334749.run(Unknown Source) ~[?:?]
	at codechicken.nei.ItemList$1.runChecked(ItemList.java:310) ~[ItemList$1.class:?]
	at codechicken.nei.ItemList$1.forceTagCompoundInitialization(ItemList.java:336) ~[ItemList$1.class:?]
	at codechicken.nei.ItemList$1.lambda$execute$12(ItemList.java:401) [ItemList$1.class:?]
	at codechicken.nei.ItemList$1$$Lambda$1798/619080757.accept(Unknown Source) [ItemList$1.class:?]
	at java.util.stream.ForEachOps$ForEachOp$OfRef.accept(ForEachOps.java:184) [?:1.8.0_51]
	at java.util.Spliterators$ArraySpliterator.forEachRemaining(Spliterators.java:948) [?:1.8.0_51]
	at java.util.stream.AbstractPipeline.copyInto(AbstractPipeline.java:512) [?:1.8.0_51]
	at java.util.stream.ForEachOps$ForEachTask.compute(ForEachOps.java:291) [?:1.8.0_51]
	at java.util.concurrent.CountedCompleter.exec(CountedCompleter.java:731) [?:1.8.0_51]
	at java.util.concurrent.ForkJoinTask.doExec(ForkJoinTask.java:289) [?:1.8.0_51]
	at java.util.concurrent.ForkJoinPool$WorkQueue.runTask(ForkJoinPool.java:1056) [?:1.8.0_51]
	at java.util.concurrent.ForkJoinPool.runWorker(ForkJoinPool.java:1689) [?:1.8.0_51]
	at java.util.concurrent.ForkJoinWorkerThread.run(ForkJoinWorkerThread.java:157) [?:1.8.0_51]
[21:24:35] [ForkJoinPool.commonPool-worker-13/ERROR] [NotEnoughItems]: Removing item: moze_intel.projecte.gameObjs.items.rings.Zero@10bad903 from list.
java.lang.NullPointerException
	at moze_intel.projecte.gameObjs.items.ItemCharge.getCharge(ItemCharge.java:57) ~[ItemCharge.class:?]
	at moze_intel.projecte.gameObjs.items.ItemCharge.getDurabilityForDisplay(ItemCharge.java:30) ~[ItemCharge.class:?]
	at codechicken.nei.ItemList$1.lambda$forceTagCompoundInitialization$6(ItemList.java:336) ~[ItemList$1.class:?]
	at codechicken.nei.ItemList$1$$Lambda$1813/1869334749.run(Unknown Source) ~[?:?]
	at codechicken.nei.ItemList$1.runChecked(ItemList.java:310) ~[ItemList$1.class:?]
	at codechicken.nei.ItemList$1.forceTagCompoundInitialization(ItemList.java:336) ~[ItemList$1.class:?]
	at codechicken.nei.ItemList$1.lambda$execute$12(ItemList.java:401) [ItemList$1.class:?]
	at codechicken.nei.ItemList$1$$Lambda$1798/619080757.accept(Unknown Source) [ItemList$1.class:?]
	at java.util.stream.ForEachOps$ForEachOp$OfRef.accept(ForEachOps.java:184) [?:1.8.0_51]
	at java.util.Spliterators$ArraySpliterator.forEachRemaining(Spliterators.java:948) [?:1.8.0_51]
	at java.util.stream.AbstractPipeline.copyInto(AbstractPipeline.java:512) [?:1.8.0_51]
	at java.util.stream.ForEachOps$ForEachTask.compute(ForEachOps.java:291) [?:1.8.0_51]
	at java.util.concurrent.CountedCompleter.exec(CountedCompleter.java:731) [?:1.8.0_51]
	at java.util.concurrent.ForkJoinTask.doExec(ForkJoinTask.java:289) [?:1.8.0_51]
	at java.util.concurrent.ForkJoinPool$WorkQueue.runTask(ForkJoinPool.java:1056) [?:1.8.0_51]
	at java.util.concurrent.ForkJoinPool.runWorker(ForkJoinPool.java:1689) [?:1.8.0_51]
	at java.util.concurrent.ForkJoinWorkerThread.run(ForkJoinWorkerThread.java:157) [?:1.8.0_51]
[21:24:35] [ForkJoinPool.commonPool-worker-13/ERROR] [NotEnoughItems]: Removing item: moze_intel.projecte.gameObjs.items.TimeWatch@79ba0af5 from list.
java.lang.NullPointerException
	at moze_intel.projecte.gameObjs.items.ItemCharge.getCharge(ItemCharge.java:57) ~[ItemCharge.class:?]
	at moze_intel.projecte.gameObjs.items.ItemCharge.getDurabilityForDisplay(ItemCharge.java:30) ~[ItemCharge.class:?]
	at codechicken.nei.ItemList$1.lambda$forceTagCompoundInitialization$6(ItemList.java:336) ~[ItemList$1.class:?]
	at codechicken.nei.ItemList$1$$Lambda$1813/1869334749.run(Unknown Source) ~[?:?]
	at codechicken.nei.ItemList$1.runChecked(ItemList.java:310) ~[ItemList$1.class:?]
	at codechicken.nei.ItemList$1.forceTagCompoundInitialization(ItemList.java:336) ~[ItemList$1.class:?]
	at codechicken.nei.ItemList$1.lambda$execute$12(ItemList.java:401) [ItemList$1.class:?]
	at codechicken.nei.ItemList$1$$Lambda$1798/619080757.accept(Unknown Source) [ItemList$1.class:?]
	at java.util.stream.ForEachOps$ForEachOp$OfRef.accept(ForEachOps.java:184) [?:1.8.0_51]
	at java.util.Spliterators$ArraySpliterator.forEachRemaining(Spliterators.java:948) [?:1.8.0_51]
	at java.util.stream.AbstractPipeline.copyInto(AbstractPipeline.java:512) [?:1.8.0_51]
	at java.util.stream.ForEachOps$ForEachTask.compute(ForEachOps.java:291) [?:1.8.0_51]
	at java.util.concurrent.CountedCompleter.exec(CountedCompleter.java:731) [?:1.8.0_51]
	at java.util.concurrent.ForkJoinTask.doExec(ForkJoinTask.java:289) [?:1.8.0_51]
	at java.util.concurrent.ForkJoinPool$WorkQueue.runTask(ForkJoinPool.java:1056) [?:1.8.0_51]
	at java.util.concurrent.ForkJoinPool.runWorker(ForkJoinPool.java:1689) [?:1.8.0_51]
	at java.util.concurrent.ForkJoinWorkerThread.run(ForkJoinWorkerThread.java:157) [?:1.8.0_51]
[21:24:35] [ForkJoinPool.commonPool-worker-13/ERROR] [NotEnoughItems]: Removing item: moze_intel.projecte.gameObjs.items.MercurialEye@398181b4 from list.
java.lang.NullPointerException
	at moze_intel.projecte.gameObjs.items.ItemCharge.getCharge(ItemCharge.java:57) ~[ItemCharge.class:?]
	at moze_intel.projecte.gameObjs.items.ItemCharge.getDurabilityForDisplay(ItemCharge.java:30) ~[ItemCharge.class:?]
	at codechicken.nei.ItemList$1.lambda$forceTagCompoundInitialization$6(ItemList.java:336) ~[ItemList$1.class:?]
	at codechicken.nei.ItemList$1$$Lambda$1813/1869334749.run(Unknown Source) ~[?:?]
	at codechicken.nei.ItemList$1.runChecked(ItemList.java:310) ~[ItemList$1.class:?]
	at codechicken.nei.ItemList$1.forceTagCompoundInitialization(ItemList.java:336) ~[ItemList$1.class:?]
	at codechicken.nei.ItemList$1.lambda$execute$12(ItemList.java:401) [ItemList$1.class:?]
	at codechicken.nei.ItemList$1$$Lambda$1798/619080757.accept(Unknown Source) [ItemList$1.class:?]
	at java.util.stream.ForEachOps$ForEachOp$OfRef.accept(ForEachOps.java:184) [?:1.8.0_51]
	at java.util.Spliterators$ArraySpliterator.forEachRemaining(Spliterators.java:948) [?:1.8.0_51]
	at java.util.stream.AbstractPipeline.copyInto(AbstractPipeline.java:512) [?:1.8.0_51]
	at java.util.stream.ForEachOps$ForEachTask.compute(ForEachOps.java:291) [?:1.8.0_51]
	at java.util.concurrent.CountedCompleter.exec(CountedCompleter.java:731) [?:1.8.0_51]
	at java.util.concurrent.ForkJoinTask.doExec(ForkJoinTask.java:289) [?:1.8.0_51]
	at java.util.concurrent.ForkJoinPool$WorkQueue.runTask(ForkJoinPool.java:1056) [?:1.8.0_51]
	at java.util.concurrent.ForkJoinPool.runWorker(ForkJoinPool.java:1689) [?:1.8.0_51]
	at java.util.concurrent.ForkJoinWorkerThread.run(ForkJoinWorkerThread.java:157) [?:1.8.0_51]
[21:24:35] [ForkJoinPool.commonPool-worker-13/ERROR] [NotEnoughItems]: Removing item: moze_intel.projecte.gameObjs.items.DestructionCatalyst@5d5e634d from list.
java.lang.NullPointerException
	at moze_intel.projecte.gameObjs.items.ItemCharge.getCharge(ItemCharge.java:57) ~[ItemCharge.class:?]
	at moze_intel.projecte.gameObjs.items.ItemCharge.getDurabilityForDisplay(ItemCharge.java:30) ~[ItemCharge.class:?]
	at codechicken.nei.ItemList$1.lambda$forceTagCompoundInitialization$6(ItemList.java:336) ~[ItemList$1.class:?]
	at codechicken.nei.ItemList$1$$Lambda$1813/1869334749.run(Unknown Source) ~[?:?]
	at codechicken.nei.ItemList$1.runChecked(ItemList.java:310) ~[ItemList$1.class:?]
	at codechicken.nei.ItemList$1.forceTagCompoundInitialization(ItemList.java:336) ~[ItemList$1.class:?]
	at codechicken.nei.ItemList$1.lambda$execute$12(ItemList.java:401) [ItemList$1.class:?]
	at codechicken.nei.ItemList$1$$Lambda$1798/619080757.accept(Unknown Source) [ItemList$1.class:?]
	at java.util.stream.ForEachOps$ForEachOp$OfRef.accept(ForEachOps.java:184) [?:1.8.0_51]
	at java.util.Spliterators$ArraySpliterator.forEachRemaining(Spliterators.java:948) [?:1.8.0_51]
	at java.util.stream.AbstractPipeline.copyInto(AbstractPipeline.java:512) [?:1.8.0_51]
	at java.util.stream.ForEachOps$ForEachTask.compute(ForEachOps.java:291) [?:1.8.0_51]
	at java.util.concurrent.CountedCompleter.exec(CountedCompleter.java:731) [?:1.8.0_51]
	at java.util.concurrent.ForkJoinTask.doExec(ForkJoinTask.java:289) [?:1.8.0_51]
	at java.util.concurrent.ForkJoinPool$WorkQueue.runTask(ForkJoinPool.java:1056) [?:1.8.0_51]
	at java.util.concurrent.ForkJoinPool.runWorker(ForkJoinPool.java:1689) [?:1.8.0_51]
	at java.util.concurrent.ForkJoinWorkerThread.run(ForkJoinWorkerThread.java:157) [?:1.8.0_51]
[21:24:35] [ForkJoinPool.commonPool-worker-13/ERROR] [NotEnoughItems]: Removing item: moze_intel.projecte.gameObjs.items.HyperkineticLens@44a8fb0e from list.
java.lang.NullPointerException
	at moze_intel.projecte.gameObjs.items.ItemCharge.getCharge(ItemCharge.java:57) ~[ItemCharge.class:?]
	at moze_intel.projecte.gameObjs.items.ItemCharge.getDurabilityForDisplay(ItemCharge.java:30) ~[ItemCharge.class:?]
	at codechicken.nei.ItemList$1.lambda$forceTagCompoundInitialization$6(ItemList.java:336) ~[ItemList$1.class:?]
	at codechicken.nei.ItemList$1$$Lambda$1813/1869334749.run(Unknown Source) ~[?:?]
	at codechicken.nei.ItemList$1.runChecked(ItemList.java:310) ~[ItemList$1.class:?]
	at codechicken.nei.ItemList$1.forceTagCompoundInitialization(ItemList.java:336) ~[ItemList$1.class:?]
	at codechicken.nei.ItemList$1.lambda$execute$12(ItemList.java:401) [ItemList$1.class:?]
	at codechicken.nei.ItemList$1$$Lambda$1798/619080757.accept(Unknown Source) [ItemList$1.class:?]
	at java.util.stream.ForEachOps$ForEachOp$OfRef.accept(ForEachOps.java:184) [?:1.8.0_51]
	at java.util.Spliterators$ArraySpliterator.forEachRemaining(Spliterators.java:948) [?:1.8.0_51]
	at java.util.stream.AbstractPipeline.copyInto(AbstractPipeline.java:512) [?:1.8.0_51]
	at java.util.stream.ForEachOps$ForEachTask.compute(ForEachOps.java:291) [?:1.8.0_51]
	at java.util.concurrent.CountedCompleter.exec(CountedCompleter.java:731) [?:1.8.0_51]
	at java.util.concurrent.ForkJoinTask.doExec(ForkJoinTask.java:289) [?:1.8.0_51]
	at java.util.concurrent.ForkJoinPool$WorkQueue.runTask(ForkJoinPool.java:1056) [?:1.8.0_51]
	at java.util.concurrent.ForkJoinPool.runWorker(ForkJoinPool.java:1689) [?:1.8.0_51]
	at java.util.concurrent.ForkJoinWorkerThread.run(ForkJoinWorkerThread.java:157) [?:1.8.0_51]
[21:24:35] [ForkJoinPool.commonPool-worker-13/ERROR] [NotEnoughItems]: Removing item: moze_intel.projecte.gameObjs.items.CataliticLens@21733d12 from list.
java.lang.NullPointerException
	at moze_intel.projecte.gameObjs.items.ItemCharge.getCharge(ItemCharge.java:57) ~[ItemCharge.class:?]
	at moze_intel.projecte.gameObjs.items.ItemCharge.getDurabilityForDisplay(ItemCharge.java:30) ~[ItemCharge.class:?]
	at codechicken.nei.ItemList$1.lambda$forceTagCompoundInitialization$6(ItemList.java:336) ~[ItemList$1.class:?]
	at codechicken.nei.ItemList$1$$Lambda$1813/1869334749.run(Unknown Source) ~[?:?]
	at codechicken.nei.ItemList$1.runChecked(ItemList.java:310) ~[ItemList$1.class:?]
	at codechicken.nei.ItemList$1.forceTagCompoundInitialization(ItemList.java:336) ~[ItemList$1.class:?]
	at codechicken.nei.ItemList$1.lambda$execute$12(ItemList.java:401) [ItemList$1.class:?]
	at codechicken.nei.ItemList$1$$Lambda$1798/619080757.accept(Unknown Source) [ItemList$1.class:?]
	at java.util.stream.ForEachOps$ForEachOp$OfRef.accept(ForEachOps.java:184) [?:1.8.0_51]
	at java.util.Spliterators$ArraySpliterator.forEachRemaining(Spliterators.java:948) [?:1.8.0_51]
	at java.util.stream.AbstractPipeline.copyInto(AbstractPipeline.java:512) [?:1.8.0_51]
	at java.util.stream.ForEachOps$ForEachTask.compute(ForEachOps.java:291) [?:1.8.0_51]
	at java.util.concurrent.CountedCompleter.exec(CountedCompleter.java:731) [?:1.8.0_51]
	at java.util.concurrent.ForkJoinTask.doExec(ForkJoinTask.java:289) [?:1.8.0_51]
	at java.util.concurrent.ForkJoinPool$WorkQueue.runTask(ForkJoinPool.java:1056) [?:1.8.0_51]
	at java.util.concurrent.ForkJoinPool.runWorker(ForkJoinPool.java:1689) [?:1.8.0_51]
	at java.util.concurrent.ForkJoinWorkerThread.run(ForkJoinWorkerThread.java:157) [?:1.8.0_51]
[22:10:18] [main/INFO] [LaunchWrapper]: Loading tweak class name cpw.mods.fml.common.launcher.FMLTweaker
[22:10:18] [main/INFO] [LaunchWrapper]: Using primary tweak class name cpw.mods.fml.common.launcher.FMLTweaker
[22:10:18] [main/INFO] [LaunchWrapper]: Calling tweak class cpw.mods.fml.common.launcher.FMLTweaker
[22:11:30] [ForkJoinPool.commonPool-worker-4/DEBUG] [NotEnoughItems]: Loaded cofh.plugins.nei.NEICoFHConfig
[22:11:30] [ForkJoinPool.commonPool-worker-3/INFO] [NotEnoughEnergistics]: -----Not Enough Energistics Init Start-----
[22:11:30] [ForkJoinPool.commonPool-worker-3/INFO] [NotEnoughEnergistics]: Install Vanilla Support
[22:11:30] [ForkJoinPool.commonPool-worker-1/DEBUG] [NotEnoughItems]: Loaded witchinggadgets.client.nei.NEIWGConfig
[22:11:30] [ForkJoinPool.commonPool-worker-11/DEBUG] [NotEnoughItems]: Loaded cofh.thermaldynamics.plugins.nei.NEIThermalDynamicsConfig
[22:11:30] [ForkJoinPool.commonPool-worker-6/DEBUG] [NotEnoughItems]: Loaded ab.client.nei.NEIConfig
[22:11:30] [ForkJoinPool.commonPool-worker-3/INFO] [NotEnoughEnergistics]: Found Applied Energistics 2,install Applied Energistics 2 support
[22:11:30] [ForkJoinPool.commonPool-worker-9/DEBUG] [NotEnoughItems]: Loaded com.cleanroommc.modularui.integration.nei.NEIModularUIConfig
[22:11:30] [ForkJoinPool.commonPool-worker-9/DEBUG] [NotEnoughItems]: Loaded wanion.avaritiaddons.plugins.nei.NEIConfig
[22:11:30] [ForkJoinPool.commonPool-worker-5/DEBUG] [NotEnoughItems]: Loaded tombenpotter.sanguimancy.compat.nei.NEIConfig
[22:11:30] [ForkJoinPool.commonPool-worker-3/INFO] [NotEnoughEnergistics]: Found Botania,install Botania support
[22:11:30] [ForkJoinPool.commonPool-worker-1/DEBUG] [NotEnoughItems]: Loaded net.glease.tc4tweak.nei.NEIConfig
[22:11:30] [ForkJoinPool.commonPool-worker-9/INFO] [Forestry]: Loading: Forestry NEI Integration
[22:11:30] [ForkJoinPool.commonPool-worker-3/INFO] [NotEnoughEnergistics]: Found Avaritia, install Avaritia support
[22:11:30] [ForkJoinPool.commonPool-worker-3/INFO] [NotEnoughEnergistics]: Found EnderIO, install EnderIO support
[22:11:30] [ForkJoinPool.commonPool-worker-3/INFO] [NotEnoughEnergistics]: Found Forestry, install Forestry support
[22:11:30] [ForkJoinPool.commonPool-worker-5/DEBUG] [mixin]: Mixing thaumcraft.client.gui.MixinGuiArcaneWorkbench_SingleWandReplacement from mixins.salisarcana.late.json into thaumcraft.client.gui.GuiArcaneWorkbench
[22:11:30] [ForkJoinPool.commonPool-worker-5/DEBUG] [mixin]: Mixing thaumcraft.client.gui.MixinGuiArcaneWorkbench_MissingResearch from mixins.salisarcana.late.json into thaumcraft.client.gui.GuiArcaneWorkbench
[22:11:30] [ForkJoinPool.commonPool-worker-6/INFO] [Draconic Evolution]: Added NEI integration
[22:11:30] [ForkJoinPool.commonPool-worker-6/DEBUG] [NotEnoughItems]: Loaded com.brandon3055.draconicevolution.integration.nei.NEIDraconicevolutionConfig
[22:11:30] [ForkJoinPool.commonPool-worker-3/INFO] [NotEnoughEnergistics]: Found Aspect Recipe Index, install Aspect Recipe Index support
[22:11:30] [ForkJoinPool.commonPool-worker-3/INFO] [NotEnoughEnergistics]: Found ThermalExpansion, install ThermalExpansion support
[22:11:30] [ForkJoinPool.commonPool-worker-4/DEBUG] [NotEnoughItems]: Loaded dev.rndmorris.salisarcana.common.compat.NEIConfig
[22:11:30] [ForkJoinPool.commonPool-worker-4/DEBUG] [NotEnoughItems]: Loaded pixlepix.auracascade.main.NEIAuraConfig
[22:11:30] [ForkJoinPool.commonPool-worker-3/INFO] [NotEnoughEnergistics]: Found BloodMagic, install BloodMagic support
[22:11:30] [ForkJoinPool.commonPool-worker-5/DEBUG] [NotEnoughItems]: Loaded com.gtnewhorizons.aspectrecipeindex.nei.NEIConfig
[22:11:30] [ForkJoinPool.commonPool-worker-10/DEBUG] [NotEnoughItems]: Loaded vazkii.botania.client.integration.nei.NEIBotaniaConfig
[22:11:30] [ForkJoinPool.commonPool-worker-8/DEBUG] [NotEnoughItems]: Loaded tconstruct.plugins.nei.NEITConstructConfig
[22:11:30] [ForkJoinPool.commonPool-worker-3/INFO] [NotEnoughEnergistics]: -----Not Enough Energistics Init  Finished-----
[22:11:30] [ForkJoinPool.commonPool-worker-6/DEBUG] [NotEnoughItems]: Loaded fox.spiteful.avaritia.compat.nei.NEIAvaritiaConfig
[22:11:30] [ForkJoinPool.commonPool-worker-4/INFO] [OpenMods]: openblocks.NEIOpenBlocksConfig.loadConfig(NEIOpenBlocksConfig.java:40): OpenBlocks NEI Integration loaded successfully
[22:11:30] [ForkJoinPool.commonPool-worker-4/DEBUG] [NotEnoughItems]: Loaded openblocks.NEIOpenBlocksConfig
[22:11:30] [ForkJoinPool.commonPool-worker-6/DEBUG] [NotEnoughItems]: Loaded cofh.thermalfoundation.plugins.nei.NEIThermalFoundationConfig
[22:11:30] [ForkJoinPool.commonPool-worker-3/INFO] [NotEnoughEnergistics]: NEIController replaced success
[22:11:30] [ForkJoinPool.commonPool-worker-2/DEBUG] [NotEnoughItems]: Loaded WayofTime.alchemicalWizardry.client.nei.NEIConfig
[22:11:30] [ForkJoinPool.commonPool-worker-1/DEBUG] [NotEnoughItems]: Loaded net.bdew.ae2stuff.nei.NEI_AE2Stuff_Config
[22:11:30] [ForkJoinPool.commonPool-worker-11/DEBUG] [NotEnoughItems]: Loaded cofh.thermalexpansion.plugins.nei.NEIThermalExpansionConfig
[22:11:30] [ForkJoinPool.commonPool-worker-13/DEBUG] [NotEnoughItems]: Loaded evilcraft.modcompat.nei.NEIEvilCraftConfig
[22:11:30] [ForkJoinPool.commonPool-worker-1/DEBUG] [NotEnoughItems]: Loaded team.chisel.compat.nei.NEIChiselConfig
[22:11:30] [ForkJoinPool.commonPool-worker-9/DEBUG] [NotEnoughItems]: Loaded forestry.core.recipes.nei.NEIIntegrationConfig
[22:11:30] [ForkJoinPool.commonPool-worker-3/INFO] [NotEnoughEnergistics]: Install ThaumicEnergistics support
[22:11:30] [ForkJoinPool.commonPool-worker-3/INFO] [NotEnoughEnergistics]: Install Avaritiaddons support
[22:11:30] [ForkJoinPool.commonPool-worker-3/DEBUG] [NotEnoughItems]: Loaded com.github.vfyjxf.nee.NEINeeConfig
[22:11:30] [ForkJoinPool.commonPool-worker-10/INFO] [extrautils]: Added NEI integration
[22:11:30] [ForkJoinPool.commonPool-worker-10/DEBUG] [NotEnoughItems]: Loaded com.rwtema.extrautils.nei.NEIInfoHandlerConfig
[22:11:30] [ForkJoinPool.commonPool-worker-10/DEBUG] [NotEnoughItems]: Loaded com.emoniph.witchery.integration.NEIWitcheryConfig
[22:11:30] [ForkJoinPool.commonPool-worker-10/DEBUG] [NotEnoughItems]: Loaded crazypants.enderio.nei.NEIEnderIOConfig
[22:11:30] [ForkJoinPool.commonPool-worker-9/WARN] [FML]: NEI: Forced tag update with reason (showDurabilityBar) for 1xitem.manaTablet@0(vazkii.botania.common.item.ItemManaTablet@58ca476)
[22:11:30] [ForkJoinPool.commonPool-worker-9/WARN] [FML]: NEI: Forced tag update with reason (getDamage) for 1xitem.manaMirror@0(vazkii.botania.common.item.ItemManaMirror@491a64ff)
[22:11:30] [ForkJoinPool.commonPool-worker-9/WARN] [FML]: NEI: Forced tag update with reason (getDamage) for 1xitem.manaRing@10000(vazkii.botania.common.item.equipment.bauble.ItemManaRing@4928dd7e)
[22:11:30] [ForkJoinPool.commonPool-worker-9/WARN] [FML]: NEI: Forced tag update with reason (getDamage) for 1xitem.manaRingGreater@10000(vazkii.botania.common.item.equipment.bauble.ItemGreaterManaRing@59339a08)
[22:11:30] [ForkJoinPool.commonPool-worker-9/WARN] [FML]: NEI: Forced tag update with reason (getDamage) for 1xitem.manaInkwell@150(vazkii.botania.common.item.interaction.thaumcraft.ItemManaInkwell@69341882)
[22:11:30] [ForkJoinPool.commonPool-worker-9/WARN] [FML]: NEI: Forced tag update with reason (getDamage) for 1xitem.manaInkwell@0(vazkii.botania.common.item.interaction.thaumcraft.ItemManaInkwell@69341882)
[22:11:30] [ForkJoinPool.commonPool-worker-9/WARN] [FML]: NEI: Forced tag update with reason (getDamage) for 1xitem.mithrillManaRing@10000(ab.common.item.equipment.ItemMithrillRing@7df30729)
[22:11:30] [ForkJoinPool.commonPool-worker-9/WARN] [FML]: NEI: Forced tag update with reason (getDamage) for 1xitem.nebulaManaRing@10000(ab.common.item.equipment.ItemNebulaRing@5b3546ef)
[22:11:30] [ForkJoinPool.commonPool-worker-9/WARN] [FML]: NEI: Forced tag update with reason (getDigSpeed) for 1xitem.mithrillMultiTool@0(ab.common.item.equipment.ItemMithrillMultiTool@e4d80c)
[22:11:30] [ForkJoinPool.commonPool-worker-9/WARN] [FML]: NEI: Forced tag update with reason (showDurabilityBar) for 1xitem.hornPlenty@0(ab.common.item.relic.ItemHornPlenty@53d706c9)
[22:11:30] [ForkJoinPool.commonPool-worker-9/WARN] [FML]: NEI: Forced tag update with reason (getDamage) for 1xitem.nebulaHelm@0(ab.common.item.equipment.armor.ItemNebulaHelm@6d6537bc)
[22:11:30] [ForkJoinPool.commonPool-worker-9/WARN] [FML]: NEI: Forced tag update with reason (getDamage) for 1xitem.nebulaChest@0(ab.common.item.equipment.armor.ItemNebulaChest@6ef8597)
[22:11:30] [ForkJoinPool.commonPool-worker-9/WARN] [FML]: NEI: Forced tag update with reason (getDamage) for 1xitem.nebulaLegs@0(ab.common.item.equipment.armor.ItemNebulaLegs@5ac7c1a4)
[22:11:30] [ForkJoinPool.commonPool-worker-9/WARN] [FML]: NEI: Forced tag update with reason (getDamage) for 1xitem.nebulaBoots@0(ab.common.item.equipment.armor.ItemNebulaBoots@13451f33)
[22:11:30] [ForkJoinPool.commonPool-worker-9/WARN] [FML]: NEI: Forced tag update with reason (getDamage) for 1xitem.nebulaHelmRevealing@0(ab.common.item.equipment.armor.ItemNebulaHelmRevealing@2c8e88d7)
[22:11:31] [ForkJoinPool.commonPool-worker-9/WARN] [FML]: NEI: Forced tag update with reason (showDurabilityBar) for 1xitem.wirelessCraftingTerminal@0(ItemWirelessCraftingTerminal)
[22:11:31] [ForkJoinPool.commonPool-worker-9/WARN] [FML]: NEI: Forced tag update with reason (getDigSpeed) for 1xitem.boundPickaxe@0(WayofTime.alchemicalWizardry.common.items.BoundPickaxe@4b1b6e97)
[22:11:31] [ForkJoinPool.commonPool-worker-9/WARN] [FML]: NEI: Forced tag update with reason (getDigSpeed) for 1xitem.boundAxe@0(WayofTime.alchemicalWizardry.common.items.BoundAxe@263a0365)
[22:11:31] [ForkJoinPool.commonPool-worker-9/WARN] [FML]: NEI: Forced tag update with reason (getDigSpeed) for 1xitem.boundShovel@0(WayofTime.alchemicalWizardry.common.items.BoundShovel@4aaa5ad6)
[22:11:31] [ForkJoinPool.commonPool-worker-9/WARN] [FML]: NEI: Forced tag update with reason (getToolClasses) for 1xitem.multiTool@0(WayofTime.alchemicalWizardry.api.items.ItemSpellMultiTool@d891f5f)
[22:11:31] [ForkJoinPool.commonPool-worker-9/WARN] [FML]: NEI: Forced tag update with reason (getAttributeModifiers) for 1xitem.boundHelmetWater@0(WayofTime.alchemicalWizardry.common.items.armour.OmegaArmourWater@37ee8a69)
[22:11:31] [ForkJoinPool.commonPool-worker-9/WARN] [FML]: NEI: Forced tag update with reason (getAttributeModifiers) for 1xitem.boundPlateWater@0(WayofTime.alchemicalWizardry.common.items.armour.OmegaArmourWater@26291233)
[22:11:31] [ForkJoinPool.commonPool-worker-9/WARN] [FML]: NEI: Forced tag update with reason (getAttributeModifiers) for 1xitem.boundLeggingsWater@0(WayofTime.alchemicalWizardry.common.items.armour.OmegaArmourWater@2e0ba54c)
[22:11:31] [ForkJoinPool.commonPool-worker-9/WARN] [FML]: NEI: Forced tag update with reason (getAttributeModifiers) for 1xitem.boundBootsWater@0(WayofTime.alchemicalWizardry.common.items.armour.OmegaArmourWater@2d1c41ed)
[22:11:31] [ForkJoinPool.commonPool-worker-9/WARN] [FML]: NEI: Forced tag update with reason (getAttributeModifiers) for 1xitem.boundHelmetEarth@0(WayofTime.alchemicalWizardry.common.items.armour.OmegaArmourEarth@276a9353)
[22:11:31] [ForkJoinPool.commonPool-worker-9/WARN] [FML]: NEI: Forced tag update with reason (getAttributeModifiers) for 1xitem.boundPlateEarth@0(WayofTime.alchemicalWizardry.common.items.armour.OmegaArmourEarth@4d9ff475)
[22:11:31] [ForkJoinPool.commonPool-worker-9/WARN] [FML]: NEI: Forced tag update with reason (getAttributeModifiers) for 1xitem.boundLeggingsEarth@0(WayofTime.alchemicalWizardry.common.items.armour.OmegaArmourEarth@4d89a65d)
[22:11:31] [ForkJoinPool.commonPool-worker-9/WARN] [FML]: NEI: Forced tag update with reason (getAttributeModifiers) for 1xitem.boundBootsEarth@0(WayofTime.alchemicalWizardry.common.items.armour.OmegaArmourEarth@69e8e3d8)
[22:11:31] [ForkJoinPool.commonPool-worker-9/WARN] [FML]: NEI: Forced tag update with reason (getAttributeModifiers) for 1xitem.boundHelmetWind@0(WayofTime.alchemicalWizardry.common.items.armour.OmegaArmourWind@1be6decb)
[22:11:31] [ForkJoinPool.commonPool-worker-9/WARN] [FML]: NEI: Forced tag update with reason (getAttributeModifiers) for 1xitem.boundPlateWind@0(WayofTime.alchemicalWizardry.common.items.armour.OmegaArmourWind@2fe58c77)
[22:11:31] [ForkJoinPool.commonPool-worker-9/WARN] [FML]: NEI: Forced tag update with reason (getAttributeModifiers) for 1xitem.boundLeggingsWind@0(WayofTime.alchemicalWizardry.common.items.armour.OmegaArmourWind@785dbb70)
[22:11:31] [ForkJoinPool.commonPool-worker-9/WARN] [FML]: NEI: Forced tag update with reason (getAttributeModifiers) for 1xitem.boundBootsWind@0(WayofTime.alchemicalWizardry.common.items.armour.OmegaArmourWind@2f1aa42a)
[22:11:31] [ForkJoinPool.commonPool-worker-9/WARN] [FML]: NEI: Forced tag update with reason (getAttributeModifiers) for 1xitem.boundHelmetFire@0(WayofTime.alchemicalWizardry.common.items.armour.OmegaArmourFire@5da0cbf0)
[22:11:31] [ForkJoinPool.commonPool-worker-9/WARN] [FML]: NEI: Forced tag update with reason (getAttributeModifiers) for 1xitem.boundPlateFire@0(WayofTime.alchemicalWizardry.common.items.armour.OmegaArmourFire@349448b5)
[22:11:31] [ForkJoinPool.commonPool-worker-9/WARN] [FML]: NEI: Forced tag update with reason (getAttributeModifiers) for 1xitem.boundLeggingsFire@0(WayofTime.alchemicalWizardry.common.items.armour.OmegaArmourFire@62b585f2)
[22:11:31] [ForkJoinPool.commonPool-worker-9/WARN] [FML]: NEI: Forced tag update with reason (getAttributeModifiers) for 1xitem.boundBootsFire@0(WayofTime.alchemicalWizardry.common.items.armour.OmegaArmourFire@7d8fa96c)
[22:11:31] [ForkJoinPool.commonPool-worker-9/WARN] [FML]: NEI: Forced tag update with reason (isDamaged) for 1xitem.witchery:poppet@0(com.emoniph.witchery.item.ItemPoppet@1516e399)
[22:11:31] [ForkJoinPool.commonPool-worker-9/WARN] [FML]: NEI: Forced tag update with reason (isDamaged) for 1xitem.witchery:poppet@1(com.emoniph.witchery.item.ItemPoppet@1516e399)
[22:11:31] [ForkJoinPool.commonPool-worker-9/WARN] [FML]: NEI: Forced tag update with reason (isDamaged) for 1xitem.witchery:poppet@2(com.emoniph.witchery.item.ItemPoppet@1516e399)
[22:11:31] [ForkJoinPool.commonPool-worker-9/WARN] [FML]: NEI: Forced tag update with reason (isDamaged) for 1xitem.witchery:poppet@3(com.emoniph.witchery.item.ItemPoppet@1516e399)
[22:11:31] [ForkJoinPool.commonPool-worker-9/WARN] [FML]: NEI: Forced tag update with reason (isDamaged) for 1xitem.witchery:poppet@4(com.emoniph.witchery.item.ItemPoppet@1516e399)
[22:11:31] [ForkJoinPool.commonPool-worker-9/WARN] [FML]: NEI: Forced tag update with reason (isDamaged) for 1xitem.witchery:poppet@5(com.emoniph.witchery.item.ItemPoppet@1516e399)
[22:11:31] [ForkJoinPool.commonPool-worker-9/WARN] [FML]: NEI: Forced tag update with reason (isDamaged) for 1xitem.witchery:poppet@6(com.emoniph.witchery.item.ItemPoppet@1516e399)
[22:11:31] [ForkJoinPool.commonPool-worker-9/WARN] [FML]: NEI: Forced tag update with reason (isDamaged) for 1xitem.witchery:poppet@7(com.emoniph.witchery.item.ItemPoppet@1516e399)
[22:11:31] [ForkJoinPool.commonPool-worker-9/WARN] [FML]: NEI: Forced tag update with reason (isDamaged) for 1xitem.witchery:poppet@8(com.emoniph.witchery.item.ItemPoppet@1516e399)
[22:11:31] [ForkJoinPool.commonPool-worker-9/WARN] [FML]: NEI: Forced tag update with reason (isDamaged) for 1xitem.witchery:poppet@9(com.emoniph.witchery.item.ItemPoppet@1516e399)
[22:11:31] [ForkJoinPool.commonPool-worker-9/WARN] [FML]: NEI: Forced tag update with reason (isDamaged) for 1xitem.witchery:poppet@10(com.emoniph.witchery.item.ItemPoppet@1516e399)
[22:11:31] [ForkJoinPool.commonPool-worker-9/WARN] [FML]: NEI: Forced tag update with reason (isDamaged) for 1xitem.witchery:poppet@11(com.emoniph.witchery.item.ItemPoppet@1516e399)
[22:11:31] [ForkJoinPool.commonPool-worker-9/WARN] [FML]: NEI: Forced tag update with reason (getDigSpeed) for 1xitem.draconicevolution:draconicDistructionStaff@0(com.brandon3055.draconicevolution.common.items.tools.DraconicDistructionStaff@7806a8f7)
[22:11:31] [ForkJoinPool.commonPool-worker-9/WARN] [FML]: NEI: Forced tag update with reason (getDigSpeed) for 1xitem.draconicevolution:draconicPickaxe@0(com.brandon3055.draconicevolution.common.items.tools.DraconicPickaxe@3f4381b4)
[22:11:31] [ForkJoinPool.commonPool-worker-9/WARN] [FML]: NEI: Forced tag update with reason (getDigSpeed) for 1xitem.draconicevolution:draconicAxe@0(com.brandon3055.draconicevolution.common.items.tools.DraconicAxe@52917c71)
[22:11:31] [ForkJoinPool.commonPool-worker-9/WARN] [FML]: NEI: Forced tag update with reason (getDigSpeed) for 1xitem.draconicevolution:draconicShovel@0(com.brandon3055.draconicevolution.common.items.tools.DraconicShovel@afc3f08)
[22:11:31] [ForkJoinPool.commonPool-worker-9/WARN] [FML]: NEI: Forced tag update with reason (getDigSpeed) for 1xitem.draconicevolution:wyvernPickaxe@0(com.brandon3055.draconicevolution.common.items.tools.WyvernPickaxe@797a58b6)
[22:11:31] [ForkJoinPool.commonPool-worker-9/WARN] [FML]: NEI: Forced tag update with reason (getDigSpeed) for 1xitem.draconicevolution:wyvernShovel@0(com.brandon3055.draconicevolution.common.items.tools.WyvernShovel@4c189bcb)
[22:11:31] [ForkJoinPool.commonPool-worker-9/WARN] [FML]: NEI: Forced tag update with reason (getFluid) for 1xitem.items.boundBloodDrop@0(evilcraft.modcompat.bloodmagic.BoundBloodDrop@252e34d)
[22:11:31] [ForkJoinPool.commonPool-worker-9/ERROR] [NotEnoughItems]: Removing item: moze_intel.projecte.gameObjs.items.PhilosophersStone@46fe63a2 from list.
java.lang.NullPointerException
	at moze_intel.projecte.gameObjs.items.ItemCharge.getCharge(ItemCharge.java:57) ~[ItemCharge.class:?]
	at moze_intel.projecte.gameObjs.items.ItemCharge.getDurabilityForDisplay(ItemCharge.java:30) ~[ItemCharge.class:?]
	at codechicken.nei.ItemList$1.lambda$forceTagCompoundInitialization$6(ItemList.java:336) ~[ItemList$1.class:?]
	at codechicken.nei.ItemList$1$$Lambda$1832/1019287497.run(Unknown Source) ~[?:?]
	at codechicken.nei.ItemList$1.runChecked(ItemList.java:310) ~[ItemList$1.class:?]
	at codechicken.nei.ItemList$1.forceTagCompoundInitialization(ItemList.java:336) ~[ItemList$1.class:?]
	at codechicken.nei.ItemList$1.lambda$execute$12(ItemList.java:401) [ItemList$1.class:?]
	at codechicken.nei.ItemList$1$$Lambda$1815/1954272366.accept(Unknown Source) [ItemList$1.class:?]
	at java.util.stream.ForEachOps$ForEachOp$OfRef.accept(ForEachOps.java:184) [?:1.8.0_51]
	at java.util.Spliterators$ArraySpliterator.forEachRemaining(Spliterators.java:948) [?:1.8.0_51]
	at java.util.stream.AbstractPipeline.copyInto(AbstractPipeline.java:512) [?:1.8.0_51]
	at java.util.stream.ForEachOps$ForEachTask.compute(ForEachOps.java:291) [?:1.8.0_51]
	at java.util.concurrent.CountedCompleter.exec(CountedCompleter.java:731) [?:1.8.0_51]
	at java.util.concurrent.ForkJoinTask.doExec(ForkJoinTask.java:289) [?:1.8.0_51]
	at java.util.concurrent.ForkJoinPool$WorkQueue.runTask(ForkJoinPool.java:1056) [?:1.8.0_51]
	at java.util.concurrent.ForkJoinPool.runWorker(ForkJoinPool.java:1689) [?:1.8.0_51]
	at java.util.concurrent.ForkJoinWorkerThread.run(ForkJoinWorkerThread.java:157) [?:1.8.0_51]
[22:11:31] [ForkJoinPool.commonPool-worker-9/WARN] [FML]: NEI: Forced tag update with reason (getDurabilityForDisplay) for 1xitem.pe_klein_star@0(moze_intel.projecte.gameObjs.items.KleinStar@4808ffde)
[22:11:31] [ForkJoinPool.commonPool-worker-9/WARN] [FML]: NEI: Forced tag update with reason (getDurabilityForDisplay) for 1xitem.pe_klein_star@1(moze_intel.projecte.gameObjs.items.KleinStar@4808ffde)
[22:11:31] [ForkJoinPool.commonPool-worker-9/WARN] [FML]: NEI: Forced tag update with reason (getDurabilityForDisplay) for 1xitem.pe_klein_star@2(moze_intel.projecte.gameObjs.items.KleinStar@4808ffde)
[22:11:31] [ForkJoinPool.commonPool-worker-9/WARN] [FML]: NEI: Forced tag update with reason (getDurabilityForDisplay) for 1xitem.pe_klein_star@3(moze_intel.projecte.gameObjs.items.KleinStar@4808ffde)
[22:11:31] [ForkJoinPool.commonPool-worker-9/WARN] [FML]: NEI: Forced tag update with reason (getDurabilityForDisplay) for 1xitem.pe_klein_star@4(moze_intel.projecte.gameObjs.items.KleinStar@4808ffde)
[22:11:31] [ForkJoinPool.commonPool-worker-9/WARN] [FML]: NEI: Forced tag update with reason (getDurabilityForDisplay) for 1xitem.pe_klein_star@5(moze_intel.projecte.gameObjs.items.KleinStar@4808ffde)
[22:11:31] [ForkJoinPool.commonPool-worker-9/ERROR] [NotEnoughItems]: Removing item: moze_intel.projecte.gameObjs.items.tools.DarkPick@5d19fbf1 from list.
java.lang.NullPointerException
	at moze_intel.projecte.gameObjs.items.ItemCharge.getCharge(ItemCharge.java:57) ~[ItemCharge.class:?]
	at moze_intel.projecte.gameObjs.items.ItemCharge.getDurabilityForDisplay(ItemCharge.java:30) ~[ItemCharge.class:?]
	at codechicken.nei.ItemList$1.lambda$forceTagCompoundInitialization$6(ItemList.java:336) ~[ItemList$1.class:?]
	at codechicken.nei.ItemList$1$$Lambda$1832/1019287497.run(Unknown Source) ~[?:?]
	at codechicken.nei.ItemList$1.runChecked(ItemList.java:310) ~[ItemList$1.class:?]
	at codechicken.nei.ItemList$1.forceTagCompoundInitialization(ItemList.java:336) ~[ItemList$1.class:?]
	at codechicken.nei.ItemList$1.lambda$execute$12(ItemList.java:401) [ItemList$1.class:?]
	at codechicken.nei.ItemList$1$$Lambda$1815/1954272366.accept(Unknown Source) [ItemList$1.class:?]
	at java.util.stream.ForEachOps$ForEachOp$OfRef.accept(ForEachOps.java:184) [?:1.8.0_51]
	at java.util.Spliterators$ArraySpliterator.forEachRemaining(Spliterators.java:948) [?:1.8.0_51]
	at java.util.stream.AbstractPipeline.copyInto(AbstractPipeline.java:512) [?:1.8.0_51]
	at java.util.stream.ForEachOps$ForEachTask.compute(ForEachOps.java:291) [?:1.8.0_51]
	at java.util.concurrent.CountedCompleter.exec(CountedCompleter.java:731) [?:1.8.0_51]
	at java.util.concurrent.ForkJoinTask.doExec(ForkJoinTask.java:289) [?:1.8.0_51]
	at java.util.concurrent.ForkJoinPool$WorkQueue.runTask(ForkJoinPool.java:1056) [?:1.8.0_51]
	at java.util.concurrent.ForkJoinPool.runWorker(ForkJoinPool.java:1689) [?:1.8.0_51]
	at java.util.concurrent.ForkJoinWorkerThread.run(ForkJoinWorkerThread.java:157) [?:1.8.0_51]
[22:11:31] [ForkJoinPool.commonPool-worker-9/ERROR] [NotEnoughItems]: Removing item: moze_intel.projecte.gameObjs.items.tools.DarkAxe@5379985a from list.
java.lang.NullPointerException
	at moze_intel.projecte.gameObjs.items.ItemCharge.getCharge(ItemCharge.java:57) ~[ItemCharge.class:?]
	at moze_intel.projecte.gameObjs.items.ItemCharge.getDurabilityForDisplay(ItemCharge.java:30) ~[ItemCharge.class:?]
	at codechicken.nei.ItemList$1.lambda$forceTagCompoundInitialization$6(ItemList.java:336) ~[ItemList$1.class:?]
	at codechicken.nei.ItemList$1$$Lambda$1832/1019287497.run(Unknown Source) ~[?:?]
	at codechicken.nei.ItemList$1.runChecked(ItemList.java:310) ~[ItemList$1.class:?]
	at codechicken.nei.ItemList$1.forceTagCompoundInitialization(ItemList.java:336) ~[ItemList$1.class:?]
	at codechicken.nei.ItemList$1.lambda$execute$12(ItemList.java:401) [ItemList$1.class:?]
	at codechicken.nei.ItemList$1$$Lambda$1815/1954272366.accept(Unknown Source) [ItemList$1.class:?]
	at java.util.stream.ForEachOps$ForEachOp$OfRef.accept(ForEachOps.java:184) [?:1.8.0_51]
	at java.util.Spliterators$ArraySpliterator.forEachRemaining(Spliterators.java:948) [?:1.8.0_51]
	at java.util.stream.AbstractPipeline.copyInto(AbstractPipeline.java:512) [?:1.8.0_51]
	at java.util.stream.ForEachOps$ForEachTask.compute(ForEachOps.java:291) [?:1.8.0_51]
	at java.util.concurrent.CountedCompleter.exec(CountedCompleter.java:731) [?:1.8.0_51]
	at java.util.concurrent.ForkJoinTask.doExec(ForkJoinTask.java:289) [?:1.8.0_51]
	at java.util.concurrent.ForkJoinPool$WorkQueue.runTask(ForkJoinPool.java:1056) [?:1.8.0_51]
	at java.util.concurrent.ForkJoinPool.runWorker(ForkJoinPool.java:1689) [?:1.8.0_51]
	at java.util.concurrent.ForkJoinWorkerThread.run(ForkJoinWorkerThread.java:157) [?:1.8.0_51]
[22:11:31] [ForkJoinPool.commonPool-worker-9/ERROR] [NotEnoughItems]: Removing item: moze_intel.projecte.gameObjs.items.tools.DarkShovel@2b3ac1df from list.
java.lang.NullPointerException
	at moze_intel.projecte.gameObjs.items.ItemCharge.getCharge(ItemCharge.java:57) ~[ItemCharge.class:?]
	at moze_intel.projecte.gameObjs.items.ItemCharge.getDurabilityForDisplay(ItemCharge.java:30) ~[ItemCharge.class:?]
	at codechicken.nei.ItemList$1.lambda$forceTagCompoundInitialization$6(ItemList.java:336) ~[ItemList$1.class:?]
	at codechicken.nei.ItemList$1$$Lambda$1832/1019287497.run(Unknown Source) ~[?:?]
	at codechicken.nei.ItemList$1.runChecked(ItemList.java:310) ~[ItemList$1.class:?]
	at codechicken.nei.ItemList$1.forceTagCompoundInitialization(ItemList.java:336) ~[ItemList$1.class:?]
	at codechicken.nei.ItemList$1.lambda$execute$12(ItemList.java:401) [ItemList$1.class:?]
	at codechicken.nei.ItemList$1$$Lambda$1815/1954272366.accept(Unknown Source) [ItemList$1.class:?]
	at java.util.stream.ForEachOps$ForEachOp$OfRef.accept(ForEachOps.java:184) [?:1.8.0_51]
	at java.util.Spliterators$ArraySpliterator.forEachRemaining(Spliterators.java:948) [?:1.8.0_51]
	at java.util.stream.AbstractPipeline.copyInto(AbstractPipeline.java:512) [?:1.8.0_51]
	at java.util.stream.ForEachOps$ForEachTask.compute(ForEachOps.java:291) [?:1.8.0_51]
	at java.util.concurrent.CountedCompleter.exec(CountedCompleter.java:731) [?:1.8.0_51]
	at java.util.concurrent.ForkJoinTask.doExec(ForkJoinTask.java:289) [?:1.8.0_51]
	at java.util.concurrent.ForkJoinPool$WorkQueue.runTask(ForkJoinPool.java:1056) [?:1.8.0_51]
	at java.util.concurrent.ForkJoinPool.runWorker(ForkJoinPool.java:1689) [?:1.8.0_51]
	at java.util.concurrent.ForkJoinWorkerThread.run(ForkJoinWorkerThread.java:157) [?:1.8.0_51]
[22:11:31] [ForkJoinPool.commonPool-worker-9/ERROR] [NotEnoughItems]: Removing item: moze_intel.projecte.gameObjs.items.tools.DarkSword@794b1fac from list.
java.lang.NullPointerException
	at moze_intel.projecte.gameObjs.items.ItemCharge.getCharge(ItemCharge.java:57) ~[ItemCharge.class:?]
	at moze_intel.projecte.gameObjs.items.ItemCharge.getDurabilityForDisplay(ItemCharge.java:30) ~[ItemCharge.class:?]
	at codechicken.nei.ItemList$1.lambda$forceTagCompoundInitialization$6(ItemList.java:336) ~[ItemList$1.class:?]
	at codechicken.nei.ItemList$1$$Lambda$1832/1019287497.run(Unknown Source) ~[?:?]
	at codechicken.nei.ItemList$1.runChecked(ItemList.java:310) ~[ItemList$1.class:?]
	at codechicken.nei.ItemList$1.forceTagCompoundInitialization(ItemList.java:336) ~[ItemList$1.class:?]
	at codechicken.nei.ItemList$1.lambda$execute$12(ItemList.java:401) [ItemList$1.class:?]
	at codechicken.nei.ItemList$1$$Lambda$1815/1954272366.accept(Unknown Source) [ItemList$1.class:?]
	at java.util.stream.ForEachOps$ForEachOp$OfRef.accept(ForEachOps.java:184) [?:1.8.0_51]
	at java.util.Spliterators$ArraySpliterator.forEachRemaining(Spliterators.java:948) [?:1.8.0_51]
	at java.util.stream.AbstractPipeline.copyInto(AbstractPipeline.java:512) [?:1.8.0_51]
	at java.util.stream.ForEachOps$ForEachTask.compute(ForEachOps.java:291) [?:1.8.0_51]
	at java.util.concurrent.CountedCompleter.exec(CountedCompleter.java:731) [?:1.8.0_51]
	at java.util.concurrent.ForkJoinTask.doExec(ForkJoinTask.java:289) [?:1.8.0_51]
	at java.util.concurrent.ForkJoinPool$WorkQueue.runTask(ForkJoinPool.java:1056) [?:1.8.0_51]
	at java.util.concurrent.ForkJoinPool.runWorker(ForkJoinPool.java:1689) [?:1.8.0_51]
	at java.util.concurrent.ForkJoinWorkerThread.run(ForkJoinWorkerThread.java:157) [?:1.8.0_51]
[22:11:31] [ForkJoinPool.commonPool-worker-9/ERROR] [NotEnoughItems]: Removing item: moze_intel.projecte.gameObjs.items.tools.DarkHoe@6b1fb507 from list.
java.lang.NullPointerException
	at moze_intel.projecte.gameObjs.items.ItemCharge.getCharge(ItemCharge.java:57) ~[ItemCharge.class:?]
	at moze_intel.projecte.gameObjs.items.ItemCharge.getDurabilityForDisplay(ItemCharge.java:30) ~[ItemCharge.class:?]
	at codechicken.nei.ItemList$1.lambda$forceTagCompoundInitialization$6(ItemList.java:336) ~[ItemList$1.class:?]
	at codechicken.nei.ItemList$1$$Lambda$1832/1019287497.run(Unknown Source) ~[?:?]
	at codechicken.nei.ItemList$1.runChecked(ItemList.java:310) ~[ItemList$1.class:?]
	at codechicken.nei.ItemList$1.forceTagCompoundInitialization(ItemList.java:336) ~[ItemList$1.class:?]
	at codechicken.nei.ItemList$1.lambda$execute$12(ItemList.java:401) [ItemList$1.class:?]
	at codechicken.nei.ItemList$1$$Lambda$1815/1954272366.accept(Unknown Source) [ItemList$1.class:?]
	at java.util.stream.ForEachOps$ForEachOp$OfRef.accept(ForEachOps.java:184) [?:1.8.0_51]
	at java.util.Spliterators$ArraySpliterator.forEachRemaining(Spliterators.java:948) [?:1.8.0_51]
	at java.util.stream.AbstractPipeline.copyInto(AbstractPipeline.java:512) [?:1.8.0_51]
	at java.util.stream.ForEachOps$ForEachTask.compute(ForEachOps.java:291) [?:1.8.0_51]
	at java.util.concurrent.CountedCompleter.exec(CountedCompleter.java:731) [?:1.8.0_51]
	at java.util.concurrent.ForkJoinTask.doExec(ForkJoinTask.java:289) [?:1.8.0_51]
	at java.util.concurrent.ForkJoinPool$WorkQueue.runTask(ForkJoinPool.java:1056) [?:1.8.0_51]
	at java.util.concurrent.ForkJoinPool.runWorker(ForkJoinPool.java:1689) [?:1.8.0_51]
	at java.util.concurrent.ForkJoinWorkerThread.run(ForkJoinWorkerThread.java:157) [?:1.8.0_51]
[22:11:31] [ForkJoinPool.commonPool-worker-9/ERROR] [NotEnoughItems]: Removing item: moze_intel.projecte.gameObjs.items.tools.DarkShears@743b4b76 from list.
java.lang.NullPointerException
	at moze_intel.projecte.gameObjs.items.ItemCharge.getCharge(ItemCharge.java:57) ~[ItemCharge.class:?]
	at moze_intel.projecte.gameObjs.items.ItemCharge.getDurabilityForDisplay(ItemCharge.java:30) ~[ItemCharge.class:?]
	at codechicken.nei.ItemList$1.lambda$forceTagCompoundInitialization$6(ItemList.java:336) ~[ItemList$1.class:?]
	at codechicken.nei.ItemList$1$$Lambda$1832/1019287497.run(Unknown Source) ~[?:?]
	at codechicken.nei.ItemList$1.runChecked(ItemList.java:310) ~[ItemList$1.class:?]
	at codechicken.nei.ItemList$1.forceTagCompoundInitialization(ItemList.java:336) ~[ItemList$1.class:?]
	at codechicken.nei.ItemList$1.lambda$execute$12(ItemList.java:401) [ItemList$1.class:?]
	at codechicken.nei.ItemList$1$$Lambda$1815/1954272366.accept(Unknown Source) [ItemList$1.class:?]
	at java.util.stream.ForEachOps$ForEachOp$OfRef.accept(ForEachOps.java:184) [?:1.8.0_51]
	at java.util.Spliterators$ArraySpliterator.forEachRemaining(Spliterators.java:948) [?:1.8.0_51]
	at java.util.stream.AbstractPipeline.copyInto(AbstractPipeline.java:512) [?:1.8.0_51]
	at java.util.stream.ForEachOps$ForEachTask.compute(ForEachOps.java:291) [?:1.8.0_51]
	at java.util.concurrent.CountedCompleter.exec(CountedCompleter.java:731) [?:1.8.0_51]
	at java.util.concurrent.ForkJoinTask.doExec(ForkJoinTask.java:289) [?:1.8.0_51]
	at java.util.concurrent.ForkJoinPool$WorkQueue.runTask(ForkJoinPool.java:1056) [?:1.8.0_51]
	at java.util.concurrent.ForkJoinPool.runWorker(ForkJoinPool.java:1689) [?:1.8.0_51]
	at java.util.concurrent.ForkJoinWorkerThread.run(ForkJoinWorkerThread.java:157) [?:1.8.0_51]
[22:11:31] [ForkJoinPool.commonPool-worker-9/ERROR] [NotEnoughItems]: Removing item: moze_intel.projecte.gameObjs.items.tools.DarkHammer@9f25817 from list.
java.lang.NullPointerException
	at moze_intel.projecte.gameObjs.items.ItemCharge.getCharge(ItemCharge.java:57) ~[ItemCharge.class:?]
	at moze_intel.projecte.gameObjs.items.ItemCharge.getDurabilityForDisplay(ItemCharge.java:30) ~[ItemCharge.class:?]
	at codechicken.nei.ItemList$1.lambda$forceTagCompoundInitialization$6(ItemList.java:336) ~[ItemList$1.class:?]
	at codechicken.nei.ItemList$1$$Lambda$1832/1019287497.run(Unknown Source) ~[?:?]
	at codechicken.nei.ItemList$1.runChecked(ItemList.java:310) ~[ItemList$1.class:?]
	at codechicken.nei.ItemList$1.forceTagCompoundInitialization(ItemList.java:336) ~[ItemList$1.class:?]
	at codechicken.nei.ItemList$1.lambda$execute$12(ItemList.java:401) [ItemList$1.class:?]
	at codechicken.nei.ItemList$1$$Lambda$1815/1954272366.accept(Unknown Source) [ItemList$1.class:?]
	at java.util.stream.ForEachOps$ForEachOp$OfRef.accept(ForEachOps.java:184) [?:1.8.0_51]
	at java.util.Spliterators$ArraySpliterator.forEachRemaining(Spliterators.java:948) [?:1.8.0_51]
	at java.util.stream.AbstractPipeline.copyInto(AbstractPipeline.java:512) [?:1.8.0_51]
	at java.util.stream.ForEachOps$ForEachTask.compute(ForEachOps.java:291) [?:1.8.0_51]
	at java.util.concurrent.CountedCompleter.exec(CountedCompleter.java:731) [?:1.8.0_51]
	at java.util.concurrent.ForkJoinTask.doExec(ForkJoinTask.java:289) [?:1.8.0_51]
	at java.util.concurrent.ForkJoinPool$WorkQueue.runTask(ForkJoinPool.java:1056) [?:1.8.0_51]
	at java.util.concurrent.ForkJoinPool.runWorker(ForkJoinPool.java:1689) [?:1.8.0_51]
	at java.util.concurrent.ForkJoinWorkerThread.run(ForkJoinWorkerThread.java:157) [?:1.8.0_51]
[22:11:31] [ForkJoinPool.commonPool-worker-9/ERROR] [NotEnoughItems]: Removing item: moze_intel.projecte.gameObjs.items.tools.RedPick@28e590fa from list.
java.lang.NullPointerException
	at moze_intel.projecte.gameObjs.items.ItemCharge.getCharge(ItemCharge.java:57) ~[ItemCharge.class:?]
	at moze_intel.projecte.gameObjs.items.ItemCharge.getDurabilityForDisplay(ItemCharge.java:30) ~[ItemCharge.class:?]
	at codechicken.nei.ItemList$1.lambda$forceTagCompoundInitialization$6(ItemList.java:336) ~[ItemList$1.class:?]
	at codechicken.nei.ItemList$1$$Lambda$1832/1019287497.run(Unknown Source) ~[?:?]
	at codechicken.nei.ItemList$1.runChecked(ItemList.java:310) ~[ItemList$1.class:?]
	at codechicken.nei.ItemList$1.forceTagCompoundInitialization(ItemList.java:336) ~[ItemList$1.class:?]
	at codechicken.nei.ItemList$1.lambda$execute$12(ItemList.java:401) [ItemList$1.class:?]
	at codechicken.nei.ItemList$1$$Lambda$1815/1954272366.accept(Unknown Source) [ItemList$1.class:?]
	at java.util.stream.ForEachOps$ForEachOp$OfRef.accept(ForEachOps.java:184) [?:1.8.0_51]
	at java.util.Spliterators$ArraySpliterator.forEachRemaining(Spliterators.java:948) [?:1.8.0_51]
	at java.util.stream.AbstractPipeline.copyInto(AbstractPipeline.java:512) [?:1.8.0_51]
	at java.util.stream.ForEachOps$ForEachTask.compute(ForEachOps.java:291) [?:1.8.0_51]
	at java.util.concurrent.CountedCompleter.exec(CountedCompleter.java:731) [?:1.8.0_51]
	at java.util.concurrent.ForkJoinTask.doExec(ForkJoinTask.java:289) [?:1.8.0_51]
	at java.util.concurrent.ForkJoinPool$WorkQueue.runTask(ForkJoinPool.java:1056) [?:1.8.0_51]
	at java.util.concurrent.ForkJoinPool.runWorker(ForkJoinPool.java:1689) [?:1.8.0_51]
	at java.util.concurrent.ForkJoinWorkerThread.run(ForkJoinWorkerThread.java:157) [?:1.8.0_51]
[22:11:31] [ForkJoinPool.commonPool-worker-9/ERROR] [NotEnoughItems]: Removing item: moze_intel.projecte.gameObjs.items.tools.RedAxe@3ec4bf6c from list.
java.lang.NullPointerException
	at moze_intel.projecte.gameObjs.items.ItemCharge.getCharge(ItemCharge.java:57) ~[ItemCharge.class:?]
	at moze_intel.projecte.gameObjs.items.ItemCharge.getDurabilityForDisplay(ItemCharge.java:30) ~[ItemCharge.class:?]
	at codechicken.nei.ItemList$1.lambda$forceTagCompoundInitialization$6(ItemList.java:336) ~[ItemList$1.class:?]
	at codechicken.nei.ItemList$1$$Lambda$1832/1019287497.run(Unknown Source) ~[?:?]
	at codechicken.nei.ItemList$1.runChecked(ItemList.java:310) ~[ItemList$1.class:?]
	at codechicken.nei.ItemList$1.forceTagCompoundInitialization(ItemList.java:336) ~[ItemList$1.class:?]
	at codechicken.nei.ItemList$1.lambda$execute$12(ItemList.java:401) [ItemList$1.class:?]
	at codechicken.nei.ItemList$1$$Lambda$1815/1954272366.accept(Unknown Source) [ItemList$1.class:?]
	at java.util.stream.ForEachOps$ForEachOp$OfRef.accept(ForEachOps.java:184) [?:1.8.0_51]
	at java.util.Spliterators$ArraySpliterator.forEachRemaining(Spliterators.java:948) [?:1.8.0_51]
	at java.util.stream.AbstractPipeline.copyInto(AbstractPipeline.java:512) [?:1.8.0_51]
	at java.util.stream.ForEachOps$ForEachTask.compute(ForEachOps.java:291) [?:1.8.0_51]
	at java.util.concurrent.CountedCompleter.exec(CountedCompleter.java:731) [?:1.8.0_51]
	at java.util.concurrent.ForkJoinTask.doExec(ForkJoinTask.java:289) [?:1.8.0_51]
	at java.util.concurrent.ForkJoinPool$WorkQueue.runTask(ForkJoinPool.java:1056) [?:1.8.0_51]
	at java.util.concurrent.ForkJoinPool.runWorker(ForkJoinPool.java:1689) [?:1.8.0_51]
	at java.util.concurrent.ForkJoinWorkerThread.run(ForkJoinWorkerThread.java:157) [?:1.8.0_51]
[22:11:31] [ForkJoinPool.commonPool-worker-9/ERROR] [NotEnoughItems]: Removing item: moze_intel.projecte.gameObjs.items.tools.RedShovel@108a2339 from list.
java.lang.NullPointerException
	at moze_intel.projecte.gameObjs.items.ItemCharge.getCharge(ItemCharge.java:57) ~[ItemCharge.class:?]
	at moze_intel.projecte.gameObjs.items.ItemCharge.getDurabilityForDisplay(ItemCharge.java:30) ~[ItemCharge.class:?]
	at codechicken.nei.ItemList$1.lambda$forceTagCompoundInitialization$6(ItemList.java:336) ~[ItemList$1.class:?]
	at codechicken.nei.ItemList$1$$Lambda$1832/1019287497.run(Unknown Source) ~[?:?]
	at codechicken.nei.ItemList$1.runChecked(ItemList.java:310) ~[ItemList$1.class:?]
	at codechicken.nei.ItemList$1.forceTagCompoundInitialization(ItemList.java:336) ~[ItemList$1.class:?]
	at codechicken.nei.ItemList$1.lambda$execute$12(ItemList.java:401) [ItemList$1.class:?]
	at codechicken.nei.ItemList$1$$Lambda$1815/1954272366.accept(Unknown Source) [ItemList$1.class:?]
	at java.util.stream.ForEachOps$ForEachOp$OfRef.accept(ForEachOps.java:184) [?:1.8.0_51]
	at java.util.Spliterators$ArraySpliterator.forEachRemaining(Spliterators.java:948) [?:1.8.0_51]
	at java.util.stream.AbstractPipeline.copyInto(AbstractPipeline.java:512) [?:1.8.0_51]
	at java.util.stream.ForEachOps$ForEachTask.compute(ForEachOps.java:291) [?:1.8.0_51]
	at java.util.concurrent.CountedCompleter.exec(CountedCompleter.java:731) [?:1.8.0_51]
	at java.util.concurrent.ForkJoinTask.doExec(ForkJoinTask.java:289) [?:1.8.0_51]
	at java.util.concurrent.ForkJoinPool$WorkQueue.runTask(ForkJoinPool.java:1056) [?:1.8.0_51]
	at java.util.concurrent.ForkJoinPool.runWorker(ForkJoinPool.java:1689) [?:1.8.0_51]
	at java.util.concurrent.ForkJoinWorkerThread.run(ForkJoinWorkerThread.java:157) [?:1.8.0_51]
[22:11:31] [ForkJoinPool.commonPool-worker-9/ERROR] [NotEnoughItems]: Removing item: moze_intel.projecte.gameObjs.items.tools.RedSword@b23f3df from list.
java.lang.NullPointerException
	at moze_intel.projecte.gameObjs.items.ItemCharge.getCharge(ItemCharge.java:57) ~[ItemCharge.class:?]
	at moze_intel.projecte.gameObjs.items.ItemCharge.getDurabilityForDisplay(ItemCharge.java:30) ~[ItemCharge.class:?]
	at codechicken.nei.ItemList$1.lambda$forceTagCompoundInitialization$6(ItemList.java:336) ~[ItemList$1.class:?]
	at codechicken.nei.ItemList$1$$Lambda$1832/1019287497.run(Unknown Source) ~[?:?]
	at codechicken.nei.ItemList$1.runChecked(ItemList.java:310) ~[ItemList$1.class:?]
	at codechicken.nei.ItemList$1.forceTagCompoundInitialization(ItemList.java:336) ~[ItemList$1.class:?]
	at codechicken.nei.ItemList$1.lambda$execute$12(ItemList.java:401) [ItemList$1.class:?]
	at codechicken.nei.ItemList$1$$Lambda$1815/1954272366.accept(Unknown Source) [ItemList$1.class:?]
	at java.util.stream.ForEachOps$ForEachOp$OfRef.accept(ForEachOps.java:184) [?:1.8.0_51]
	at java.util.Spliterators$ArraySpliterator.forEachRemaining(Spliterators.java:948) [?:1.8.0_51]
	at java.util.stream.AbstractPipeline.copyInto(AbstractPipeline.java:512) [?:1.8.0_51]
	at java.util.stream.ForEachOps$ForEachTask.compute(ForEachOps.java:291) [?:1.8.0_51]
	at java.util.concurrent.CountedCompleter.exec(CountedCompleter.java:731) [?:1.8.0_51]
	at java.util.concurrent.ForkJoinTask.doExec(ForkJoinTask.java:289) [?:1.8.0_51]
	at java.util.concurrent.ForkJoinPool$WorkQueue.runTask(ForkJoinPool.java:1056) [?:1.8.0_51]
	at java.util.concurrent.ForkJoinPool.runWorker(ForkJoinPool.java:1689) [?:1.8.0_51]
	at java.util.concurrent.ForkJoinWorkerThread.run(ForkJoinWorkerThread.java:157) [?:1.8.0_51]
[22:11:31] [ForkJoinPool.commonPool-worker-9/ERROR] [NotEnoughItems]: Removing item: moze_intel.projecte.gameObjs.items.tools.RedHoe@fc5c001 from list.
java.lang.NullPointerException
	at moze_intel.projecte.gameObjs.items.ItemCharge.getCharge(ItemCharge.java:57) ~[ItemCharge.class:?]
	at moze_intel.projecte.gameObjs.items.ItemCharge.getDurabilityForDisplay(ItemCharge.java:30) ~[ItemCharge.class:?]
	at codechicken.nei.ItemList$1.lambda$forceTagCompoundInitialization$6(ItemList.java:336) ~[ItemList$1.class:?]
	at codechicken.nei.ItemList$1$$Lambda$1832/1019287497.run(Unknown Source) ~[?:?]
	at codechicken.nei.ItemList$1.runChecked(ItemList.java:310) ~[ItemList$1.class:?]
	at codechicken.nei.ItemList$1.forceTagCompoundInitialization(ItemList.java:336) ~[ItemList$1.class:?]
	at codechicken.nei.ItemList$1.lambda$execute$12(ItemList.java:401) [ItemList$1.class:?]
	at codechicken.nei.ItemList$1$$Lambda$1815/1954272366.accept(Unknown Source) [ItemList$1.class:?]
	at java.util.stream.ForEachOps$ForEachOp$OfRef.accept(ForEachOps.java:184) [?:1.8.0_51]
	at java.util.Spliterators$ArraySpliterator.forEachRemaining(Spliterators.java:948) [?:1.8.0_51]
	at java.util.stream.AbstractPipeline.copyInto(AbstractPipeline.java:512) [?:1.8.0_51]
	at java.util.stream.ForEachOps$ForEachTask.compute(ForEachOps.java:291) [?:1.8.0_51]
	at java.util.concurrent.CountedCompleter.exec(CountedCompleter.java:731) [?:1.8.0_51]
	at java.util.concurrent.ForkJoinTask.doExec(ForkJoinTask.java:289) [?:1.8.0_51]
	at java.util.concurrent.ForkJoinPool$WorkQueue.runTask(ForkJoinPool.java:1056) [?:1.8.0_51]
	at java.util.concurrent.ForkJoinPool.runWorker(ForkJoinPool.java:1689) [?:1.8.0_51]
	at java.util.concurrent.ForkJoinWorkerThread.run(ForkJoinWorkerThread.java:157) [?:1.8.0_51]
[22:11:31] [ForkJoinPool.commonPool-worker-9/ERROR] [NotEnoughItems]: Removing item: moze_intel.projecte.gameObjs.items.tools.RedShears@14e1214a from list.
java.lang.NullPointerException
	at moze_intel.projecte.gameObjs.items.ItemCharge.getCharge(ItemCharge.java:57) ~[ItemCharge.class:?]
	at moze_intel.projecte.gameObjs.items.ItemCharge.getDurabilityForDisplay(ItemCharge.java:30) ~[ItemCharge.class:?]
	at codechicken.nei.ItemList$1.lambda$forceTagCompoundInitialization$6(ItemList.java:336) ~[ItemList$1.class:?]
	at codechicken.nei.ItemList$1$$Lambda$1832/1019287497.run(Unknown Source) ~[?:?]
	at codechicken.nei.ItemList$1.runChecked(ItemList.java:310) ~[ItemList$1.class:?]
	at codechicken.nei.ItemList$1.forceTagCompoundInitialization(ItemList.java:336) ~[ItemList$1.class:?]
	at codechicken.nei.ItemList$1.lambda$execute$12(ItemList.java:401) [ItemList$1.class:?]
	at codechicken.nei.ItemList$1$$Lambda$1815/1954272366.accept(Unknown Source) [ItemList$1.class:?]
	at java.util.stream.ForEachOps$ForEachOp$OfRef.accept(ForEachOps.java:184) [?:1.8.0_51]
	at java.util.Spliterators$ArraySpliterator.forEachRemaining(Spliterators.java:948) [?:1.8.0_51]
	at java.util.stream.AbstractPipeline.copyInto(AbstractPipeline.java:512) [?:1.8.0_51]
	at java.util.stream.ForEachOps$ForEachTask.compute(ForEachOps.java:291) [?:1.8.0_51]
	at java.util.concurrent.CountedCompleter.exec(CountedCompleter.java:731) [?:1.8.0_51]
	at java.util.concurrent.ForkJoinTask.doExec(ForkJoinTask.java:289) [?:1.8.0_51]
	at java.util.concurrent.ForkJoinPool$WorkQueue.runTask(ForkJoinPool.java:1056) [?:1.8.0_51]
	at java.util.concurrent.ForkJoinPool.runWorker(ForkJoinPool.java:1689) [?:1.8.0_51]
	at java.util.concurrent.ForkJoinWorkerThread.run(ForkJoinWorkerThread.java:157) [?:1.8.0_51]
[22:11:31] [ForkJoinPool.commonPool-worker-9/ERROR] [NotEnoughItems]: Removing item: moze_intel.projecte.gameObjs.items.tools.RedHammer@55335b04 from list.
java.lang.NullPointerException
	at moze_intel.projecte.gameObjs.items.ItemCharge.getCharge(ItemCharge.java:57) ~[ItemCharge.class:?]
	at moze_intel.projecte.gameObjs.items.ItemCharge.getDurabilityForDisplay(ItemCharge.java:30) ~[ItemCharge.class:?]
	at codechicken.nei.ItemList$1.lambda$forceTagCompoundInitialization$6(ItemList.java:336) ~[ItemList$1.class:?]
	at codechicken.nei.ItemList$1$$Lambda$1832/1019287497.run(Unknown Source) ~[?:?]
	at codechicken.nei.ItemList$1.runChecked(ItemList.java:310) ~[ItemList$1.class:?]
	at codechicken.nei.ItemList$1.forceTagCompoundInitialization(ItemList.java:336) ~[ItemList$1.class:?]
	at codechicken.nei.ItemList$1.lambda$execute$12(ItemList.java:401) [ItemList$1.class:?]
	at codechicken.nei.ItemList$1$$Lambda$1815/1954272366.accept(Unknown Source) [ItemList$1.class:?]
	at java.util.stream.ForEachOps$ForEachOp$OfRef.accept(ForEachOps.java:184) [?:1.8.0_51]
	at java.util.Spliterators$ArraySpliterator.forEachRemaining(Spliterators.java:948) [?:1.8.0_51]
	at java.util.stream.AbstractPipeline.copyInto(AbstractPipeline.java:512) [?:1.8.0_51]
	at java.util.stream.ForEachOps$ForEachTask.compute(ForEachOps.java:291) [?:1.8.0_51]
	at java.util.concurrent.CountedCompleter.exec(CountedCompleter.java:731) [?:1.8.0_51]
	at java.util.concurrent.ForkJoinTask.doExec(ForkJoinTask.java:289) [?:1.8.0_51]
	at java.util.concurrent.ForkJoinPool$WorkQueue.runTask(ForkJoinPool.java:1056) [?:1.8.0_51]
	at java.util.concurrent.ForkJoinPool.runWorker(ForkJoinPool.java:1689) [?:1.8.0_51]
	at java.util.concurrent.ForkJoinWorkerThread.run(ForkJoinWorkerThread.java:157) [?:1.8.0_51]
[22:11:31] [ForkJoinPool.commonPool-worker-9/ERROR] [NotEnoughItems]: Removing item: moze_intel.projecte.gameObjs.items.tools.RedKatar@411ae776 from list.
java.lang.NullPointerException
	at moze_intel.projecte.gameObjs.items.ItemCharge.getCharge(ItemCharge.java:57) ~[ItemCharge.class:?]
	at moze_intel.projecte.gameObjs.items.ItemCharge.getDurabilityForDisplay(ItemCharge.java:30) ~[ItemCharge.class:?]
	at codechicken.nei.ItemList$1.lambda$forceTagCompoundInitialization$6(ItemList.java:336) ~[ItemList$1.class:?]
	at codechicken.nei.ItemList$1$$Lambda$1832/1019287497.run(Unknown Source) ~[?:?]
	at codechicken.nei.ItemList$1.runChecked(ItemList.java:310) ~[ItemList$1.class:?]
	at codechicken.nei.ItemList$1.forceTagCompoundInitialization(ItemList.java:336) ~[ItemList$1.class:?]
	at codechicken.nei.ItemList$1.lambda$execute$12(ItemList.java:401) [ItemList$1.class:?]
	at codechicken.nei.ItemList$1$$Lambda$1815/1954272366.accept(Unknown Source) [ItemList$1.class:?]
	at java.util.stream.ForEachOps$ForEachOp$OfRef.accept(ForEachOps.java:184) [?:1.8.0_51]
	at java.util.Spliterators$ArraySpliterator.forEachRemaining(Spliterators.java:948) [?:1.8.0_51]
	at java.util.stream.AbstractPipeline.copyInto(AbstractPipeline.java:512) [?:1.8.0_51]
	at java.util.stream.ForEachOps$ForEachTask.compute(ForEachOps.java:291) [?:1.8.0_51]
	at java.util.concurrent.CountedCompleter.exec(CountedCompleter.java:731) [?:1.8.0_51]
	at java.util.concurrent.ForkJoinTask.doExec(ForkJoinTask.java:289) [?:1.8.0_51]
	at java.util.concurrent.ForkJoinPool$WorkQueue.runTask(ForkJoinPool.java:1056) [?:1.8.0_51]
	at java.util.concurrent.ForkJoinPool.runWorker(ForkJoinPool.java:1689) [?:1.8.0_51]
	at java.util.concurrent.ForkJoinWorkerThread.run(ForkJoinWorkerThread.java:157) [?:1.8.0_51]
[22:11:31] [ForkJoinPool.commonPool-worker-9/ERROR] [NotEnoughItems]: Removing item: moze_intel.projecte.gameObjs.items.tools.RedStar@60fef29c from list.
java.lang.NullPointerException
	at moze_intel.projecte.gameObjs.items.ItemCharge.getCharge(ItemCharge.java:57) ~[ItemCharge.class:?]
	at moze_intel.projecte.gameObjs.items.ItemCharge.getDurabilityForDisplay(ItemCharge.java:30) ~[ItemCharge.class:?]
	at codechicken.nei.ItemList$1.lambda$forceTagCompoundInitialization$6(ItemList.java:336) ~[ItemList$1.class:?]
	at codechicken.nei.ItemList$1$$Lambda$1832/1019287497.run(Unknown Source) ~[?:?]
	at codechicken.nei.ItemList$1.runChecked(ItemList.java:310) ~[ItemList$1.class:?]
	at codechicken.nei.ItemList$1.forceTagCompoundInitialization(ItemList.java:336) ~[ItemList$1.class:?]
	at codechicken.nei.ItemList$1.lambda$execute$12(ItemList.java:401) [ItemList$1.class:?]
	at codechicken.nei.ItemList$1$$Lambda$1815/1954272366.accept(Unknown Source) [ItemList$1.class:?]
	at java.util.stream.ForEachOps$ForEachOp$OfRef.accept(ForEachOps.java:184) [?:1.8.0_51]
	at java.util.Spliterators$ArraySpliterator.forEachRemaining(Spliterators.java:948) [?:1.8.0_51]
	at java.util.stream.AbstractPipeline.copyInto(AbstractPipeline.java:512) [?:1.8.0_51]
	at java.util.stream.ForEachOps$ForEachTask.compute(ForEachOps.java:291) [?:1.8.0_51]
	at java.util.concurrent.CountedCompleter.exec(CountedCompleter.java:731) [?:1.8.0_51]
	at java.util.concurrent.ForkJoinTask.doExec(ForkJoinTask.java:289) [?:1.8.0_51]
	at java.util.concurrent.ForkJoinPool$WorkQueue.runTask(ForkJoinPool.java:1056) [?:1.8.0_51]
	at java.util.concurrent.ForkJoinPool.runWorker(ForkJoinPool.java:1689) [?:1.8.0_51]
	at java.util.concurrent.ForkJoinWorkerThread.run(ForkJoinWorkerThread.java:157) [?:1.8.0_51]
[22:11:31] [ForkJoinPool.commonPool-worker-9/ERROR] [NotEnoughItems]: Removing item: moze_intel.projecte.gameObjs.items.rings.Zero@58d7c56c from list.
java.lang.NullPointerException
	at moze_intel.projecte.gameObjs.items.ItemCharge.getCharge(ItemCharge.java:57) ~[ItemCharge.class:?]
	at moze_intel.projecte.gameObjs.items.ItemCharge.getDurabilityForDisplay(ItemCharge.java:30) ~[ItemCharge.class:?]
	at codechicken.nei.ItemList$1.lambda$forceTagCompoundInitialization$6(ItemList.java:336) ~[ItemList$1.class:?]
	at codechicken.nei.ItemList$1$$Lambda$1832/1019287497.run(Unknown Source) ~[?:?]
	at codechicken.nei.ItemList$1.runChecked(ItemList.java:310) ~[ItemList$1.class:?]
	at codechicken.nei.ItemList$1.forceTagCompoundInitialization(ItemList.java:336) ~[ItemList$1.class:?]
	at codechicken.nei.ItemList$1.lambda$execute$12(ItemList.java:401) [ItemList$1.class:?]
	at codechicken.nei.ItemList$1$$Lambda$1815/1954272366.accept(Unknown Source) [ItemList$1.class:?]
	at java.util.stream.ForEachOps$ForEachOp$OfRef.accept(ForEachOps.java:184) [?:1.8.0_51]
	at java.util.Spliterators$ArraySpliterator.forEachRemaining(Spliterators.java:948) [?:1.8.0_51]
	at java.util.stream.AbstractPipeline.copyInto(AbstractPipeline.java:512) [?:1.8.0_51]
	at java.util.stream.ForEachOps$ForEachTask.compute(ForEachOps.java:291) [?:1.8.0_51]
	at java.util.concurrent.CountedCompleter.exec(CountedCompleter.java:731) [?:1.8.0_51]
	at java.util.concurrent.ForkJoinTask.doExec(ForkJoinTask.java:289) [?:1.8.0_51]
	at java.util.concurrent.ForkJoinPool$WorkQueue.runTask(ForkJoinPool.java:1056) [?:1.8.0_51]
	at java.util.concurrent.ForkJoinPool.runWorker(ForkJoinPool.java:1689) [?:1.8.0_51]
	at java.util.concurrent.ForkJoinWorkerThread.run(ForkJoinWorkerThread.java:157) [?:1.8.0_51]
[22:11:31] [ForkJoinPool.commonPool-worker-9/ERROR] [NotEnoughItems]: Removing item: moze_intel.projecte.gameObjs.items.TimeWatch@24b65362 from list.
java.lang.NullPointerException
	at moze_intel.projecte.gameObjs.items.ItemCharge.getCharge(ItemCharge.java:57) ~[ItemCharge.class:?]
	at moze_intel.projecte.gameObjs.items.ItemCharge.getDurabilityForDisplay(ItemCharge.java:30) ~[ItemCharge.class:?]
	at codechicken.nei.ItemList$1.lambda$forceTagCompoundInitialization$6(ItemList.java:336) ~[ItemList$1.class:?]
	at codechicken.nei.ItemList$1$$Lambda$1832/1019287497.run(Unknown Source) ~[?:?]
	at codechicken.nei.ItemList$1.runChecked(ItemList.java:310) ~[ItemList$1.class:?]
	at codechicken.nei.ItemList$1.forceTagCompoundInitialization(ItemList.java:336) ~[ItemList$1.class:?]
	at codechicken.nei.ItemList$1.lambda$execute$12(ItemList.java:401) [ItemList$1.class:?]
	at codechicken.nei.ItemList$1$$Lambda$1815/1954272366.accept(Unknown Source) [ItemList$1.class:?]
	at java.util.stream.ForEachOps$ForEachOp$OfRef.accept(ForEachOps.java:184) [?:1.8.0_51]
	at java.util.Spliterators$ArraySpliterator.forEachRemaining(Spliterators.java:948) [?:1.8.0_51]
	at java.util.stream.AbstractPipeline.copyInto(AbstractPipeline.java:512) [?:1.8.0_51]
	at java.util.stream.ForEachOps$ForEachTask.compute(ForEachOps.java:291) [?:1.8.0_51]
	at java.util.concurrent.CountedCompleter.exec(CountedCompleter.java:731) [?:1.8.0_51]
	at java.util.concurrent.ForkJoinTask.doExec(ForkJoinTask.java:289) [?:1.8.0_51]
	at java.util.concurrent.ForkJoinPool$WorkQueue.runTask(ForkJoinPool.java:1056) [?:1.8.0_51]
	at java.util.concurrent.ForkJoinPool.runWorker(ForkJoinPool.java:1689) [?:1.8.0_51]
	at java.util.concurrent.ForkJoinWorkerThread.run(ForkJoinWorkerThread.java:157) [?:1.8.0_51]
[22:11:31] [ForkJoinPool.commonPool-worker-9/ERROR] [NotEnoughItems]: Removing item: moze_intel.projecte.gameObjs.items.MercurialEye@27a37ed4 from list.
java.lang.NullPointerException
	at moze_intel.projecte.gameObjs.items.ItemCharge.getCharge(ItemCharge.java:57) ~[ItemCharge.class:?]
	at moze_intel.projecte.gameObjs.items.ItemCharge.getDurabilityForDisplay(ItemCharge.java:30) ~[ItemCharge.class:?]
	at codechicken.nei.ItemList$1.lambda$forceTagCompoundInitialization$6(ItemList.java:336) ~[ItemList$1.class:?]
	at codechicken.nei.ItemList$1$$Lambda$1832/1019287497.run(Unknown Source) ~[?:?]
	at codechicken.nei.ItemList$1.runChecked(ItemList.java:310) ~[ItemList$1.class:?]
	at codechicken.nei.ItemList$1.forceTagCompoundInitialization(ItemList.java:336) ~[ItemList$1.class:?]
	at codechicken.nei.ItemList$1.lambda$execute$12(ItemList.java:401) [ItemList$1.class:?]
	at codechicken.nei.ItemList$1$$Lambda$1815/1954272366.accept(Unknown Source) [ItemList$1.class:?]
	at java.util.stream.ForEachOps$ForEachOp$OfRef.accept(ForEachOps.java:184) [?:1.8.0_51]
	at java.util.Spliterators$ArraySpliterator.forEachRemaining(Spliterators.java:948) [?:1.8.0_51]
	at java.util.stream.AbstractPipeline.copyInto(AbstractPipeline.java:512) [?:1.8.0_51]
	at java.util.stream.ForEachOps$ForEachTask.compute(ForEachOps.java:291) [?:1.8.0_51]
	at java.util.concurrent.CountedCompleter.exec(CountedCompleter.java:731) [?:1.8.0_51]
	at java.util.concurrent.ForkJoinTask.doExec(ForkJoinTask.java:289) [?:1.8.0_51]
	at java.util.concurrent.ForkJoinPool$WorkQueue.runTask(ForkJoinPool.java:1056) [?:1.8.0_51]
	at java.util.concurrent.ForkJoinPool.runWorker(ForkJoinPool.java:1689) [?:1.8.0_51]
	at java.util.concurrent.ForkJoinWorkerThread.run(ForkJoinWorkerThread.java:157) [?:1.8.0_51]
[22:11:31] [ForkJoinPool.commonPool-worker-9/ERROR] [NotEnoughItems]: Removing item: moze_intel.projecte.gameObjs.items.DestructionCatalyst@57a51ba5 from list.
java.lang.NullPointerException
	at moze_intel.projecte.gameObjs.items.ItemCharge.getCharge(ItemCharge.java:57) ~[ItemCharge.class:?]
	at moze_intel.projecte.gameObjs.items.ItemCharge.getDurabilityForDisplay(ItemCharge.java:30) ~[ItemCharge.class:?]
	at codechicken.nei.ItemList$1.lambda$forceTagCompoundInitialization$6(ItemList.java:336) ~[ItemList$1.class:?]
	at codechicken.nei.ItemList$1$$Lambda$1832/1019287497.run(Unknown Source) ~[?:?]
	at codechicken.nei.ItemList$1.runChecked(ItemList.java:310) ~[ItemList$1.class:?]
	at codechicken.nei.ItemList$1.forceTagCompoundInitialization(ItemList.java:336) ~[ItemList$1.class:?]
	at codechicken.nei.ItemList$1.lambda$execute$12(ItemList.java:401) [ItemList$1.class:?]
	at codechicken.nei.ItemList$1$$Lambda$1815/1954272366.accept(Unknown Source) [ItemList$1.class:?]
	at java.util.stream.ForEachOps$ForEachOp$OfRef.accept(ForEachOps.java:184) [?:1.8.0_51]
	at java.util.Spliterators$ArraySpliterator.forEachRemaining(Spliterators.java:948) [?:1.8.0_51]
	at java.util.stream.AbstractPipeline.copyInto(AbstractPipeline.java:512) [?:1.8.0_51]
	at java.util.stream.ForEachOps$ForEachTask.compute(ForEachOps.java:291) [?:1.8.0_51]
	at java.util.concurrent.CountedCompleter.exec(CountedCompleter.java:731) [?:1.8.0_51]
	at java.util.concurrent.ForkJoinTask.doExec(ForkJoinTask.java:289) [?:1.8.0_51]
	at java.util.concurrent.ForkJoinPool$WorkQueue.runTask(ForkJoinPool.java:1056) [?:1.8.0_51]
	at java.util.concurrent.ForkJoinPool.runWorker(ForkJoinPool.java:1689) [?:1.8.0_51]
	at java.util.concurrent.ForkJoinWorkerThread.run(ForkJoinWorkerThread.java:157) [?:1.8.0_51]
[22:11:31] [ForkJoinPool.commonPool-worker-9/ERROR] [NotEnoughItems]: Removing item: moze_intel.projecte.gameObjs.items.HyperkineticLens@143fb8d5 from list.
java.lang.NullPointerException
	at moze_intel.projecte.gameObjs.items.ItemCharge.getCharge(ItemCharge.java:57) ~[ItemCharge.class:?]
	at moze_intel.projecte.gameObjs.items.ItemCharge.getDurabilityForDisplay(ItemCharge.java:30) ~[ItemCharge.class:?]
	at codechicken.nei.ItemList$1.lambda$forceTagCompoundInitialization$6(ItemList.java:336) ~[ItemList$1.class:?]
	at codechicken.nei.ItemList$1$$Lambda$1832/1019287497.run(Unknown Source) ~[?:?]
	at codechicken.nei.ItemList$1.runChecked(ItemList.java:310) ~[ItemList$1.class:?]
	at codechicken.nei.ItemList$1.forceTagCompoundInitialization(ItemList.java:336) ~[ItemList$1.class:?]
	at codechicken.nei.ItemList$1.lambda$execute$12(ItemList.java:401) [ItemList$1.class:?]
	at codechicken.nei.ItemList$1$$Lambda$1815/1954272366.accept(Unknown Source) [ItemList$1.class:?]
	at java.util.stream.ForEachOps$ForEachOp$OfRef.accept(ForEachOps.java:184) [?:1.8.0_51]
	at java.util.Spliterators$ArraySpliterator.forEachRemaining(Spliterators.java:948) [?:1.8.0_51]
	at java.util.stream.AbstractPipeline.copyInto(AbstractPipeline.java:512) [?:1.8.0_51]
	at java.util.stream.ForEachOps$ForEachTask.compute(ForEachOps.java:291) [?:1.8.0_51]
	at java.util.concurrent.CountedCompleter.exec(CountedCompleter.java:731) [?:1.8.0_51]
	at java.util.concurrent.ForkJoinTask.doExec(ForkJoinTask.java:289) [?:1.8.0_51]
	at java.util.concurrent.ForkJoinPool$WorkQueue.runTask(ForkJoinPool.java:1056) [?:1.8.0_51]
	at java.util.concurrent.ForkJoinPool.runWorker(ForkJoinPool.java:1689) [?:1.8.0_51]
	at java.util.concurrent.ForkJoinWorkerThread.run(ForkJoinWorkerThread.java:157) [?:1.8.0_51]
[22:11:31] [ForkJoinPool.commonPool-worker-9/ERROR] [NotEnoughItems]: Removing item: moze_intel.projecte.gameObjs.items.CataliticLens@48290726 from list.
java.lang.NullPointerException
	at moze_intel.projecte.gameObjs.items.ItemCharge.getCharge(ItemCharge.java:57) ~[ItemCharge.class:?]
	at moze_intel.projecte.gameObjs.items.ItemCharge.getDurabilityForDisplay(ItemCharge.java:30) ~[ItemCharge.class:?]
	at codechicken.nei.ItemList$1.lambda$forceTagCompoundInitialization$6(ItemList.java:336) ~[ItemList$1.class:?]
	at codechicken.nei.ItemList$1$$Lambda$1832/1019287497.run(Unknown Source) ~[?:?]
	at codechicken.nei.ItemList$1.runChecked(ItemList.java:310) ~[ItemList$1.class:?]
	at codechicken.nei.ItemList$1.forceTagCompoundInitialization(ItemList.java:336) ~[ItemList$1.class:?]
	at codechicken.nei.ItemList$1.lambda$execute$12(ItemList.java:401) [ItemList$1.class:?]
	at codechicken.nei.ItemList$1$$Lambda$1815/1954272366.accept(Unknown Source) [ItemList$1.class:?]
	at java.util.stream.ForEachOps$ForEachOp$OfRef.accept(ForEachOps.java:184) [?:1.8.0_51]
	at java.util.Spliterators$ArraySpliterator.forEachRemaining(Spliterators.java:948) [?:1.8.0_51]
	at java.util.stream.AbstractPipeline.copyInto(AbstractPipeline.java:512) [?:1.8.0_51]
	at java.util.stream.ForEachOps$ForEachTask.compute(ForEachOps.java:291) [?:1.8.0_51]
	at java.util.concurrent.CountedCompleter.exec(CountedCompleter.java:731) [?:1.8.0_51]
	at java.util.concurrent.ForkJoinTask.doExec(ForkJoinTask.java:289) [?:1.8.0_51]
	at java.util.concurrent.ForkJoinPool$WorkQueue.runTask(ForkJoinPool.java:1056) [?:1.8.0_51]
	at java.util.concurrent.ForkJoinPool.runWorker(ForkJoinPool.java:1689) [?:1.8.0_51]
	at java.util.concurrent.ForkJoinWorkerThread.run(ForkJoinWorkerThread.java:157) [?:1.8.0_51]
