[21:07:28] [main/INFO] [LaunchWrapper]: Loading tweak class name cpw.mods.fml.common.launcher.FMLTweaker
[21:07:28] [main/INFO] [LaunchWrapper]: Using primary tweak class name cpw.mods.fml.common.launcher.FMLTweaker
[21:07:28] [main/INFO] [LaunchWrapper]: Calling tweak class cpw.mods.fml.common.launcher.FMLTweaker
[21:08:34] [ForkJoinPool.commonPool-worker-4/DEBUG] [NotEnoughItems]: Loaded cofh.plugins.nei.NEICoFHConfig
[21:08:34] [ForkJoinPool.commonPool-worker-8/DEBUG] [NotEnoughItems]: Loaded witchinggadgets.client.nei.NEIWGConfig
[21:08:34] [ForkJoinPool.commonPool-worker-4/DEBUG] [NotEnoughItems]: Loaded net.glease.tc4tweak.nei.NEIConfig
[21:08:34] [ForkJoinPool.commonPool-worker-9/DEBUG] [NotEnoughItems]: Loaded ab.client.nei.NEIConfig
[21:08:34] [ForkJoinPool.commonPool-worker-6/DEBUG] [mixin]: Mixing thaumcraft.client.gui.MixinGuiArcaneWorkbench_SingleWandReplacement from mixins.salisarcana.late.json into thaumcraft.client.gui.GuiArcaneWorkbench
[21:08:34] [ForkJoinPool.commonPool-worker-12/DEBUG] [NotEnoughItems]: Loaded fox.spiteful.avaritia.compat.nei.NEIAvaritiaConfig
[21:08:34] [ForkJoinPool.commonPool-worker-14/DEBUG] [NotEnoughItems]: Loaded tombenpotter.sanguimancy.compat.nei.NEIConfig
[21:08:34] [ForkJoinPool.commonPool-worker-3/INFO] [Draconic Evolution]: Added NEI integration
[21:08:34] [ForkJoinPool.commonPool-worker-3/DEBUG] [NotEnoughItems]: Loaded com.brandon3055.draconicevolution.integration.nei.NEIDraconicevolutionConfig
[21:08:34] [ForkJoinPool.commonPool-worker-6/DEBUG] [mixin]: Mixing thaumcraft.client.gui.MixinGuiArcaneWorkbench_MissingResearch from mixins.salisarcana.late.json into thaumcraft.client.gui.GuiArcaneWorkbench
[21:08:34] [ForkJoinPool.commonPool-worker-14/DEBUG] [NotEnoughItems]: Loaded wanion.avaritiaddons.plugins.nei.NEIConfig
[21:08:34] [ForkJoinPool.commonPool-worker-6/DEBUG] [NotEnoughItems]: Loaded dev.rndmorris.salisarcana.common.compat.NEIConfig
[21:08:34] [ForkJoinPool.commonPool-worker-14/INFO] [Forestry]: Loading: Forestry NEI Integration
[21:08:34] [ForkJoinPool.commonPool-worker-3/INFO] [OpenMods]: openblocks.NEIOpenBlocksConfig.loadConfig(NEIOpenBlocksConfig.java:40): OpenBlocks NEI Integration loaded successfully
[21:08:34] [ForkJoinPool.commonPool-worker-3/DEBUG] [NotEnoughItems]: Loaded openblocks.NEIOpenBlocksConfig
[21:08:34] [ForkJoinPool.commonPool-worker-9/DEBUG] [NotEnoughItems]: Loaded team.chisel.compat.nei.NEIChiselConfig
[21:08:34] [ForkJoinPool.commonPool-worker-12/DEBUG] [NotEnoughItems]: Loaded net.darkhax.bookshelf.client.nei.NEIBookshelfConfig
[21:08:34] [ForkJoinPool.commonPool-worker-10/DEBUG] [NotEnoughItems]: Loaded vazkii.botania.client.integration.nei.NEIBotaniaConfig
[21:08:34] [ForkJoinPool.commonPool-worker-13/DEBUG] [NotEnoughItems]: Loaded net.bdew.ae2stuff.nei.NEI_AE2Stuff_Config
[21:08:34] [ForkJoinPool.commonPool-worker-3/DEBUG] [NotEnoughItems]: Loaded com.cleanroommc.modularui.integration.nei.NEIModularUIConfig
[21:08:34] [ForkJoinPool.commonPool-worker-15/DEBUG] [NotEnoughItems]: Loaded cofh.thermalexpansion.plugins.nei.NEIThermalExpansionConfig
[21:08:34] [ForkJoinPool.commonPool-worker-15/INFO] [NotEnoughEnergistics]: -----Not Enough Energistics Init Start-----
[21:08:34] [ForkJoinPool.commonPool-worker-15/INFO] [NotEnoughEnergistics]: Install Vanilla Support
[21:08:35] [ForkJoinPool.commonPool-worker-15/INFO] [NotEnoughEnergistics]: Found Applied Energistics 2,install Applied Energistics 2 support
[21:08:35] [ForkJoinPool.commonPool-worker-15/INFO] [NotEnoughEnergistics]: Found Botania,install Botania support
[21:08:35] [ForkJoinPool.commonPool-worker-15/INFO] [NotEnoughEnergistics]: Found Avaritia, install Avaritia support
[21:08:35] [ForkJoinPool.commonPool-worker-2/DEBUG] [NotEnoughItems]: Loaded com.emoniph.witchery.integration.NEIWitcheryConfig
[21:08:35] [ForkJoinPool.commonPool-worker-15/INFO] [NotEnoughEnergistics]: Found EnderIO, install EnderIO support
[21:08:35] [ForkJoinPool.commonPool-worker-15/INFO] [NotEnoughEnergistics]: Found Forestry, install Forestry support
[21:08:35] [ForkJoinPool.commonPool-worker-4/DEBUG] [NotEnoughItems]: Loaded crazypants.enderio.nei.NEIEnderIOConfig
[21:08:35] [ForkJoinPool.commonPool-worker-15/INFO] [NotEnoughEnergistics]: Found Aspect Recipe Index, install Aspect Recipe Index support
[21:08:35] [ForkJoinPool.commonPool-worker-3/DEBUG] [NotEnoughItems]: Loaded WayofTime.alchemicalWizardry.client.nei.NEIConfig
[21:08:35] [ForkJoinPool.commonPool-worker-14/DEBUG] [NotEnoughItems]: Loaded forestry.core.recipes.nei.NEIIntegrationConfig
[21:08:35] [ForkJoinPool.commonPool-worker-15/INFO] [NotEnoughEnergistics]: Found ThermalExpansion, install ThermalExpansion support
[21:08:35] [ForkJoinPool.commonPool-worker-4/DEBUG] [NotEnoughItems]: Loaded cofh.thermaldynamics.plugins.nei.NEIThermalDynamicsConfig
[21:08:35] [ForkJoinPool.commonPool-worker-15/INFO] [NotEnoughEnergistics]: Found BloodMagic, install BloodMagic support
[21:08:35] [ForkJoinPool.commonPool-worker-15/INFO] [NotEnoughEnergistics]: -----Not Enough Energistics Init  Finished-----
[21:08:35] [ForkJoinPool.commonPool-worker-13/DEBUG] [NotEnoughItems]: Loaded evilcraft.modcompat.nei.NEIEvilCraftConfig
[21:08:35] [ForkJoinPool.commonPool-worker-3/DEBUG] [NotEnoughItems]: Loaded com.gtnewhorizons.aspectrecipeindex.nei.NEIConfig
[21:08:35] [ForkJoinPool.commonPool-worker-15/INFO] [NotEnoughEnergistics]: NEIController replaced success
[21:08:35] [ForkJoinPool.commonPool-worker-15/INFO] [NotEnoughEnergistics]: Install ThaumicEnergistics support
[21:08:35] [ForkJoinPool.commonPool-worker-2/DEBUG] [FML]: Attempted to find the oreIDs for an unregistered object (1xitem.null@0). This won't work very well.
[21:08:35] [ForkJoinPool.commonPool-worker-2/DEBUG] [FML]: Attempted to find the oreIDs for an unregistered object (1xitem.null@1). This won't work very well.
[21:08:35] [ForkJoinPool.commonPool-worker-15/INFO] [NotEnoughEnergistics]: Install Avaritiaddons support
[21:08:35] [ForkJoinPool.commonPool-worker-2/DEBUG] [FML]: Attempted to find the oreIDs for an unregistered object (1xitem.null@2). This won't work very well.
[21:08:35] [ForkJoinPool.commonPool-worker-2/DEBUG] [FML]: Attempted to find the oreIDs for an unregistered object (1xitem.null@3). This won't work very well.
[21:08:35] [ForkJoinPool.commonPool-worker-2/DEBUG] [FML]: Attempted to find the oreIDs for an unregistered object (1xitem.null@4). This won't work very well.
[21:08:35] [ForkJoinPool.commonPool-worker-2/DEBUG] [FML]: Attempted to find the oreIDs for an unregistered object (1xitem.null@5). This won't work very well.
[21:08:35] [ForkJoinPool.commonPool-worker-2/DEBUG] [FML]: Attempted to find the oreIDs for an unregistered object (1xitem.null@6). This won't work very well.
[21:08:35] [ForkJoinPool.commonPool-worker-2/DEBUG] [FML]: Attempted to find the oreIDs for an unregistered object (1xitem.null@7). This won't work very well.
[21:08:35] [ForkJoinPool.commonPool-worker-2/DEBUG] [FML]: Attempted to find the oreIDs for an unregistered object (1xitem.null@8). This won't work very well.
[21:08:35] [ForkJoinPool.commonPool-worker-15/DEBUG] [NotEnoughItems]: Loaded com.github.vfyjxf.nee.NEINeeConfig
[21:08:35] [ForkJoinPool.commonPool-worker-2/DEBUG] [NotEnoughItems]: Loaded flaxbeard.thaumicexploration.integration.nei.NEIConfig
[21:08:35] [ForkJoinPool.commonPool-worker-2/DEBUG] [NotEnoughItems]: Loaded cofh.thermalfoundation.plugins.nei.NEIThermalFoundationConfig
[21:08:35] [ForkJoinPool.commonPool-worker-2/DEBUG] [NotEnoughItems]: Loaded tconstruct.plugins.nei.NEITConstructConfig
[21:08:35] [ForkJoinPool.commonPool-worker-15/INFO] [extrautils]: Added NEI integration
[21:08:35] [ForkJoinPool.commonPool-worker-15/DEBUG] [NotEnoughItems]: Loaded com.rwtema.extrautils.nei.NEIInfoHandlerConfig
[21:08:35] [ForkJoinPool.commonPool-worker-2/WARN] [FML]: NEI: Forced tag update with reason (showDurabilityBar) for 1xitem.manaTablet@0(vazkii.botania.common.item.ItemManaTablet@6b8210b2)
[21:08:35] [ForkJoinPool.commonPool-worker-2/WARN] [FML]: NEI: Forced tag update with reason (getDamage) for 1xitem.manaMirror@0(vazkii.botania.common.item.ItemManaMirror@5a390db6)
[21:08:35] [ForkJoinPool.commonPool-worker-2/WARN] [FML]: NEI: Forced tag update with reason (getDamage) for 1xitem.manaRing@10000(vazkii.botania.common.item.equipment.bauble.ItemManaRing@7e2c471)
[21:08:35] [ForkJoinPool.commonPool-worker-2/WARN] [FML]: NEI: Forced tag update with reason (getDamage) for 1xitem.manaRingGreater@10000(vazkii.botania.common.item.equipment.bauble.ItemGreaterManaRing@46ce2a15)
[21:08:35] [ForkJoinPool.commonPool-worker-2/WARN] [FML]: NEI: Forced tag update with reason (getDamage) for 1xitem.manaInkwell@150(vazkii.botania.common.item.interaction.thaumcraft.ItemManaInkwell@5e32088d)
[21:08:35] [ForkJoinPool.commonPool-worker-2/WARN] [FML]: NEI: Forced tag update with reason (getDamage) for 1xitem.manaInkwell@0(vazkii.botania.common.item.interaction.thaumcraft.ItemManaInkwell@5e32088d)
[21:08:35] [ForkJoinPool.commonPool-worker-2/WARN] [FML]: NEI: Forced tag update with reason (getDamage) for 1xitem.mithrillManaRing@10000(ab.common.item.equipment.ItemMithrillRing@7d3c05e5)
[21:08:35] [ForkJoinPool.commonPool-worker-2/WARN] [FML]: NEI: Forced tag update with reason (getDamage) for 1xitem.nebulaManaRing@10000(ab.common.item.equipment.ItemNebulaRing@1d98df0)
[21:08:35] [ForkJoinPool.commonPool-worker-2/WARN] [FML]: NEI: Forced tag update with reason (getDigSpeed) for 1xitem.mithrillMultiTool@0(ab.common.item.equipment.ItemMithrillMultiTool@576d24aa)
[21:08:35] [ForkJoinPool.commonPool-worker-2/WARN] [FML]: NEI: Forced tag update with reason (showDurabilityBar) for 1xitem.hornPlenty@0(ab.common.item.relic.ItemHornPlenty@1e6e47df)
[21:08:35] [ForkJoinPool.commonPool-worker-2/WARN] [FML]: NEI: Forced tag update with reason (getDamage) for 1xitem.nebulaHelm@0(ab.common.item.equipment.armor.ItemNebulaHelm@3fd259c8)
[21:08:35] [ForkJoinPool.commonPool-worker-2/WARN] [FML]: NEI: Forced tag update with reason (getDamage) for 1xitem.nebulaChest@0(ab.common.item.equipment.armor.ItemNebulaChest@53eeb152)
[21:08:35] [ForkJoinPool.commonPool-worker-2/WARN] [FML]: NEI: Forced tag update with reason (getDamage) for 1xitem.nebulaLegs@0(ab.common.item.equipment.armor.ItemNebulaLegs@31003aa4)
[21:08:35] [ForkJoinPool.commonPool-worker-2/WARN] [FML]: NEI: Forced tag update with reason (getDamage) for 1xitem.nebulaBoots@0(ab.common.item.equipment.armor.ItemNebulaBoots@77280243)
[21:08:35] [ForkJoinPool.commonPool-worker-2/WARN] [FML]: NEI: Forced tag update with reason (getDamage) for 1xitem.nebulaHelmRevealing@0(ab.common.item.equipment.armor.ItemNebulaHelmRevealing@30e70706)
[21:08:35] [ForkJoinPool.commonPool-worker-2/WARN] [FML]: NEI: Forced tag update with reason (showDurabilityBar) for 1xitem.wirelessCraftingTerminal@0(ItemWirelessCraftingTerminal)
[21:08:35] [ForkJoinPool.commonPool-worker-2/WARN] [FML]: NEI: Forced tag update with reason (getDigSpeed) for 1xitem.boundPickaxe@0(WayofTime.alchemicalWizardry.common.items.BoundPickaxe@4b929ad6)
[21:08:35] [ForkJoinPool.commonPool-worker-2/WARN] [FML]: NEI: Forced tag update with reason (getDigSpeed) for 1xitem.boundAxe@0(WayofTime.alchemicalWizardry.common.items.BoundAxe@6303d784)
[21:08:35] [ForkJoinPool.commonPool-worker-2/WARN] [FML]: NEI: Forced tag update with reason (getDigSpeed) for 1xitem.boundShovel@0(WayofTime.alchemicalWizardry.common.items.BoundShovel@34af0502)
[21:08:35] [ForkJoinPool.commonPool-worker-2/WARN] [FML]: NEI: Forced tag update with reason (getToolClasses) for 1xitem.multiTool@0(WayofTime.alchemicalWizardry.api.items.ItemSpellMultiTool@1c55eede)
[21:08:35] [ForkJoinPool.commonPool-worker-2/WARN] [FML]: NEI: Forced tag update with reason (getAttributeModifiers) for 1xitem.boundHelmetWater@0(WayofTime.alchemicalWizardry.common.items.armour.OmegaArmourWater@45c0668c)
[21:08:35] [ForkJoinPool.commonPool-worker-2/WARN] [FML]: NEI: Forced tag update with reason (getAttributeModifiers) for 1xitem.boundPlateWater@0(WayofTime.alchemicalWizardry.common.items.armour.OmegaArmourWater@1da6ad19)
[21:08:35] [ForkJoinPool.commonPool-worker-2/WARN] [FML]: NEI: Forced tag update with reason (getAttributeModifiers) for 1xitem.boundLeggingsWater@0(WayofTime.alchemicalWizardry.common.items.armour.OmegaArmourWater@2e7f3ed0)
[21:08:35] [ForkJoinPool.commonPool-worker-2/WARN] [FML]: NEI: Forced tag update with reason (getAttributeModifiers) for 1xitem.boundBootsWater@0(WayofTime.alchemicalWizardry.common.items.armour.OmegaArmourWater@c0c814c)
[21:08:35] [ForkJoinPool.commonPool-worker-2/WARN] [FML]: NEI: Forced tag update with reason (getAttributeModifiers) for 1xitem.boundHelmetEarth@0(WayofTime.alchemicalWizardry.common.items.armour.OmegaArmourEarth@42dc675d)
[21:08:35] [ForkJoinPool.commonPool-worker-2/WARN] [FML]: NEI: Forced tag update with reason (getAttributeModifiers) for 1xitem.boundPlateEarth@0(WayofTime.alchemicalWizardry.common.items.armour.OmegaArmourEarth@5f7b7ff8)
[21:08:35] [ForkJoinPool.commonPool-worker-2/WARN] [FML]: NEI: Forced tag update with reason (getAttributeModifiers) for 1xitem.boundLeggingsEarth@0(WayofTime.alchemicalWizardry.common.items.armour.OmegaArmourEarth@503671b4)
[21:08:35] [ForkJoinPool.commonPool-worker-2/WARN] [FML]: NEI: Forced tag update with reason (getAttributeModifiers) for 1xitem.boundBootsEarth@0(WayofTime.alchemicalWizardry.common.items.armour.OmegaArmourEarth@e154ad)
[21:08:35] [ForkJoinPool.commonPool-worker-2/WARN] [FML]: NEI: Forced tag update with reason (getAttributeModifiers) for 1xitem.boundHelmetWind@0(WayofTime.alchemicalWizardry.common.items.armour.OmegaArmourWind@7c63a7cc)
[21:08:35] [ForkJoinPool.commonPool-worker-2/WARN] [FML]: NEI: Forced tag update with reason (getAttributeModifiers) for 1xitem.boundPlateWind@0(WayofTime.alchemicalWizardry.common.items.armour.OmegaArmourWind@307b98ab)
[21:08:35] [ForkJoinPool.commonPool-worker-2/WARN] [FML]: NEI: Forced tag update with reason (getAttributeModifiers) for 1xitem.boundLeggingsWind@0(WayofTime.alchemicalWizardry.common.items.armour.OmegaArmourWind@74b0c6e)
[21:08:35] [ForkJoinPool.commonPool-worker-2/WARN] [FML]: NEI: Forced tag update with reason (getAttributeModifiers) for 1xitem.boundBootsWind@0(WayofTime.alchemicalWizardry.common.items.armour.OmegaArmourWind@38281295)
[21:08:35] [ForkJoinPool.commonPool-worker-2/WARN] [FML]: NEI: Forced tag update with reason (getAttributeModifiers) for 1xitem.boundHelmetFire@0(WayofTime.alchemicalWizardry.common.items.armour.OmegaArmourFire@ae76ef9)
[21:08:35] [ForkJoinPool.commonPool-worker-2/WARN] [FML]: NEI: Forced tag update with reason (getAttributeModifiers) for 1xitem.boundPlateFire@0(WayofTime.alchemicalWizardry.common.items.armour.OmegaArmourFire@3535390f)
[21:08:35] [ForkJoinPool.commonPool-worker-2/WARN] [FML]: NEI: Forced tag update with reason (getAttributeModifiers) for 1xitem.boundLeggingsFire@0(WayofTime.alchemicalWizardry.common.items.armour.OmegaArmourFire@5e4a2d2c)
[21:08:35] [ForkJoinPool.commonPool-worker-2/WARN] [FML]: NEI: Forced tag update with reason (getAttributeModifiers) for 1xitem.boundBootsFire@0(WayofTime.alchemicalWizardry.common.items.armour.OmegaArmourFire@2088cb63)
[21:08:36] [ForkJoinPool.commonPool-worker-2/WARN] [FML]: NEI: Forced tag update with reason (isDamaged) for 1xitem.witchery:poppet@0(com.emoniph.witchery.item.ItemPoppet@e7da6db)
[21:08:36] [ForkJoinPool.commonPool-worker-2/WARN] [FML]: NEI: Forced tag update with reason (isDamaged) for 1xitem.witchery:poppet@1(com.emoniph.witchery.item.ItemPoppet@e7da6db)
[21:08:36] [ForkJoinPool.commonPool-worker-2/WARN] [FML]: NEI: Forced tag update with reason (isDamaged) for 1xitem.witchery:poppet@2(com.emoniph.witchery.item.ItemPoppet@e7da6db)
[21:08:36] [ForkJoinPool.commonPool-worker-2/WARN] [FML]: NEI: Forced tag update with reason (isDamaged) for 1xitem.witchery:poppet@3(com.emoniph.witchery.item.ItemPoppet@e7da6db)
[21:08:36] [ForkJoinPool.commonPool-worker-2/WARN] [FML]: NEI: Forced tag update with reason (isDamaged) for 1xitem.witchery:poppet@4(com.emoniph.witchery.item.ItemPoppet@e7da6db)
[21:08:36] [ForkJoinPool.commonPool-worker-2/WARN] [FML]: NEI: Forced tag update with reason (isDamaged) for 1xitem.witchery:poppet@5(com.emoniph.witchery.item.ItemPoppet@e7da6db)
[21:08:36] [ForkJoinPool.commonPool-worker-2/WARN] [FML]: NEI: Forced tag update with reason (isDamaged) for 1xitem.witchery:poppet@6(com.emoniph.witchery.item.ItemPoppet@e7da6db)
[21:08:36] [ForkJoinPool.commonPool-worker-2/WARN] [FML]: NEI: Forced tag update with reason (isDamaged) for 1xitem.witchery:poppet@7(com.emoniph.witchery.item.ItemPoppet@e7da6db)
[21:08:36] [ForkJoinPool.commonPool-worker-2/WARN] [FML]: NEI: Forced tag update with reason (isDamaged) for 1xitem.witchery:poppet@8(com.emoniph.witchery.item.ItemPoppet@e7da6db)
[21:08:36] [ForkJoinPool.commonPool-worker-2/WARN] [FML]: NEI: Forced tag update with reason (isDamaged) for 1xitem.witchery:poppet@9(com.emoniph.witchery.item.ItemPoppet@e7da6db)
[21:08:36] [ForkJoinPool.commonPool-worker-2/WARN] [FML]: NEI: Forced tag update with reason (isDamaged) for 1xitem.witchery:poppet@10(com.emoniph.witchery.item.ItemPoppet@e7da6db)
[21:08:36] [ForkJoinPool.commonPool-worker-2/WARN] [FML]: NEI: Forced tag update with reason (isDamaged) for 1xitem.witchery:poppet@11(com.emoniph.witchery.item.ItemPoppet@e7da6db)
[21:08:36] [ForkJoinPool.commonPool-worker-2/WARN] [FML]: NEI: Forced tag update with reason (getDigSpeed) for 1xitem.draconicevolution:draconicDistructionStaff@0(com.brandon3055.draconicevolution.common.items.tools.DraconicDistructionStaff@22f0b307)
[21:08:36] [ForkJoinPool.commonPool-worker-2/WARN] [FML]: NEI: Forced tag update with reason (getDigSpeed) for 1xitem.draconicevolution:draconicPickaxe@0(com.brandon3055.draconicevolution.common.items.tools.DraconicPickaxe@35bc336a)
[21:08:36] [ForkJoinPool.commonPool-worker-2/WARN] [FML]: NEI: Forced tag update with reason (getDigSpeed) for 1xitem.draconicevolution:draconicAxe@0(com.brandon3055.draconicevolution.common.items.tools.DraconicAxe@440548b8)
[21:08:36] [ForkJoinPool.commonPool-worker-2/WARN] [FML]: NEI: Forced tag update with reason (getDigSpeed) for 1xitem.draconicevolution:draconicShovel@0(com.brandon3055.draconicevolution.common.items.tools.DraconicShovel@5d756923)
[21:08:36] [ForkJoinPool.commonPool-worker-2/WARN] [FML]: NEI: Forced tag update with reason (getDigSpeed) for 1xitem.draconicevolution:wyvernPickaxe@0(com.brandon3055.draconicevolution.common.items.tools.WyvernPickaxe@74011c3e)
[21:08:36] [ForkJoinPool.commonPool-worker-2/WARN] [FML]: NEI: Forced tag update with reason (getDigSpeed) for 1xitem.draconicevolution:wyvernShovel@0(com.brandon3055.draconicevolution.common.items.tools.WyvernShovel@14187d09)
[21:08:37] [ForkJoinPool.commonPool-worker-2/WARN] [FML]: NEI: Forced tag update with reason (getFluid) for 1xitem.items.boundBloodDrop@0(evilcraft.modcompat.bloodmagic.BoundBloodDrop@5d0d4d5)
[21:08:37] [ForkJoinPool.commonPool-worker-2/ERROR] [NotEnoughItems]: Removing item: moze_intel.projecte.gameObjs.items.PhilosophersStone@6c9e64a7 from list.
java.lang.NullPointerException
	at moze_intel.projecte.gameObjs.items.ItemCharge.getCharge(ItemCharge.java:57) ~[?:?]
	at moze_intel.projecte.gameObjs.items.ItemCharge.getDurabilityForDisplay(ItemCharge.java:30) ~[?:?]
	at codechicken.nei.ItemList$1.lambda$forceTagCompoundInitialization$6(ItemList.java:336) ~[?:?]
	at codechicken.nei.ItemList$1.runChecked(ItemList.java:310) ~[?:?]
	at codechicken.nei.ItemList$1.forceTagCompoundInitialization(ItemList.java:336) ~[?:?]
	at codechicken.nei.ItemList$1.lambda$execute$12(ItemList.java:401) ~[?:?]
	at java.util.stream.ForEachOps$ForEachOp$OfRef.accept(Unknown Source) [?:1.8.0_401]
	at java.util.Spliterators$ArraySpliterator.forEachRemaining(Unknown Source) [?:1.8.0_401]
	at java.util.stream.AbstractPipeline.copyInto(Unknown Source) [?:1.8.0_401]
	at java.util.stream.ForEachOps$ForEachTask.compute(Unknown Source) [?:1.8.0_401]
	at java.util.concurrent.CountedCompleter.exec(Unknown Source) [?:1.8.0_401]
	at java.util.concurrent.ForkJoinTask.doExec(Unknown Source) [?:1.8.0_401]
	at java.util.concurrent.ForkJoinPool$WorkQueue.execLocalTasks(Unknown Source) [?:1.8.0_401]
	at java.util.concurrent.ForkJoinPool$WorkQueue.runTask(Unknown Source) [?:1.8.0_401]
	at java.util.concurrent.ForkJoinPool.runWorker(Unknown Source) [?:1.8.0_401]
	at java.util.concurrent.ForkJoinWorkerThread.run(Unknown Source) [?:1.8.0_401]
[21:08:37] [ForkJoinPool.commonPool-worker-2/WARN] [FML]: NEI: Forced tag update with reason (getDurabilityForDisplay) for 1xitem.pe_klein_star@0(moze_intel.projecte.gameObjs.items.KleinStar@5a3d2632)
[21:08:37] [ForkJoinPool.commonPool-worker-2/WARN] [FML]: NEI: Forced tag update with reason (getDurabilityForDisplay) for 1xitem.pe_klein_star@1(moze_intel.projecte.gameObjs.items.KleinStar@5a3d2632)
[21:08:37] [ForkJoinPool.commonPool-worker-2/WARN] [FML]: NEI: Forced tag update with reason (getDurabilityForDisplay) for 1xitem.pe_klein_star@2(moze_intel.projecte.gameObjs.items.KleinStar@5a3d2632)
[21:08:37] [ForkJoinPool.commonPool-worker-2/WARN] [FML]: NEI: Forced tag update with reason (getDurabilityForDisplay) for 1xitem.pe_klein_star@3(moze_intel.projecte.gameObjs.items.KleinStar@5a3d2632)
[21:08:37] [ForkJoinPool.commonPool-worker-2/WARN] [FML]: NEI: Forced tag update with reason (getDurabilityForDisplay) for 1xitem.pe_klein_star@4(moze_intel.projecte.gameObjs.items.KleinStar@5a3d2632)
[21:08:37] [ForkJoinPool.commonPool-worker-2/WARN] [FML]: NEI: Forced tag update with reason (getDurabilityForDisplay) for 1xitem.pe_klein_star@5(moze_intel.projecte.gameObjs.items.KleinStar@5a3d2632)
[21:08:37] [ForkJoinPool.commonPool-worker-2/ERROR] [NotEnoughItems]: Removing item: moze_intel.projecte.gameObjs.items.tools.DarkPick@39a222d2 from list.
java.lang.NullPointerException
	at moze_intel.projecte.gameObjs.items.ItemCharge.getCharge(ItemCharge.java:57) ~[?:?]
	at moze_intel.projecte.gameObjs.items.ItemCharge.getDurabilityForDisplay(ItemCharge.java:30) ~[?:?]
	at codechicken.nei.ItemList$1.lambda$forceTagCompoundInitialization$6(ItemList.java:336) ~[?:?]
	at codechicken.nei.ItemList$1.runChecked(ItemList.java:310) ~[?:?]
	at codechicken.nei.ItemList$1.forceTagCompoundInitialization(ItemList.java:336) ~[?:?]
	at codechicken.nei.ItemList$1.lambda$execute$12(ItemList.java:401) ~[?:?]
	at java.util.stream.ForEachOps$ForEachOp$OfRef.accept(Unknown Source) [?:1.8.0_401]
	at java.util.Spliterators$ArraySpliterator.forEachRemaining(Unknown Source) [?:1.8.0_401]
	at java.util.stream.AbstractPipeline.copyInto(Unknown Source) [?:1.8.0_401]
	at java.util.stream.ForEachOps$ForEachTask.compute(Unknown Source) [?:1.8.0_401]
	at java.util.concurrent.CountedCompleter.exec(Unknown Source) [?:1.8.0_401]
	at java.util.concurrent.ForkJoinTask.doExec(Unknown Source) [?:1.8.0_401]
	at java.util.concurrent.ForkJoinPool$WorkQueue.execLocalTasks(Unknown Source) [?:1.8.0_401]
	at java.util.concurrent.ForkJoinPool$WorkQueue.runTask(Unknown Source) [?:1.8.0_401]
	at java.util.concurrent.ForkJoinPool.runWorker(Unknown Source) [?:1.8.0_401]
	at java.util.concurrent.ForkJoinWorkerThread.run(Unknown Source) [?:1.8.0_401]
[21:08:37] [ForkJoinPool.commonPool-worker-2/ERROR] [NotEnoughItems]: Removing item: moze_intel.projecte.gameObjs.items.tools.DarkAxe@32e452d2 from list.
java.lang.NullPointerException
	at moze_intel.projecte.gameObjs.items.ItemCharge.getCharge(ItemCharge.java:57) ~[?:?]
	at moze_intel.projecte.gameObjs.items.ItemCharge.getDurabilityForDisplay(ItemCharge.java:30) ~[?:?]
	at codechicken.nei.ItemList$1.lambda$forceTagCompoundInitialization$6(ItemList.java:336) ~[?:?]
	at codechicken.nei.ItemList$1.runChecked(ItemList.java:310) ~[?:?]
	at codechicken.nei.ItemList$1.forceTagCompoundInitialization(ItemList.java:336) ~[?:?]
	at codechicken.nei.ItemList$1.lambda$execute$12(ItemList.java:401) ~[?:?]
	at java.util.stream.ForEachOps$ForEachOp$OfRef.accept(Unknown Source) [?:1.8.0_401]
	at java.util.Spliterators$ArraySpliterator.forEachRemaining(Unknown Source) [?:1.8.0_401]
	at java.util.stream.AbstractPipeline.copyInto(Unknown Source) [?:1.8.0_401]
	at java.util.stream.ForEachOps$ForEachTask.compute(Unknown Source) [?:1.8.0_401]
	at java.util.concurrent.CountedCompleter.exec(Unknown Source) [?:1.8.0_401]
	at java.util.concurrent.ForkJoinTask.doExec(Unknown Source) [?:1.8.0_401]
	at java.util.concurrent.ForkJoinPool$WorkQueue.execLocalTasks(Unknown Source) [?:1.8.0_401]
	at java.util.concurrent.ForkJoinPool$WorkQueue.runTask(Unknown Source) [?:1.8.0_401]
	at java.util.concurrent.ForkJoinPool.runWorker(Unknown Source) [?:1.8.0_401]
	at java.util.concurrent.ForkJoinWorkerThread.run(Unknown Source) [?:1.8.0_401]
[21:08:37] [ForkJoinPool.commonPool-worker-2/ERROR] [NotEnoughItems]: Removing item: moze_intel.projecte.gameObjs.items.tools.DarkShovel@6ec05ce9 from list.
java.lang.NullPointerException
	at moze_intel.projecte.gameObjs.items.ItemCharge.getCharge(ItemCharge.java:57) ~[?:?]
	at moze_intel.projecte.gameObjs.items.ItemCharge.getDurabilityForDisplay(ItemCharge.java:30) ~[?:?]
	at codechicken.nei.ItemList$1.lambda$forceTagCompoundInitialization$6(ItemList.java:336) ~[?:?]
	at codechicken.nei.ItemList$1.runChecked(ItemList.java:310) ~[?:?]
	at codechicken.nei.ItemList$1.forceTagCompoundInitialization(ItemList.java:336) ~[?:?]
	at codechicken.nei.ItemList$1.lambda$execute$12(ItemList.java:401) ~[?:?]
	at java.util.stream.ForEachOps$ForEachOp$OfRef.accept(Unknown Source) [?:1.8.0_401]
	at java.util.Spliterators$ArraySpliterator.forEachRemaining(Unknown Source) [?:1.8.0_401]
	at java.util.stream.AbstractPipeline.copyInto(Unknown Source) [?:1.8.0_401]
	at java.util.stream.ForEachOps$ForEachTask.compute(Unknown Source) [?:1.8.0_401]
	at java.util.concurrent.CountedCompleter.exec(Unknown Source) [?:1.8.0_401]
	at java.util.concurrent.ForkJoinTask.doExec(Unknown Source) [?:1.8.0_401]
	at java.util.concurrent.ForkJoinPool$WorkQueue.execLocalTasks(Unknown Source) [?:1.8.0_401]
	at java.util.concurrent.ForkJoinPool$WorkQueue.runTask(Unknown Source) [?:1.8.0_401]
	at java.util.concurrent.ForkJoinPool.runWorker(Unknown Source) [?:1.8.0_401]
	at java.util.concurrent.ForkJoinWorkerThread.run(Unknown Source) [?:1.8.0_401]
[21:08:37] [ForkJoinPool.commonPool-worker-2/ERROR] [NotEnoughItems]: Removing item: moze_intel.projecte.gameObjs.items.tools.DarkSword@8f33505 from list.
java.lang.NullPointerException
	at moze_intel.projecte.gameObjs.items.ItemCharge.getCharge(ItemCharge.java:57) ~[?:?]
	at moze_intel.projecte.gameObjs.items.ItemCharge.getDurabilityForDisplay(ItemCharge.java:30) ~[?:?]
	at codechicken.nei.ItemList$1.lambda$forceTagCompoundInitialization$6(ItemList.java:336) ~[?:?]
	at codechicken.nei.ItemList$1.runChecked(ItemList.java:310) ~[?:?]
	at codechicken.nei.ItemList$1.forceTagCompoundInitialization(ItemList.java:336) ~[?:?]
	at codechicken.nei.ItemList$1.lambda$execute$12(ItemList.java:401) ~[?:?]
	at java.util.stream.ForEachOps$ForEachOp$OfRef.accept(Unknown Source) [?:1.8.0_401]
	at java.util.Spliterators$ArraySpliterator.forEachRemaining(Unknown Source) [?:1.8.0_401]
	at java.util.stream.AbstractPipeline.copyInto(Unknown Source) [?:1.8.0_401]
	at java.util.stream.ForEachOps$ForEachTask.compute(Unknown Source) [?:1.8.0_401]
	at java.util.concurrent.CountedCompleter.exec(Unknown Source) [?:1.8.0_401]
	at java.util.concurrent.ForkJoinTask.doExec(Unknown Source) [?:1.8.0_401]
	at java.util.concurrent.ForkJoinPool$WorkQueue.execLocalTasks(Unknown Source) [?:1.8.0_401]
	at java.util.concurrent.ForkJoinPool$WorkQueue.runTask(Unknown Source) [?:1.8.0_401]
	at java.util.concurrent.ForkJoinPool.runWorker(Unknown Source) [?:1.8.0_401]
	at java.util.concurrent.ForkJoinWorkerThread.run(Unknown Source) [?:1.8.0_401]
[21:08:37] [ForkJoinPool.commonPool-worker-2/ERROR] [NotEnoughItems]: Removing item: moze_intel.projecte.gameObjs.items.tools.DarkHoe@206f227b from list.
java.lang.NullPointerException
	at moze_intel.projecte.gameObjs.items.ItemCharge.getCharge(ItemCharge.java:57) ~[?:?]
	at moze_intel.projecte.gameObjs.items.ItemCharge.getDurabilityForDisplay(ItemCharge.java:30) ~[?:?]
	at codechicken.nei.ItemList$1.lambda$forceTagCompoundInitialization$6(ItemList.java:336) ~[?:?]
	at codechicken.nei.ItemList$1.runChecked(ItemList.java:310) ~[?:?]
	at codechicken.nei.ItemList$1.forceTagCompoundInitialization(ItemList.java:336) ~[?:?]
	at codechicken.nei.ItemList$1.lambda$execute$12(ItemList.java:401) ~[?:?]
	at java.util.stream.ForEachOps$ForEachOp$OfRef.accept(Unknown Source) [?:1.8.0_401]
	at java.util.Spliterators$ArraySpliterator.forEachRemaining(Unknown Source) [?:1.8.0_401]
	at java.util.stream.AbstractPipeline.copyInto(Unknown Source) [?:1.8.0_401]
	at java.util.stream.ForEachOps$ForEachTask.compute(Unknown Source) [?:1.8.0_401]
	at java.util.concurrent.CountedCompleter.exec(Unknown Source) [?:1.8.0_401]
	at java.util.concurrent.ForkJoinTask.doExec(Unknown Source) [?:1.8.0_401]
	at java.util.concurrent.ForkJoinPool$WorkQueue.execLocalTasks(Unknown Source) [?:1.8.0_401]
	at java.util.concurrent.ForkJoinPool$WorkQueue.runTask(Unknown Source) [?:1.8.0_401]
	at java.util.concurrent.ForkJoinPool.runWorker(Unknown Source) [?:1.8.0_401]
	at java.util.concurrent.ForkJoinWorkerThread.run(Unknown Source) [?:1.8.0_401]
[21:08:37] [ForkJoinPool.commonPool-worker-2/ERROR] [NotEnoughItems]: Removing item: moze_intel.projecte.gameObjs.items.tools.DarkShears@308d8666 from list.
java.lang.NullPointerException
	at moze_intel.projecte.gameObjs.items.ItemCharge.getCharge(ItemCharge.java:57) ~[?:?]
	at moze_intel.projecte.gameObjs.items.ItemCharge.getDurabilityForDisplay(ItemCharge.java:30) ~[?:?]
	at codechicken.nei.ItemList$1.lambda$forceTagCompoundInitialization$6(ItemList.java:336) ~[?:?]
	at codechicken.nei.ItemList$1.runChecked(ItemList.java:310) ~[?:?]
	at codechicken.nei.ItemList$1.forceTagCompoundInitialization(ItemList.java:336) ~[?:?]
	at codechicken.nei.ItemList$1.lambda$execute$12(ItemList.java:401) ~[?:?]
	at java.util.stream.ForEachOps$ForEachOp$OfRef.accept(Unknown Source) [?:1.8.0_401]
	at java.util.Spliterators$ArraySpliterator.forEachRemaining(Unknown Source) [?:1.8.0_401]
	at java.util.stream.AbstractPipeline.copyInto(Unknown Source) [?:1.8.0_401]
	at java.util.stream.ForEachOps$ForEachTask.compute(Unknown Source) [?:1.8.0_401]
	at java.util.concurrent.CountedCompleter.exec(Unknown Source) [?:1.8.0_401]
	at java.util.concurrent.ForkJoinTask.doExec(Unknown Source) [?:1.8.0_401]
	at java.util.concurrent.ForkJoinPool$WorkQueue.execLocalTasks(Unknown Source) [?:1.8.0_401]
	at java.util.concurrent.ForkJoinPool$WorkQueue.runTask(Unknown Source) [?:1.8.0_401]
	at java.util.concurrent.ForkJoinPool.runWorker(Unknown Source) [?:1.8.0_401]
	at java.util.concurrent.ForkJoinWorkerThread.run(Unknown Source) [?:1.8.0_401]
[21:08:37] [ForkJoinPool.commonPool-worker-2/ERROR] [NotEnoughItems]: Removing item: moze_intel.projecte.gameObjs.items.tools.DarkHammer@5c46b38a from list.
java.lang.NullPointerException
	at moze_intel.projecte.gameObjs.items.ItemCharge.getCharge(ItemCharge.java:57) ~[?:?]
	at moze_intel.projecte.gameObjs.items.ItemCharge.getDurabilityForDisplay(ItemCharge.java:30) ~[?:?]
	at codechicken.nei.ItemList$1.lambda$forceTagCompoundInitialization$6(ItemList.java:336) ~[?:?]
	at codechicken.nei.ItemList$1.runChecked(ItemList.java:310) ~[?:?]
	at codechicken.nei.ItemList$1.forceTagCompoundInitialization(ItemList.java:336) ~[?:?]
	at codechicken.nei.ItemList$1.lambda$execute$12(ItemList.java:401) ~[?:?]
	at java.util.stream.ForEachOps$ForEachOp$OfRef.accept(Unknown Source) [?:1.8.0_401]
	at java.util.Spliterators$ArraySpliterator.forEachRemaining(Unknown Source) [?:1.8.0_401]
	at java.util.stream.AbstractPipeline.copyInto(Unknown Source) [?:1.8.0_401]
	at java.util.stream.ForEachOps$ForEachTask.compute(Unknown Source) [?:1.8.0_401]
	at java.util.concurrent.CountedCompleter.exec(Unknown Source) [?:1.8.0_401]
	at java.util.concurrent.ForkJoinTask.doExec(Unknown Source) [?:1.8.0_401]
	at java.util.concurrent.ForkJoinPool$WorkQueue.execLocalTasks(Unknown Source) [?:1.8.0_401]
	at java.util.concurrent.ForkJoinPool$WorkQueue.runTask(Unknown Source) [?:1.8.0_401]
	at java.util.concurrent.ForkJoinPool.runWorker(Unknown Source) [?:1.8.0_401]
	at java.util.concurrent.ForkJoinWorkerThread.run(Unknown Source) [?:1.8.0_401]
[21:08:37] [ForkJoinPool.commonPool-worker-2/ERROR] [NotEnoughItems]: Removing item: moze_intel.projecte.gameObjs.items.tools.RedPick@4d0cee1a from list.
java.lang.NullPointerException
	at moze_intel.projecte.gameObjs.items.ItemCharge.getCharge(ItemCharge.java:57) ~[?:?]
	at moze_intel.projecte.gameObjs.items.ItemCharge.getDurabilityForDisplay(ItemCharge.java:30) ~[?:?]
	at codechicken.nei.ItemList$1.lambda$forceTagCompoundInitialization$6(ItemList.java:336) ~[?:?]
	at codechicken.nei.ItemList$1.runChecked(ItemList.java:310) ~[?:?]
	at codechicken.nei.ItemList$1.forceTagCompoundInitialization(ItemList.java:336) ~[?:?]
	at codechicken.nei.ItemList$1.lambda$execute$12(ItemList.java:401) ~[?:?]
	at java.util.stream.ForEachOps$ForEachOp$OfRef.accept(Unknown Source) [?:1.8.0_401]
	at java.util.Spliterators$ArraySpliterator.forEachRemaining(Unknown Source) [?:1.8.0_401]
	at java.util.stream.AbstractPipeline.copyInto(Unknown Source) [?:1.8.0_401]
	at java.util.stream.ForEachOps$ForEachTask.compute(Unknown Source) [?:1.8.0_401]
	at java.util.concurrent.CountedCompleter.exec(Unknown Source) [?:1.8.0_401]
	at java.util.concurrent.ForkJoinTask.doExec(Unknown Source) [?:1.8.0_401]
	at java.util.concurrent.ForkJoinPool$WorkQueue.execLocalTasks(Unknown Source) [?:1.8.0_401]
	at java.util.concurrent.ForkJoinPool$WorkQueue.runTask(Unknown Source) [?:1.8.0_401]
	at java.util.concurrent.ForkJoinPool.runWorker(Unknown Source) [?:1.8.0_401]
	at java.util.concurrent.ForkJoinWorkerThread.run(Unknown Source) [?:1.8.0_401]
[21:08:37] [ForkJoinPool.commonPool-worker-2/ERROR] [NotEnoughItems]: Removing item: moze_intel.projecte.gameObjs.items.tools.RedAxe@14a9713a from list.
java.lang.NullPointerException
	at moze_intel.projecte.gameObjs.items.ItemCharge.getCharge(ItemCharge.java:57) ~[?:?]
	at moze_intel.projecte.gameObjs.items.ItemCharge.getDurabilityForDisplay(ItemCharge.java:30) ~[?:?]
	at codechicken.nei.ItemList$1.lambda$forceTagCompoundInitialization$6(ItemList.java:336) ~[?:?]
	at codechicken.nei.ItemList$1.runChecked(ItemList.java:310) ~[?:?]
	at codechicken.nei.ItemList$1.forceTagCompoundInitialization(ItemList.java:336) ~[?:?]
	at codechicken.nei.ItemList$1.lambda$execute$12(ItemList.java:401) ~[?:?]
	at java.util.stream.ForEachOps$ForEachOp$OfRef.accept(Unknown Source) [?:1.8.0_401]
	at java.util.Spliterators$ArraySpliterator.forEachRemaining(Unknown Source) [?:1.8.0_401]
	at java.util.stream.AbstractPipeline.copyInto(Unknown Source) [?:1.8.0_401]
	at java.util.stream.ForEachOps$ForEachTask.compute(Unknown Source) [?:1.8.0_401]
	at java.util.concurrent.CountedCompleter.exec(Unknown Source) [?:1.8.0_401]
	at java.util.concurrent.ForkJoinTask.doExec(Unknown Source) [?:1.8.0_401]
	at java.util.concurrent.ForkJoinPool$WorkQueue.execLocalTasks(Unknown Source) [?:1.8.0_401]
	at java.util.concurrent.ForkJoinPool$WorkQueue.runTask(Unknown Source) [?:1.8.0_401]
	at java.util.concurrent.ForkJoinPool.runWorker(Unknown Source) [?:1.8.0_401]
	at java.util.concurrent.ForkJoinWorkerThread.run(Unknown Source) [?:1.8.0_401]
[21:08:37] [ForkJoinPool.commonPool-worker-2/ERROR] [NotEnoughItems]: Removing item: moze_intel.projecte.gameObjs.items.tools.RedShovel@484b7b7f from list.
java.lang.NullPointerException
	at moze_intel.projecte.gameObjs.items.ItemCharge.getCharge(ItemCharge.java:57) ~[?:?]
	at moze_intel.projecte.gameObjs.items.ItemCharge.getDurabilityForDisplay(ItemCharge.java:30) ~[?:?]
	at codechicken.nei.ItemList$1.lambda$forceTagCompoundInitialization$6(ItemList.java:336) ~[?:?]
	at codechicken.nei.ItemList$1.runChecked(ItemList.java:310) ~[?:?]
	at codechicken.nei.ItemList$1.forceTagCompoundInitialization(ItemList.java:336) ~[?:?]
	at codechicken.nei.ItemList$1.lambda$execute$12(ItemList.java:401) ~[?:?]
	at java.util.stream.ForEachOps$ForEachOp$OfRef.accept(Unknown Source) [?:1.8.0_401]
	at java.util.Spliterators$ArraySpliterator.forEachRemaining(Unknown Source) [?:1.8.0_401]
	at java.util.stream.AbstractPipeline.copyInto(Unknown Source) [?:1.8.0_401]
	at java.util.stream.ForEachOps$ForEachTask.compute(Unknown Source) [?:1.8.0_401]
	at java.util.concurrent.CountedCompleter.exec(Unknown Source) [?:1.8.0_401]
	at java.util.concurrent.ForkJoinTask.doExec(Unknown Source) [?:1.8.0_401]
	at java.util.concurrent.ForkJoinPool$WorkQueue.execLocalTasks(Unknown Source) [?:1.8.0_401]
	at java.util.concurrent.ForkJoinPool$WorkQueue.runTask(Unknown Source) [?:1.8.0_401]
	at java.util.concurrent.ForkJoinPool.runWorker(Unknown Source) [?:1.8.0_401]
	at java.util.concurrent.ForkJoinWorkerThread.run(Unknown Source) [?:1.8.0_401]
[21:08:37] [ForkJoinPool.commonPool-worker-2/ERROR] [NotEnoughItems]: Removing item: moze_intel.projecte.gameObjs.items.tools.RedSword@21784b1f from list.
java.lang.NullPointerException
	at moze_intel.projecte.gameObjs.items.ItemCharge.getCharge(ItemCharge.java:57) ~[?:?]
	at moze_intel.projecte.gameObjs.items.ItemCharge.getDurabilityForDisplay(ItemCharge.java:30) ~[?:?]
	at codechicken.nei.ItemList$1.lambda$forceTagCompoundInitialization$6(ItemList.java:336) ~[?:?]
	at codechicken.nei.ItemList$1.runChecked(ItemList.java:310) ~[?:?]
	at codechicken.nei.ItemList$1.forceTagCompoundInitialization(ItemList.java:336) ~[?:?]
	at codechicken.nei.ItemList$1.lambda$execute$12(ItemList.java:401) ~[?:?]
	at java.util.stream.ForEachOps$ForEachOp$OfRef.accept(Unknown Source) [?:1.8.0_401]
	at java.util.Spliterators$ArraySpliterator.forEachRemaining(Unknown Source) [?:1.8.0_401]
	at java.util.stream.AbstractPipeline.copyInto(Unknown Source) [?:1.8.0_401]
	at java.util.stream.ForEachOps$ForEachTask.compute(Unknown Source) [?:1.8.0_401]
	at java.util.concurrent.CountedCompleter.exec(Unknown Source) [?:1.8.0_401]
	at java.util.concurrent.ForkJoinTask.doExec(Unknown Source) [?:1.8.0_401]
	at java.util.concurrent.ForkJoinPool$WorkQueue.execLocalTasks(Unknown Source) [?:1.8.0_401]
	at java.util.concurrent.ForkJoinPool$WorkQueue.runTask(Unknown Source) [?:1.8.0_401]
	at java.util.concurrent.ForkJoinPool.runWorker(Unknown Source) [?:1.8.0_401]
	at java.util.concurrent.ForkJoinWorkerThread.run(Unknown Source) [?:1.8.0_401]
[21:08:37] [ForkJoinPool.commonPool-worker-2/ERROR] [NotEnoughItems]: Removing item: moze_intel.projecte.gameObjs.items.tools.RedHoe@bae1d14 from list.
java.lang.NullPointerException
	at moze_intel.projecte.gameObjs.items.ItemCharge.getCharge(ItemCharge.java:57) ~[?:?]
	at moze_intel.projecte.gameObjs.items.ItemCharge.getDurabilityForDisplay(ItemCharge.java:30) ~[?:?]
	at codechicken.nei.ItemList$1.lambda$forceTagCompoundInitialization$6(ItemList.java:336) ~[?:?]
	at codechicken.nei.ItemList$1.runChecked(ItemList.java:310) ~[?:?]
	at codechicken.nei.ItemList$1.forceTagCompoundInitialization(ItemList.java:336) ~[?:?]
	at codechicken.nei.ItemList$1.lambda$execute$12(ItemList.java:401) ~[?:?]
	at java.util.stream.ForEachOps$ForEachOp$OfRef.accept(Unknown Source) [?:1.8.0_401]
	at java.util.Spliterators$ArraySpliterator.forEachRemaining(Unknown Source) [?:1.8.0_401]
	at java.util.stream.AbstractPipeline.copyInto(Unknown Source) [?:1.8.0_401]
	at java.util.stream.ForEachOps$ForEachTask.compute(Unknown Source) [?:1.8.0_401]
	at java.util.concurrent.CountedCompleter.exec(Unknown Source) [?:1.8.0_401]
	at java.util.concurrent.ForkJoinTask.doExec(Unknown Source) [?:1.8.0_401]
	at java.util.concurrent.ForkJoinPool$WorkQueue.execLocalTasks(Unknown Source) [?:1.8.0_401]
	at java.util.concurrent.ForkJoinPool$WorkQueue.runTask(Unknown Source) [?:1.8.0_401]
	at java.util.concurrent.ForkJoinPool.runWorker(Unknown Source) [?:1.8.0_401]
	at java.util.concurrent.ForkJoinWorkerThread.run(Unknown Source) [?:1.8.0_401]
[21:08:37] [ForkJoinPool.commonPool-worker-2/ERROR] [NotEnoughItems]: Removing item: moze_intel.projecte.gameObjs.items.tools.RedShears@54d19dfa from list.
java.lang.NullPointerException
	at moze_intel.projecte.gameObjs.items.ItemCharge.getCharge(ItemCharge.java:57) ~[?:?]
	at moze_intel.projecte.gameObjs.items.ItemCharge.getDurabilityForDisplay(ItemCharge.java:30) ~[?:?]
	at codechicken.nei.ItemList$1.lambda$forceTagCompoundInitialization$6(ItemList.java:336) ~[?:?]
	at codechicken.nei.ItemList$1.runChecked(ItemList.java:310) ~[?:?]
	at codechicken.nei.ItemList$1.forceTagCompoundInitialization(ItemList.java:336) ~[?:?]
	at codechicken.nei.ItemList$1.lambda$execute$12(ItemList.java:401) ~[?:?]
	at java.util.stream.ForEachOps$ForEachOp$OfRef.accept(Unknown Source) [?:1.8.0_401]
	at java.util.Spliterators$ArraySpliterator.forEachRemaining(Unknown Source) [?:1.8.0_401]
	at java.util.stream.AbstractPipeline.copyInto(Unknown Source) [?:1.8.0_401]
	at java.util.stream.ForEachOps$ForEachTask.compute(Unknown Source) [?:1.8.0_401]
	at java.util.concurrent.CountedCompleter.exec(Unknown Source) [?:1.8.0_401]
	at java.util.concurrent.ForkJoinTask.doExec(Unknown Source) [?:1.8.0_401]
	at java.util.concurrent.ForkJoinPool$WorkQueue.execLocalTasks(Unknown Source) [?:1.8.0_401]
	at java.util.concurrent.ForkJoinPool$WorkQueue.runTask(Unknown Source) [?:1.8.0_401]
	at java.util.concurrent.ForkJoinPool.runWorker(Unknown Source) [?:1.8.0_401]
	at java.util.concurrent.ForkJoinWorkerThread.run(Unknown Source) [?:1.8.0_401]
[21:08:37] [ForkJoinPool.commonPool-worker-2/ERROR] [NotEnoughItems]: Removing item: moze_intel.projecte.gameObjs.items.tools.RedHammer@4752849c from list.
java.lang.NullPointerException
	at moze_intel.projecte.gameObjs.items.ItemCharge.getCharge(ItemCharge.java:57) ~[?:?]
	at moze_intel.projecte.gameObjs.items.ItemCharge.getDurabilityForDisplay(ItemCharge.java:30) ~[?:?]
	at codechicken.nei.ItemList$1.lambda$forceTagCompoundInitialization$6(ItemList.java:336) ~[?:?]
	at codechicken.nei.ItemList$1.runChecked(ItemList.java:310) ~[?:?]
	at codechicken.nei.ItemList$1.forceTagCompoundInitialization(ItemList.java:336) ~[?:?]
	at codechicken.nei.ItemList$1.lambda$execute$12(ItemList.java:401) ~[?:?]
	at java.util.stream.ForEachOps$ForEachOp$OfRef.accept(Unknown Source) [?:1.8.0_401]
	at java.util.Spliterators$ArraySpliterator.forEachRemaining(Unknown Source) [?:1.8.0_401]
	at java.util.stream.AbstractPipeline.copyInto(Unknown Source) [?:1.8.0_401]
	at java.util.stream.ForEachOps$ForEachTask.compute(Unknown Source) [?:1.8.0_401]
	at java.util.concurrent.CountedCompleter.exec(Unknown Source) [?:1.8.0_401]
	at java.util.concurrent.ForkJoinTask.doExec(Unknown Source) [?:1.8.0_401]
	at java.util.concurrent.ForkJoinPool$WorkQueue.execLocalTasks(Unknown Source) [?:1.8.0_401]
	at java.util.concurrent.ForkJoinPool$WorkQueue.runTask(Unknown Source) [?:1.8.0_401]
	at java.util.concurrent.ForkJoinPool.runWorker(Unknown Source) [?:1.8.0_401]
	at java.util.concurrent.ForkJoinWorkerThread.run(Unknown Source) [?:1.8.0_401]
[21:08:37] [ForkJoinPool.commonPool-worker-2/ERROR] [NotEnoughItems]: Removing item: moze_intel.projecte.gameObjs.items.tools.RedKatar@24111fda from list.
java.lang.NullPointerException
	at moze_intel.projecte.gameObjs.items.ItemCharge.getCharge(ItemCharge.java:57) ~[?:?]
	at moze_intel.projecte.gameObjs.items.ItemCharge.getDurabilityForDisplay(ItemCharge.java:30) ~[?:?]
	at codechicken.nei.ItemList$1.lambda$forceTagCompoundInitialization$6(ItemList.java:336) ~[?:?]
	at codechicken.nei.ItemList$1.runChecked(ItemList.java:310) ~[?:?]
	at codechicken.nei.ItemList$1.forceTagCompoundInitialization(ItemList.java:336) ~[?:?]
	at codechicken.nei.ItemList$1.lambda$execute$12(ItemList.java:401) ~[?:?]
	at java.util.stream.ForEachOps$ForEachOp$OfRef.accept(Unknown Source) [?:1.8.0_401]
	at java.util.Spliterators$ArraySpliterator.forEachRemaining(Unknown Source) [?:1.8.0_401]
	at java.util.stream.AbstractPipeline.copyInto(Unknown Source) [?:1.8.0_401]
	at java.util.stream.ForEachOps$ForEachTask.compute(Unknown Source) [?:1.8.0_401]
	at java.util.concurrent.CountedCompleter.exec(Unknown Source) [?:1.8.0_401]
	at java.util.concurrent.ForkJoinTask.doExec(Unknown Source) [?:1.8.0_401]
	at java.util.concurrent.ForkJoinPool$WorkQueue.execLocalTasks(Unknown Source) [?:1.8.0_401]
	at java.util.concurrent.ForkJoinPool$WorkQueue.runTask(Unknown Source) [?:1.8.0_401]
	at java.util.concurrent.ForkJoinPool.runWorker(Unknown Source) [?:1.8.0_401]
	at java.util.concurrent.ForkJoinWorkerThread.run(Unknown Source) [?:1.8.0_401]
[21:08:37] [ForkJoinPool.commonPool-worker-2/ERROR] [NotEnoughItems]: Removing item: moze_intel.projecte.gameObjs.items.tools.RedStar@5f2ce0f1 from list.
java.lang.NullPointerException
	at moze_intel.projecte.gameObjs.items.ItemCharge.getCharge(ItemCharge.java:57) ~[?:?]
	at moze_intel.projecte.gameObjs.items.ItemCharge.getDurabilityForDisplay(ItemCharge.java:30) ~[?:?]
	at codechicken.nei.ItemList$1.lambda$forceTagCompoundInitialization$6(ItemList.java:336) ~[?:?]
	at codechicken.nei.ItemList$1.runChecked(ItemList.java:310) ~[?:?]
	at codechicken.nei.ItemList$1.forceTagCompoundInitialization(ItemList.java:336) ~[?:?]
	at codechicken.nei.ItemList$1.lambda$execute$12(ItemList.java:401) ~[?:?]
	at java.util.stream.ForEachOps$ForEachOp$OfRef.accept(Unknown Source) [?:1.8.0_401]
	at java.util.Spliterators$ArraySpliterator.forEachRemaining(Unknown Source) [?:1.8.0_401]
	at java.util.stream.AbstractPipeline.copyInto(Unknown Source) [?:1.8.0_401]
	at java.util.stream.ForEachOps$ForEachTask.compute(Unknown Source) [?:1.8.0_401]
	at java.util.concurrent.CountedCompleter.exec(Unknown Source) [?:1.8.0_401]
	at java.util.concurrent.ForkJoinTask.doExec(Unknown Source) [?:1.8.0_401]
	at java.util.concurrent.ForkJoinPool$WorkQueue.execLocalTasks(Unknown Source) [?:1.8.0_401]
	at java.util.concurrent.ForkJoinPool$WorkQueue.runTask(Unknown Source) [?:1.8.0_401]
	at java.util.concurrent.ForkJoinPool.runWorker(Unknown Source) [?:1.8.0_401]
	at java.util.concurrent.ForkJoinWorkerThread.run(Unknown Source) [?:1.8.0_401]
[21:08:37] [ForkJoinPool.commonPool-worker-2/ERROR] [NotEnoughItems]: Removing item: moze_intel.projecte.gameObjs.items.rings.Zero@3b7149d6 from list.
java.lang.NullPointerException
	at moze_intel.projecte.gameObjs.items.ItemCharge.getCharge(ItemCharge.java:57) ~[?:?]
	at moze_intel.projecte.gameObjs.items.ItemCharge.getDurabilityForDisplay(ItemCharge.java:30) ~[?:?]
	at codechicken.nei.ItemList$1.lambda$forceTagCompoundInitialization$6(ItemList.java:336) ~[?:?]
	at codechicken.nei.ItemList$1.runChecked(ItemList.java:310) ~[?:?]
	at codechicken.nei.ItemList$1.forceTagCompoundInitialization(ItemList.java:336) ~[?:?]
	at codechicken.nei.ItemList$1.lambda$execute$12(ItemList.java:401) ~[?:?]
	at java.util.stream.ForEachOps$ForEachOp$OfRef.accept(Unknown Source) [?:1.8.0_401]
	at java.util.Spliterators$ArraySpliterator.forEachRemaining(Unknown Source) [?:1.8.0_401]
	at java.util.stream.AbstractPipeline.copyInto(Unknown Source) [?:1.8.0_401]
	at java.util.stream.ForEachOps$ForEachTask.compute(Unknown Source) [?:1.8.0_401]
	at java.util.concurrent.CountedCompleter.exec(Unknown Source) [?:1.8.0_401]
	at java.util.concurrent.ForkJoinTask.doExec(Unknown Source) [?:1.8.0_401]
	at java.util.concurrent.ForkJoinPool$WorkQueue.execLocalTasks(Unknown Source) [?:1.8.0_401]
	at java.util.concurrent.ForkJoinPool$WorkQueue.runTask(Unknown Source) [?:1.8.0_401]
	at java.util.concurrent.ForkJoinPool.runWorker(Unknown Source) [?:1.8.0_401]
	at java.util.concurrent.ForkJoinWorkerThread.run(Unknown Source) [?:1.8.0_401]
[21:08:37] [ForkJoinPool.commonPool-worker-2/ERROR] [NotEnoughItems]: Removing item: moze_intel.projecte.gameObjs.items.TimeWatch@19241150 from list.
java.lang.NullPointerException
	at moze_intel.projecte.gameObjs.items.ItemCharge.getCharge(ItemCharge.java:57) ~[?:?]
	at moze_intel.projecte.gameObjs.items.ItemCharge.getDurabilityForDisplay(ItemCharge.java:30) ~[?:?]
	at codechicken.nei.ItemList$1.lambda$forceTagCompoundInitialization$6(ItemList.java:336) ~[?:?]
	at codechicken.nei.ItemList$1.runChecked(ItemList.java:310) ~[?:?]
	at codechicken.nei.ItemList$1.forceTagCompoundInitialization(ItemList.java:336) ~[?:?]
	at codechicken.nei.ItemList$1.lambda$execute$12(ItemList.java:401) ~[?:?]
	at java.util.stream.ForEachOps$ForEachOp$OfRef.accept(Unknown Source) [?:1.8.0_401]
	at java.util.Spliterators$ArraySpliterator.forEachRemaining(Unknown Source) [?:1.8.0_401]
	at java.util.stream.AbstractPipeline.copyInto(Unknown Source) [?:1.8.0_401]
	at java.util.stream.ForEachOps$ForEachTask.compute(Unknown Source) [?:1.8.0_401]
	at java.util.concurrent.CountedCompleter.exec(Unknown Source) [?:1.8.0_401]
	at java.util.concurrent.ForkJoinTask.doExec(Unknown Source) [?:1.8.0_401]
	at java.util.concurrent.ForkJoinPool$WorkQueue.execLocalTasks(Unknown Source) [?:1.8.0_401]
	at java.util.concurrent.ForkJoinPool$WorkQueue.runTask(Unknown Source) [?:1.8.0_401]
	at java.util.concurrent.ForkJoinPool.runWorker(Unknown Source) [?:1.8.0_401]
	at java.util.concurrent.ForkJoinWorkerThread.run(Unknown Source) [?:1.8.0_401]
[21:08:37] [ForkJoinPool.commonPool-worker-2/ERROR] [NotEnoughItems]: Removing item: moze_intel.projecte.gameObjs.items.MercurialEye@38d27a32 from list.
java.lang.NullPointerException
	at moze_intel.projecte.gameObjs.items.ItemCharge.getCharge(ItemCharge.java:57) ~[?:?]
	at moze_intel.projecte.gameObjs.items.ItemCharge.getDurabilityForDisplay(ItemCharge.java:30) ~[?:?]
	at codechicken.nei.ItemList$1.lambda$forceTagCompoundInitialization$6(ItemList.java:336) ~[?:?]
	at codechicken.nei.ItemList$1.runChecked(ItemList.java:310) ~[?:?]
	at codechicken.nei.ItemList$1.forceTagCompoundInitialization(ItemList.java:336) ~[?:?]
	at codechicken.nei.ItemList$1.lambda$execute$12(ItemList.java:401) ~[?:?]
	at java.util.stream.ForEachOps$ForEachOp$OfRef.accept(Unknown Source) [?:1.8.0_401]
	at java.util.Spliterators$ArraySpliterator.forEachRemaining(Unknown Source) [?:1.8.0_401]
	at java.util.stream.AbstractPipeline.copyInto(Unknown Source) [?:1.8.0_401]
	at java.util.stream.ForEachOps$ForEachTask.compute(Unknown Source) [?:1.8.0_401]
	at java.util.concurrent.CountedCompleter.exec(Unknown Source) [?:1.8.0_401]
	at java.util.concurrent.ForkJoinTask.doExec(Unknown Source) [?:1.8.0_401]
	at java.util.concurrent.ForkJoinPool$WorkQueue.execLocalTasks(Unknown Source) [?:1.8.0_401]
	at java.util.concurrent.ForkJoinPool$WorkQueue.runTask(Unknown Source) [?:1.8.0_401]
	at java.util.concurrent.ForkJoinPool.runWorker(Unknown Source) [?:1.8.0_401]
	at java.util.concurrent.ForkJoinWorkerThread.run(Unknown Source) [?:1.8.0_401]
[21:08:37] [ForkJoinPool.commonPool-worker-2/ERROR] [NotEnoughItems]: Removing item: moze_intel.projecte.gameObjs.items.DestructionCatalyst@3baca699 from list.
java.lang.NullPointerException
	at moze_intel.projecte.gameObjs.items.ItemCharge.getCharge(ItemCharge.java:57) ~[?:?]
	at moze_intel.projecte.gameObjs.items.ItemCharge.getDurabilityForDisplay(ItemCharge.java:30) ~[?:?]
	at codechicken.nei.ItemList$1.lambda$forceTagCompoundInitialization$6(ItemList.java:336) ~[?:?]
	at codechicken.nei.ItemList$1.runChecked(ItemList.java:310) ~[?:?]
	at codechicken.nei.ItemList$1.forceTagCompoundInitialization(ItemList.java:336) ~[?:?]
	at codechicken.nei.ItemList$1.lambda$execute$12(ItemList.java:401) ~[?:?]
	at java.util.stream.ForEachOps$ForEachOp$OfRef.accept(Unknown Source) [?:1.8.0_401]
	at java.util.Spliterators$ArraySpliterator.forEachRemaining(Unknown Source) [?:1.8.0_401]
	at java.util.stream.AbstractPipeline.copyInto(Unknown Source) [?:1.8.0_401]
	at java.util.stream.ForEachOps$ForEachTask.compute(Unknown Source) [?:1.8.0_401]
	at java.util.concurrent.CountedCompleter.exec(Unknown Source) [?:1.8.0_401]
	at java.util.concurrent.ForkJoinTask.doExec(Unknown Source) [?:1.8.0_401]
	at java.util.concurrent.ForkJoinPool$WorkQueue.execLocalTasks(Unknown Source) [?:1.8.0_401]
	at java.util.concurrent.ForkJoinPool$WorkQueue.runTask(Unknown Source) [?:1.8.0_401]
	at java.util.concurrent.ForkJoinPool.runWorker(Unknown Source) [?:1.8.0_401]
	at java.util.concurrent.ForkJoinWorkerThread.run(Unknown Source) [?:1.8.0_401]
[21:08:37] [ForkJoinPool.commonPool-worker-2/ERROR] [NotEnoughItems]: Removing item: moze_intel.projecte.gameObjs.items.HyperkineticLens@183c9b2d from list.
java.lang.NullPointerException
	at moze_intel.projecte.gameObjs.items.ItemCharge.getCharge(ItemCharge.java:57) ~[?:?]
	at moze_intel.projecte.gameObjs.items.ItemCharge.getDurabilityForDisplay(ItemCharge.java:30) ~[?:?]
	at codechicken.nei.ItemList$1.lambda$forceTagCompoundInitialization$6(ItemList.java:336) ~[?:?]
	at codechicken.nei.ItemList$1.runChecked(ItemList.java:310) ~[?:?]
	at codechicken.nei.ItemList$1.forceTagCompoundInitialization(ItemList.java:336) ~[?:?]
	at codechicken.nei.ItemList$1.lambda$execute$12(ItemList.java:401) ~[?:?]
	at java.util.stream.ForEachOps$ForEachOp$OfRef.accept(Unknown Source) [?:1.8.0_401]
	at java.util.Spliterators$ArraySpliterator.forEachRemaining(Unknown Source) [?:1.8.0_401]
	at java.util.stream.AbstractPipeline.copyInto(Unknown Source) [?:1.8.0_401]
	at java.util.stream.ForEachOps$ForEachTask.compute(Unknown Source) [?:1.8.0_401]
	at java.util.concurrent.CountedCompleter.exec(Unknown Source) [?:1.8.0_401]
	at java.util.concurrent.ForkJoinTask.doExec(Unknown Source) [?:1.8.0_401]
	at java.util.concurrent.ForkJoinPool$WorkQueue.execLocalTasks(Unknown Source) [?:1.8.0_401]
	at java.util.concurrent.ForkJoinPool$WorkQueue.runTask(Unknown Source) [?:1.8.0_401]
	at java.util.concurrent.ForkJoinPool.runWorker(Unknown Source) [?:1.8.0_401]
	at java.util.concurrent.ForkJoinWorkerThread.run(Unknown Source) [?:1.8.0_401]
[21:08:37] [ForkJoinPool.commonPool-worker-2/ERROR] [NotEnoughItems]: Removing item: moze_intel.projecte.gameObjs.items.CataliticLens@d83944c from list.
java.lang.NullPointerException
	at moze_intel.projecte.gameObjs.items.ItemCharge.getCharge(ItemCharge.java:57) ~[?:?]
	at moze_intel.projecte.gameObjs.items.ItemCharge.getDurabilityForDisplay(ItemCharge.java:30) ~[?:?]
	at codechicken.nei.ItemList$1.lambda$forceTagCompoundInitialization$6(ItemList.java:336) ~[?:?]
	at codechicken.nei.ItemList$1.runChecked(ItemList.java:310) ~[?:?]
	at codechicken.nei.ItemList$1.forceTagCompoundInitialization(ItemList.java:336) ~[?:?]
	at codechicken.nei.ItemList$1.lambda$execute$12(ItemList.java:401) ~[?:?]
	at java.util.stream.ForEachOps$ForEachOp$OfRef.accept(Unknown Source) [?:1.8.0_401]
	at java.util.Spliterators$ArraySpliterator.forEachRemaining(Unknown Source) [?:1.8.0_401]
	at java.util.stream.AbstractPipeline.copyInto(Unknown Source) [?:1.8.0_401]
	at java.util.stream.ForEachOps$ForEachTask.compute(Unknown Source) [?:1.8.0_401]
	at java.util.concurrent.CountedCompleter.exec(Unknown Source) [?:1.8.0_401]
	at java.util.concurrent.ForkJoinTask.doExec(Unknown Source) [?:1.8.0_401]
	at java.util.concurrent.ForkJoinPool$WorkQueue.execLocalTasks(Unknown Source) [?:1.8.0_401]
	at java.util.concurrent.ForkJoinPool$WorkQueue.runTask(Unknown Source) [?:1.8.0_401]
	at java.util.concurrent.ForkJoinPool.runWorker(Unknown Source) [?:1.8.0_401]
	at java.util.concurrent.ForkJoinWorkerThread.run(Unknown Source) [?:1.8.0_401]
[21:46:43] [main/INFO] [LaunchWrapper]: Loading tweak class name cpw.mods.fml.common.launcher.FMLTweaker
[21:46:43] [main/INFO] [LaunchWrapper]: Using primary tweak class name cpw.mods.fml.common.launcher.FMLTweaker
[21:46:43] [main/INFO] [LaunchWrapper]: Calling tweak class cpw.mods.fml.common.launcher.FMLTweaker
[21:51:30] [ForkJoinPool.commonPool-worker-15/INFO] [Forestry]: Loading: Forestry NEI Integration
[21:51:30] [ForkJoinPool.commonPool-worker-1/DEBUG] [NotEnoughItems]: Loaded pixlepix.auracascade.main.NEIAuraConfig
[21:51:30] [ForkJoinPool.commonPool-worker-11/DEBUG] [NotEnoughItems]: Loaded team.chisel.compat.nei.NEIChiselConfig
[21:51:30] [ForkJoinPool.commonPool-worker-11/DEBUG] [NotEnoughItems]: Loaded cofh.thermalfoundation.plugins.nei.NEIThermalFoundationConfig
[21:51:30] [ForkJoinPool.commonPool-worker-8/DEBUG] [NotEnoughItems]: Loaded cofh.thermaldynamics.plugins.nei.NEIThermalDynamicsConfig
[21:51:30] [ForkJoinPool.commonPool-worker-9/DEBUG] [NotEnoughItems]: Loaded ab.client.nei.NEIConfig
[21:51:30] [ForkJoinPool.commonPool-worker-1/DEBUG] [mixin]: Mixing thaumcraft.client.gui.MixinGuiArcaneWorkbench_SingleWandReplacement from mixins.salisarcana.late.json into thaumcraft.client.gui.GuiArcaneWorkbench
[21:51:30] [ForkJoinPool.commonPool-worker-1/DEBUG] [mixin]: Mixing thaumcraft.client.gui.MixinGuiArcaneWorkbench_MissingResearch from mixins.salisarcana.late.json into thaumcraft.client.gui.GuiArcaneWorkbench
[21:51:30] [ForkJoinPool.commonPool-worker-3/DEBUG] [NotEnoughItems]: Loaded com.cleanroommc.modularui.integration.nei.NEIModularUIConfig
[21:51:30] [ForkJoinPool.commonPool-worker-6/DEBUG] [NotEnoughItems]: Loaded fox.spiteful.avaritia.compat.nei.NEIAvaritiaConfig
[21:51:30] [ForkJoinPool.commonPool-worker-13/INFO] [Draconic Evolution]: Added NEI integration
[21:51:30] [ForkJoinPool.commonPool-worker-9/DEBUG] [NotEnoughItems]: Loaded witchinggadgets.client.nei.NEIWGConfig
[21:51:30] [ForkJoinPool.commonPool-worker-6/DEBUG] [NotEnoughItems]: Loaded cofh.plugins.nei.NEICoFHConfig
[21:51:30] [ForkJoinPool.commonPool-worker-13/DEBUG] [NotEnoughItems]: Loaded com.brandon3055.draconicevolution.integration.nei.NEIDraconicevolutionConfig
[21:51:30] [ForkJoinPool.commonPool-worker-8/DEBUG] [NotEnoughItems]: Loaded net.darkhax.bookshelf.client.nei.NEIBookshelfConfig
[21:51:30] [ForkJoinPool.commonPool-worker-1/DEBUG] [NotEnoughItems]: Loaded com.gtnewhorizons.aspectrecipeindex.nei.NEIConfig
[21:51:30] [ForkJoinPool.commonPool-worker-1/DEBUG] [NotEnoughItems]: Loaded wanion.avaritiaddons.plugins.nei.NEIConfig
[21:51:30] [ForkJoinPool.commonPool-worker-10/DEBUG] [NotEnoughItems]: Loaded tconstruct.plugins.nei.NEITConstructConfig
[21:51:30] [ForkJoinPool.commonPool-worker-4/DEBUG] [NotEnoughItems]: Loaded WayofTime.alchemicalWizardry.client.nei.NEIConfig
[21:51:30] [ForkJoinPool.commonPool-worker-9/DEBUG] [NotEnoughItems]: Loaded dev.rndmorris.salisarcana.common.compat.NEIConfig
[21:51:30] [ForkJoinPool.commonPool-worker-9/INFO] [NotEnoughEnergistics]: -----Not Enough Energistics Init Start-----
[21:51:30] [ForkJoinPool.commonPool-worker-9/INFO] [NotEnoughEnergistics]: Install Vanilla Support
[21:51:30] [ForkJoinPool.commonPool-worker-9/INFO] [NotEnoughEnergistics]: Found Applied Energistics 2,install Applied Energistics 2 support
[21:51:30] [ForkJoinPool.commonPool-worker-4/INFO] [OpenMods]: openblocks.NEIOpenBlocksConfig.loadConfig(NEIOpenBlocksConfig.java:40): OpenBlocks NEI Integration loaded successfully
[21:51:30] [ForkJoinPool.commonPool-worker-4/DEBUG] [NotEnoughItems]: Loaded openblocks.NEIOpenBlocksConfig
[21:51:30] [ForkJoinPool.commonPool-worker-9/INFO] [NotEnoughEnergistics]: Found Botania,install Botania support
[21:51:30] [ForkJoinPool.commonPool-worker-9/INFO] [NotEnoughEnergistics]: Found Avaritia, install Avaritia support
[21:51:30] [ForkJoinPool.commonPool-worker-6/DEBUG] [NotEnoughItems]: Loaded net.bdew.ae2stuff.nei.NEI_AE2Stuff_Config
[21:51:30] [ForkJoinPool.commonPool-worker-9/INFO] [NotEnoughEnergistics]: Found EnderIO, install EnderIO support
[21:51:30] [ForkJoinPool.commonPool-worker-15/DEBUG] [NotEnoughItems]: Loaded forestry.core.recipes.nei.NEIIntegrationConfig
[21:51:30] [ForkJoinPool.commonPool-worker-9/INFO] [NotEnoughEnergistics]: Found Forestry, install Forestry support
[21:51:30] [ForkJoinPool.commonPool-worker-1/DEBUG] [NotEnoughItems]: Loaded vazkii.botania.client.integration.nei.NEIBotaniaConfig
[21:51:30] [ForkJoinPool.commonPool-worker-2/DEBUG] [NotEnoughItems]: Loaded evilcraft.modcompat.nei.NEIEvilCraftConfig
[21:51:30] [ForkJoinPool.commonPool-worker-9/INFO] [NotEnoughEnergistics]: Found Aspect Recipe Index, install Aspect Recipe Index support
[21:51:30] [ForkJoinPool.commonPool-worker-9/INFO] [NotEnoughEnergistics]: Found ThermalExpansion, install ThermalExpansion support
[21:51:30] [ForkJoinPool.commonPool-worker-9/INFO] [NotEnoughEnergistics]: Found BloodMagic, install BloodMagic support
[21:51:30] [ForkJoinPool.commonPool-worker-11/DEBUG] [NotEnoughItems]: Loaded com.emoniph.witchery.integration.NEIWitcheryConfig
[21:51:30] [ForkJoinPool.commonPool-worker-11/DEBUG] [NotEnoughItems]: Loaded cpw.mods.ironchest.plugins.nei.NEIConfig
[21:51:30] [ForkJoinPool.commonPool-worker-9/INFO] [NotEnoughEnergistics]: -----Not Enough Energistics Init  Finished-----
[21:51:30] [ForkJoinPool.commonPool-worker-9/INFO] [NotEnoughEnergistics]: NEIController replaced success
[21:51:30] [ForkJoinPool.commonPool-worker-2/ERROR] [NotEnoughItems]: Failed to Load flaxbeard.thaumicexploration.integration.nei.NEIConfig
java.lang.NullPointerException
	at flaxbeard.thaumicexploration.research.ReplicatorRecipes.canStackBeReplicated(ReplicatorRecipes.java:88) ~[?:?]
	at flaxbeard.thaumicexploration.integration.nei.ReplicatorHandler.init(ReplicatorHandler.java:157) ~[?:?]
	at flaxbeard.thaumicexploration.integration.nei.NEIConfig.loadConfig(NEIConfig.java:10) ~[?:?]
	at codechicken.nei.NEIClientConfig$23.lambda$run$0(NEIClientConfig.java:1002) ~[?:?]
	at java.util.stream.ForEachOps$ForEachOp$OfRef.accept(Unknown Source) [?:1.8.0_401]
	at java.util.HashMap$KeySpliterator.forEachRemaining(Unknown Source) [?:1.8.0_401]
	at java.util.stream.AbstractPipeline.copyInto(Unknown Source) [?:1.8.0_401]
	at java.util.stream.ForEachOps$ForEachTask.compute(Unknown Source) [?:1.8.0_401]
	at java.util.concurrent.CountedCompleter.exec(Unknown Source) [?:1.8.0_401]
	at java.util.concurrent.ForkJoinTask.doExec(Unknown Source) [?:1.8.0_401]
	at java.util.concurrent.ForkJoinPool$WorkQueue.runTask(Unknown Source) [?:1.8.0_401]
	at java.util.concurrent.ForkJoinPool.runWorker(Unknown Source) [?:1.8.0_401]
	at java.util.concurrent.ForkJoinWorkerThread.run(Unknown Source) [?:1.8.0_401]
[21:51:30] [ForkJoinPool.commonPool-worker-9/INFO] [NotEnoughEnergistics]: Install ThaumicEnergistics support
[21:51:30] [ForkJoinPool.commonPool-worker-9/INFO] [NotEnoughEnergistics]: Install Avaritiaddons support
[21:51:30] [ForkJoinPool.commonPool-worker-9/DEBUG] [NotEnoughItems]: Loaded com.github.vfyjxf.nee.NEINeeConfig
[21:51:30] [ForkJoinPool.commonPool-worker-4/INFO] [extrautils]: Added NEI integration
[21:51:30] [ForkJoinPool.commonPool-worker-4/DEBUG] [NotEnoughItems]: Loaded com.rwtema.extrautils.nei.NEIInfoHandlerConfig
[21:51:30] [ForkJoinPool.commonPool-worker-9/WARN] [FML]: NEI: Forced tag update with reason (showDurabilityBar) for 1xitem.manaTablet@0(vazkii.botania.common.item.ItemManaTablet@693661a7)
[21:51:30] [ForkJoinPool.commonPool-worker-9/WARN] [FML]: NEI: Forced tag update with reason (getDamage) for 1xitem.manaMirror@0(vazkii.botania.common.item.ItemManaMirror@172ac224)
[21:51:30] [ForkJoinPool.commonPool-worker-9/WARN] [FML]: NEI: Forced tag update with reason (getDamage) for 1xitem.manaRing@10000(vazkii.botania.common.item.equipment.bauble.ItemManaRing@2ccebe70)
[21:51:30] [ForkJoinPool.commonPool-worker-9/WARN] [FML]: NEI: Forced tag update with reason (getDamage) for 1xitem.manaRingGreater@10000(vazkii.botania.common.item.equipment.bauble.ItemGreaterManaRing@5372988a)
[21:51:30] [ForkJoinPool.commonPool-worker-9/WARN] [FML]: NEI: Forced tag update with reason (getDamage) for 1xitem.manaInkwell@150(vazkii.botania.common.item.interaction.thaumcraft.ItemManaInkwell@2ce8db86)
[21:51:30] [ForkJoinPool.commonPool-worker-9/WARN] [FML]: NEI: Forced tag update with reason (getDamage) for 1xitem.manaInkwell@0(vazkii.botania.common.item.interaction.thaumcraft.ItemManaInkwell@2ce8db86)
[21:51:30] [ForkJoinPool.commonPool-worker-9/WARN] [FML]: NEI: Forced tag update with reason (getDamage) for 1xitem.mithrillManaRing@10000(ab.common.item.equipment.ItemMithrillRing@68b83877)
[21:51:30] [ForkJoinPool.commonPool-worker-9/WARN] [FML]: NEI: Forced tag update with reason (getDamage) for 1xitem.nebulaManaRing@10000(ab.common.item.equipment.ItemNebulaRing@564e19be)
[21:51:30] [ForkJoinPool.commonPool-worker-9/WARN] [FML]: NEI: Forced tag update with reason (getDigSpeed) for 1xitem.mithrillMultiTool@0(ab.common.item.equipment.ItemMithrillMultiTool@45b595e9)
[21:51:30] [ForkJoinPool.commonPool-worker-9/WARN] [FML]: NEI: Forced tag update with reason (showDurabilityBar) for 1xitem.hornPlenty@0(ab.common.item.relic.ItemHornPlenty@3e76cd6c)
[21:51:30] [ForkJoinPool.commonPool-worker-9/WARN] [FML]: NEI: Forced tag update with reason (getDamage) for 1xitem.nebulaHelm@0(ab.common.item.equipment.armor.ItemNebulaHelm@6fb9c73c)
[21:51:30] [ForkJoinPool.commonPool-worker-9/WARN] [FML]: NEI: Forced tag update with reason (getDamage) for 1xitem.nebulaChest@0(ab.common.item.equipment.armor.ItemNebulaChest@67ac7a0a)
[21:51:30] [ForkJoinPool.commonPool-worker-9/WARN] [FML]: NEI: Forced tag update with reason (getDamage) for 1xitem.nebulaLegs@0(ab.common.item.equipment.armor.ItemNebulaLegs@5848af04)
[21:51:30] [ForkJoinPool.commonPool-worker-9/WARN] [FML]: NEI: Forced tag update with reason (getDamage) for 1xitem.nebulaBoots@0(ab.common.item.equipment.armor.ItemNebulaBoots@6e8fac2)
[21:51:30] [ForkJoinPool.commonPool-worker-9/WARN] [FML]: NEI: Forced tag update with reason (getDamage) for 1xitem.nebulaHelmRevealing@0(ab.common.item.equipment.armor.ItemNebulaHelmRevealing@31195bc9)
[21:51:31] [ForkJoinPool.commonPool-worker-9/WARN] [FML]: NEI: Forced tag update with reason (showDurabilityBar) for 1xitem.wirelessCraftingTerminal@0(ItemWirelessCraftingTerminal)
[21:51:31] [ForkJoinPool.commonPool-worker-9/WARN] [FML]: NEI: Forced tag update with reason (getDigSpeed) for 1xitem.boundPickaxe@0(WayofTime.alchemicalWizardry.common.items.BoundPickaxe@7633edad)
[21:51:31] [ForkJoinPool.commonPool-worker-9/WARN] [FML]: NEI: Forced tag update with reason (getDigSpeed) for 1xitem.boundAxe@0(WayofTime.alchemicalWizardry.common.items.BoundAxe@2efa218a)
[21:51:31] [ForkJoinPool.commonPool-worker-9/WARN] [FML]: NEI: Forced tag update with reason (getDigSpeed) for 1xitem.boundShovel@0(WayofTime.alchemicalWizardry.common.items.BoundShovel@6646a6d7)
[21:51:31] [ForkJoinPool.commonPool-worker-9/WARN] [FML]: NEI: Forced tag update with reason (getToolClasses) for 1xitem.multiTool@0(WayofTime.alchemicalWizardry.api.items.ItemSpellMultiTool@1c4457e6)
[21:51:31] [ForkJoinPool.commonPool-worker-9/WARN] [FML]: NEI: Forced tag update with reason (getAttributeModifiers) for 1xitem.boundHelmetWater@0(WayofTime.alchemicalWizardry.common.items.armour.OmegaArmourWater@647d67e4)
[21:51:31] [ForkJoinPool.commonPool-worker-9/WARN] [FML]: NEI: Forced tag update with reason (getAttributeModifiers) for 1xitem.boundPlateWater@0(WayofTime.alchemicalWizardry.common.items.armour.OmegaArmourWater@400210b7)
[21:51:31] [ForkJoinPool.commonPool-worker-9/WARN] [FML]: NEI: Forced tag update with reason (getAttributeModifiers) for 1xitem.boundLeggingsWater@0(WayofTime.alchemicalWizardry.common.items.armour.OmegaArmourWater@42dc675d)
[21:51:31] [ForkJoinPool.commonPool-worker-9/WARN] [FML]: NEI: Forced tag update with reason (getAttributeModifiers) for 1xitem.boundBootsWater@0(WayofTime.alchemicalWizardry.common.items.armour.OmegaArmourWater@5f7b7ff8)
[21:51:31] [ForkJoinPool.commonPool-worker-9/WARN] [FML]: NEI: Forced tag update with reason (getAttributeModifiers) for 1xitem.boundHelmetEarth@0(WayofTime.alchemicalWizardry.common.items.armour.OmegaArmourEarth@5c6d6d5f)
[21:51:31] [ForkJoinPool.commonPool-worker-9/WARN] [FML]: NEI: Forced tag update with reason (getAttributeModifiers) for 1xitem.boundPlateEarth@0(WayofTime.alchemicalWizardry.common.items.armour.OmegaArmourEarth@494ec250)
[21:51:31] [ForkJoinPool.commonPool-worker-9/WARN] [FML]: NEI: Forced tag update with reason (getAttributeModifiers) for 1xitem.boundLeggingsEarth@0(WayofTime.alchemicalWizardry.common.items.armour.OmegaArmourEarth@7c63a7cc)
[21:51:31] [ForkJoinPool.commonPool-worker-9/WARN] [FML]: NEI: Forced tag update with reason (getAttributeModifiers) for 1xitem.boundBootsEarth@0(WayofTime.alchemicalWizardry.common.items.armour.OmegaArmourEarth@307b98ab)
[21:51:31] [ForkJoinPool.commonPool-worker-9/WARN] [FML]: NEI: Forced tag update with reason (getAttributeModifiers) for 1xitem.boundHelmetWind@0(WayofTime.alchemicalWizardry.common.items.armour.OmegaArmourWind@6f608e93)
[21:51:31] [ForkJoinPool.commonPool-worker-9/WARN] [FML]: NEI: Forced tag update with reason (getAttributeModifiers) for 1xitem.boundPlateWind@0(WayofTime.alchemicalWizardry.common.items.armour.OmegaArmourWind@6d7279c7)
[21:51:31] [ForkJoinPool.commonPool-worker-9/WARN] [FML]: NEI: Forced tag update with reason (getAttributeModifiers) for 1xitem.boundLeggingsWind@0(WayofTime.alchemicalWizardry.common.items.armour.OmegaArmourWind@ae76ef9)
[21:51:31] [ForkJoinPool.commonPool-worker-9/WARN] [FML]: NEI: Forced tag update with reason (getAttributeModifiers) for 1xitem.boundBootsWind@0(WayofTime.alchemicalWizardry.common.items.armour.OmegaArmourWind@3535390f)
[21:51:31] [ForkJoinPool.commonPool-worker-9/WARN] [FML]: NEI: Forced tag update with reason (getAttributeModifiers) for 1xitem.boundHelmetFire@0(WayofTime.alchemicalWizardry.common.items.armour.OmegaArmourFire@3a6f4544)
[21:51:31] [ForkJoinPool.commonPool-worker-9/WARN] [FML]: NEI: Forced tag update with reason (getAttributeModifiers) for 1xitem.boundPlateFire@0(WayofTime.alchemicalWizardry.common.items.armour.OmegaArmourFire@75d257b8)
[21:51:31] [ForkJoinPool.commonPool-worker-9/WARN] [FML]: NEI: Forced tag update with reason (getAttributeModifiers) for 1xitem.boundLeggingsFire@0(WayofTime.alchemicalWizardry.common.items.armour.OmegaArmourFire@5651b154)
[21:51:31] [ForkJoinPool.commonPool-worker-9/WARN] [FML]: NEI: Forced tag update with reason (getAttributeModifiers) for 1xitem.boundBootsFire@0(WayofTime.alchemicalWizardry.common.items.armour.OmegaArmourFire@3b2e8154)
[21:51:31] [ForkJoinPool.commonPool-worker-9/WARN] [FML]: NEI: Forced tag update with reason (isDamaged) for 1xitem.witchery:poppet@0(com.emoniph.witchery.item.ItemPoppet@5b4db241)
[21:51:31] [ForkJoinPool.commonPool-worker-9/WARN] [FML]: NEI: Forced tag update with reason (isDamaged) for 1xitem.witchery:poppet@1(com.emoniph.witchery.item.ItemPoppet@5b4db241)
[21:51:31] [ForkJoinPool.commonPool-worker-9/WARN] [FML]: NEI: Forced tag update with reason (isDamaged) for 1xitem.witchery:poppet@2(com.emoniph.witchery.item.ItemPoppet@5b4db241)
[21:51:31] [ForkJoinPool.commonPool-worker-9/WARN] [FML]: NEI: Forced tag update with reason (isDamaged) for 1xitem.witchery:poppet@3(com.emoniph.witchery.item.ItemPoppet@5b4db241)
[21:51:31] [ForkJoinPool.commonPool-worker-9/WARN] [FML]: NEI: Forced tag update with reason (isDamaged) for 1xitem.witchery:poppet@4(com.emoniph.witchery.item.ItemPoppet@5b4db241)
[21:51:31] [ForkJoinPool.commonPool-worker-9/WARN] [FML]: NEI: Forced tag update with reason (isDamaged) for 1xitem.witchery:poppet@5(com.emoniph.witchery.item.ItemPoppet@5b4db241)
[21:51:31] [ForkJoinPool.commonPool-worker-9/WARN] [FML]: NEI: Forced tag update with reason (isDamaged) for 1xitem.witchery:poppet@6(com.emoniph.witchery.item.ItemPoppet@5b4db241)
[21:51:31] [ForkJoinPool.commonPool-worker-9/WARN] [FML]: NEI: Forced tag update with reason (isDamaged) for 1xitem.witchery:poppet@7(com.emoniph.witchery.item.ItemPoppet@5b4db241)
[21:51:31] [ForkJoinPool.commonPool-worker-9/WARN] [FML]: NEI: Forced tag update with reason (isDamaged) for 1xitem.witchery:poppet@8(com.emoniph.witchery.item.ItemPoppet@5b4db241)
[21:51:31] [ForkJoinPool.commonPool-worker-9/WARN] [FML]: NEI: Forced tag update with reason (isDamaged) for 1xitem.witchery:poppet@9(com.emoniph.witchery.item.ItemPoppet@5b4db241)
[21:51:31] [ForkJoinPool.commonPool-worker-9/WARN] [FML]: NEI: Forced tag update with reason (isDamaged) for 1xitem.witchery:poppet@10(com.emoniph.witchery.item.ItemPoppet@5b4db241)
[21:51:31] [ForkJoinPool.commonPool-worker-9/WARN] [FML]: NEI: Forced tag update with reason (isDamaged) for 1xitem.witchery:poppet@11(com.emoniph.witchery.item.ItemPoppet@5b4db241)
[21:51:31] [ForkJoinPool.commonPool-worker-9/WARN] [FML]: NEI: Forced tag update with reason (getDigSpeed) for 1xitem.draconicevolution:draconicDistructionStaff@0(com.brandon3055.draconicevolution.common.items.tools.DraconicDistructionStaff@28648861)
[21:51:31] [ForkJoinPool.commonPool-worker-9/WARN] [FML]: NEI: Forced tag update with reason (getDigSpeed) for 1xitem.draconicevolution:draconicPickaxe@0(com.brandon3055.draconicevolution.common.items.tools.DraconicPickaxe@6daea942)
[21:51:31] [ForkJoinPool.commonPool-worker-9/WARN] [FML]: NEI: Forced tag update with reason (getDigSpeed) for 1xitem.draconicevolution:draconicAxe@0(com.brandon3055.draconicevolution.common.items.tools.DraconicAxe@1b3818cb)
[21:51:31] [ForkJoinPool.commonPool-worker-9/WARN] [FML]: NEI: Forced tag update with reason (getDigSpeed) for 1xitem.draconicevolution:draconicShovel@0(com.brandon3055.draconicevolution.common.items.tools.DraconicShovel@4ed515e0)
[21:51:31] [ForkJoinPool.commonPool-worker-9/WARN] [FML]: NEI: Forced tag update with reason (getDigSpeed) for 1xitem.draconicevolution:wyvernPickaxe@0(com.brandon3055.draconicevolution.common.items.tools.WyvernPickaxe@7955647d)
[21:51:31] [ForkJoinPool.commonPool-worker-9/WARN] [FML]: NEI: Forced tag update with reason (getDigSpeed) for 1xitem.draconicevolution:wyvernShovel@0(com.brandon3055.draconicevolution.common.items.tools.WyvernShovel@46af74ba)
[21:51:31] [ForkJoinPool.commonPool-worker-9/WARN] [FML]: NEI: Forced tag update with reason (getFluid) for 1xitem.items.boundBloodDrop@0(evilcraft.modcompat.bloodmagic.BoundBloodDrop@199b22be)
[21:51:32] [ForkJoinPool.commonPool-worker-9/ERROR] [NotEnoughItems]: Removing item: moze_intel.projecte.gameObjs.items.PhilosophersStone@5a8f5ba5 from list.
java.lang.NullPointerException
	at moze_intel.projecte.gameObjs.items.ItemCharge.getCharge(ItemCharge.java:57) ~[?:?]
	at moze_intel.projecte.gameObjs.items.ItemCharge.getDurabilityForDisplay(ItemCharge.java:30) ~[?:?]
	at codechicken.nei.ItemList$1.lambda$forceTagCompoundInitialization$6(ItemList.java:336) ~[?:?]
	at codechicken.nei.ItemList$1.runChecked(ItemList.java:310) ~[?:?]
	at codechicken.nei.ItemList$1.forceTagCompoundInitialization(ItemList.java:336) ~[?:?]
	at codechicken.nei.ItemList$1.lambda$execute$12(ItemList.java:401) ~[?:?]
	at java.util.stream.ForEachOps$ForEachOp$OfRef.accept(Unknown Source) [?:1.8.0_401]
	at java.util.Spliterators$ArraySpliterator.forEachRemaining(Unknown Source) [?:1.8.0_401]
	at java.util.stream.AbstractPipeline.copyInto(Unknown Source) [?:1.8.0_401]
	at java.util.stream.ForEachOps$ForEachTask.compute(Unknown Source) [?:1.8.0_401]
	at java.util.concurrent.CountedCompleter.exec(Unknown Source) [?:1.8.0_401]
	at java.util.concurrent.ForkJoinTask.doExec(Unknown Source) [?:1.8.0_401]
	at java.util.concurrent.ForkJoinPool$WorkQueue.execLocalTasks(Unknown Source) [?:1.8.0_401]
	at java.util.concurrent.ForkJoinPool$WorkQueue.runTask(Unknown Source) [?:1.8.0_401]
	at java.util.concurrent.ForkJoinPool.runWorker(Unknown Source) [?:1.8.0_401]
	at java.util.concurrent.ForkJoinWorkerThread.run(Unknown Source) [?:1.8.0_401]
[21:51:32] [ForkJoinPool.commonPool-worker-9/WARN] [FML]: NEI: Forced tag update with reason (getDurabilityForDisplay) for 1xitem.pe_klein_star@0(moze_intel.projecte.gameObjs.items.KleinStar@737d4b9a)
[21:51:32] [ForkJoinPool.commonPool-worker-9/WARN] [FML]: NEI: Forced tag update with reason (getDurabilityForDisplay) for 1xitem.pe_klein_star@1(moze_intel.projecte.gameObjs.items.KleinStar@737d4b9a)
[21:51:32] [ForkJoinPool.commonPool-worker-9/WARN] [FML]: NEI: Forced tag update with reason (getDurabilityForDisplay) for 1xitem.pe_klein_star@2(moze_intel.projecte.gameObjs.items.KleinStar@737d4b9a)
[21:51:32] [ForkJoinPool.commonPool-worker-9/WARN] [FML]: NEI: Forced tag update with reason (getDurabilityForDisplay) for 1xitem.pe_klein_star@3(moze_intel.projecte.gameObjs.items.KleinStar@737d4b9a)
[21:51:32] [ForkJoinPool.commonPool-worker-9/WARN] [FML]: NEI: Forced tag update with reason (getDurabilityForDisplay) for 1xitem.pe_klein_star@4(moze_intel.projecte.gameObjs.items.KleinStar@737d4b9a)
[21:51:32] [ForkJoinPool.commonPool-worker-9/WARN] [FML]: NEI: Forced tag update with reason (getDurabilityForDisplay) for 1xitem.pe_klein_star@5(moze_intel.projecte.gameObjs.items.KleinStar@737d4b9a)
[21:51:32] [ForkJoinPool.commonPool-worker-9/ERROR] [NotEnoughItems]: Removing item: moze_intel.projecte.gameObjs.items.tools.DarkPick@383945b3 from list.
java.lang.NullPointerException
	at moze_intel.projecte.gameObjs.items.ItemCharge.getCharge(ItemCharge.java:57) ~[?:?]
	at moze_intel.projecte.gameObjs.items.ItemCharge.getDurabilityForDisplay(ItemCharge.java:30) ~[?:?]
	at codechicken.nei.ItemList$1.lambda$forceTagCompoundInitialization$6(ItemList.java:336) ~[?:?]
	at codechicken.nei.ItemList$1.runChecked(ItemList.java:310) ~[?:?]
	at codechicken.nei.ItemList$1.forceTagCompoundInitialization(ItemList.java:336) ~[?:?]
	at codechicken.nei.ItemList$1.lambda$execute$12(ItemList.java:401) ~[?:?]
	at java.util.stream.ForEachOps$ForEachOp$OfRef.accept(Unknown Source) [?:1.8.0_401]
	at java.util.Spliterators$ArraySpliterator.forEachRemaining(Unknown Source) [?:1.8.0_401]
	at java.util.stream.AbstractPipeline.copyInto(Unknown Source) [?:1.8.0_401]
	at java.util.stream.ForEachOps$ForEachTask.compute(Unknown Source) [?:1.8.0_401]
	at java.util.concurrent.CountedCompleter.exec(Unknown Source) [?:1.8.0_401]
	at java.util.concurrent.ForkJoinTask.doExec(Unknown Source) [?:1.8.0_401]
	at java.util.concurrent.ForkJoinPool$WorkQueue.execLocalTasks(Unknown Source) [?:1.8.0_401]
	at java.util.concurrent.ForkJoinPool$WorkQueue.runTask(Unknown Source) [?:1.8.0_401]
	at java.util.concurrent.ForkJoinPool.runWorker(Unknown Source) [?:1.8.0_401]
	at java.util.concurrent.ForkJoinWorkerThread.run(Unknown Source) [?:1.8.0_401]
[21:51:32] [ForkJoinPool.commonPool-worker-9/ERROR] [NotEnoughItems]: Removing item: moze_intel.projecte.gameObjs.items.tools.DarkAxe@103f90eb from list.
java.lang.NullPointerException
	at moze_intel.projecte.gameObjs.items.ItemCharge.getCharge(ItemCharge.java:57) ~[?:?]
	at moze_intel.projecte.gameObjs.items.ItemCharge.getDurabilityForDisplay(ItemCharge.java:30) ~[?:?]
	at codechicken.nei.ItemList$1.lambda$forceTagCompoundInitialization$6(ItemList.java:336) ~[?:?]
	at codechicken.nei.ItemList$1.runChecked(ItemList.java:310) ~[?:?]
	at codechicken.nei.ItemList$1.forceTagCompoundInitialization(ItemList.java:336) ~[?:?]
	at codechicken.nei.ItemList$1.lambda$execute$12(ItemList.java:401) ~[?:?]
	at java.util.stream.ForEachOps$ForEachOp$OfRef.accept(Unknown Source) [?:1.8.0_401]
	at java.util.Spliterators$ArraySpliterator.forEachRemaining(Unknown Source) [?:1.8.0_401]
	at java.util.stream.AbstractPipeline.copyInto(Unknown Source) [?:1.8.0_401]
	at java.util.stream.ForEachOps$ForEachTask.compute(Unknown Source) [?:1.8.0_401]
	at java.util.concurrent.CountedCompleter.exec(Unknown Source) [?:1.8.0_401]
	at java.util.concurrent.ForkJoinTask.doExec(Unknown Source) [?:1.8.0_401]
	at java.util.concurrent.ForkJoinPool$WorkQueue.execLocalTasks(Unknown Source) [?:1.8.0_401]
	at java.util.concurrent.ForkJoinPool$WorkQueue.runTask(Unknown Source) [?:1.8.0_401]
	at java.util.concurrent.ForkJoinPool.runWorker(Unknown Source) [?:1.8.0_401]
	at java.util.concurrent.ForkJoinWorkerThread.run(Unknown Source) [?:1.8.0_401]
[21:51:32] [ForkJoinPool.commonPool-worker-9/ERROR] [NotEnoughItems]: Removing item: moze_intel.projecte.gameObjs.items.tools.DarkShovel@42ed4a83 from list.
java.lang.NullPointerException
	at moze_intel.projecte.gameObjs.items.ItemCharge.getCharge(ItemCharge.java:57) ~[?:?]
	at moze_intel.projecte.gameObjs.items.ItemCharge.getDurabilityForDisplay(ItemCharge.java:30) ~[?:?]
	at codechicken.nei.ItemList$1.lambda$forceTagCompoundInitialization$6(ItemList.java:336) ~[?:?]
	at codechicken.nei.ItemList$1.runChecked(ItemList.java:310) ~[?:?]
	at codechicken.nei.ItemList$1.forceTagCompoundInitialization(ItemList.java:336) ~[?:?]
	at codechicken.nei.ItemList$1.lambda$execute$12(ItemList.java:401) ~[?:?]
	at java.util.stream.ForEachOps$ForEachOp$OfRef.accept(Unknown Source) [?:1.8.0_401]
	at java.util.Spliterators$ArraySpliterator.forEachRemaining(Unknown Source) [?:1.8.0_401]
	at java.util.stream.AbstractPipeline.copyInto(Unknown Source) [?:1.8.0_401]
	at java.util.stream.ForEachOps$ForEachTask.compute(Unknown Source) [?:1.8.0_401]
	at java.util.concurrent.CountedCompleter.exec(Unknown Source) [?:1.8.0_401]
	at java.util.concurrent.ForkJoinTask.doExec(Unknown Source) [?:1.8.0_401]
	at java.util.concurrent.ForkJoinPool$WorkQueue.execLocalTasks(Unknown Source) [?:1.8.0_401]
	at java.util.concurrent.ForkJoinPool$WorkQueue.runTask(Unknown Source) [?:1.8.0_401]
	at java.util.concurrent.ForkJoinPool.runWorker(Unknown Source) [?:1.8.0_401]
	at java.util.concurrent.ForkJoinWorkerThread.run(Unknown Source) [?:1.8.0_401]
[21:51:32] [ForkJoinPool.commonPool-worker-9/ERROR] [NotEnoughItems]: Removing item: moze_intel.projecte.gameObjs.items.tools.DarkSword@6c9e64a7 from list.
java.lang.NullPointerException
	at moze_intel.projecte.gameObjs.items.ItemCharge.getCharge(ItemCharge.java:57) ~[?:?]
	at moze_intel.projecte.gameObjs.items.ItemCharge.getDurabilityForDisplay(ItemCharge.java:30) ~[?:?]
	at codechicken.nei.ItemList$1.lambda$forceTagCompoundInitialization$6(ItemList.java:336) ~[?:?]
	at codechicken.nei.ItemList$1.runChecked(ItemList.java:310) ~[?:?]
	at codechicken.nei.ItemList$1.forceTagCompoundInitialization(ItemList.java:336) ~[?:?]
	at codechicken.nei.ItemList$1.lambda$execute$12(ItemList.java:401) ~[?:?]
	at java.util.stream.ForEachOps$ForEachOp$OfRef.accept(Unknown Source) [?:1.8.0_401]
	at java.util.Spliterators$ArraySpliterator.forEachRemaining(Unknown Source) [?:1.8.0_401]
	at java.util.stream.AbstractPipeline.copyInto(Unknown Source) [?:1.8.0_401]
	at java.util.stream.ForEachOps$ForEachTask.compute(Unknown Source) [?:1.8.0_401]
	at java.util.concurrent.CountedCompleter.exec(Unknown Source) [?:1.8.0_401]
	at java.util.concurrent.ForkJoinTask.doExec(Unknown Source) [?:1.8.0_401]
	at java.util.concurrent.ForkJoinPool$WorkQueue.execLocalTasks(Unknown Source) [?:1.8.0_401]
	at java.util.concurrent.ForkJoinPool$WorkQueue.runTask(Unknown Source) [?:1.8.0_401]
	at java.util.concurrent.ForkJoinPool.runWorker(Unknown Source) [?:1.8.0_401]
	at java.util.concurrent.ForkJoinWorkerThread.run(Unknown Source) [?:1.8.0_401]
[21:51:32] [ForkJoinPool.commonPool-worker-9/ERROR] [NotEnoughItems]: Removing item: moze_intel.projecte.gameObjs.items.tools.DarkHoe@1e78b05a from list.
java.lang.NullPointerException
	at moze_intel.projecte.gameObjs.items.ItemCharge.getCharge(ItemCharge.java:57) ~[?:?]
	at moze_intel.projecte.gameObjs.items.ItemCharge.getDurabilityForDisplay(ItemCharge.java:30) ~[?:?]
	at codechicken.nei.ItemList$1.lambda$forceTagCompoundInitialization$6(ItemList.java:336) ~[?:?]
	at codechicken.nei.ItemList$1.runChecked(ItemList.java:310) ~[?:?]
	at codechicken.nei.ItemList$1.forceTagCompoundInitialization(ItemList.java:336) ~[?:?]
	at codechicken.nei.ItemList$1.lambda$execute$12(ItemList.java:401) ~[?:?]
	at java.util.stream.ForEachOps$ForEachOp$OfRef.accept(Unknown Source) [?:1.8.0_401]
	at java.util.Spliterators$ArraySpliterator.forEachRemaining(Unknown Source) [?:1.8.0_401]
	at java.util.stream.AbstractPipeline.copyInto(Unknown Source) [?:1.8.0_401]
	at java.util.stream.ForEachOps$ForEachTask.compute(Unknown Source) [?:1.8.0_401]
	at java.util.concurrent.CountedCompleter.exec(Unknown Source) [?:1.8.0_401]
	at java.util.concurrent.ForkJoinTask.doExec(Unknown Source) [?:1.8.0_401]
	at java.util.concurrent.ForkJoinPool$WorkQueue.execLocalTasks(Unknown Source) [?:1.8.0_401]
	at java.util.concurrent.ForkJoinPool$WorkQueue.runTask(Unknown Source) [?:1.8.0_401]
	at java.util.concurrent.ForkJoinPool.runWorker(Unknown Source) [?:1.8.0_401]
	at java.util.concurrent.ForkJoinWorkerThread.run(Unknown Source) [?:1.8.0_401]
[21:51:32] [ForkJoinPool.commonPool-worker-9/ERROR] [NotEnoughItems]: Removing item: moze_intel.projecte.gameObjs.items.tools.DarkShears@72acc3b6 from list.
java.lang.NullPointerException
	at moze_intel.projecte.gameObjs.items.ItemCharge.getCharge(ItemCharge.java:57) ~[?:?]
	at moze_intel.projecte.gameObjs.items.ItemCharge.getDurabilityForDisplay(ItemCharge.java:30) ~[?:?]
	at codechicken.nei.ItemList$1.lambda$forceTagCompoundInitialization$6(ItemList.java:336) ~[?:?]
	at codechicken.nei.ItemList$1.runChecked(ItemList.java:310) ~[?:?]
	at codechicken.nei.ItemList$1.forceTagCompoundInitialization(ItemList.java:336) ~[?:?]
	at codechicken.nei.ItemList$1.lambda$execute$12(ItemList.java:401) ~[?:?]
	at java.util.stream.ForEachOps$ForEachOp$OfRef.accept(Unknown Source) [?:1.8.0_401]
	at java.util.Spliterators$ArraySpliterator.forEachRemaining(Unknown Source) [?:1.8.0_401]
	at java.util.stream.AbstractPipeline.copyInto(Unknown Source) [?:1.8.0_401]
	at java.util.stream.ForEachOps$ForEachTask.compute(Unknown Source) [?:1.8.0_401]
	at java.util.concurrent.CountedCompleter.exec(Unknown Source) [?:1.8.0_401]
	at java.util.concurrent.ForkJoinTask.doExec(Unknown Source) [?:1.8.0_401]
	at java.util.concurrent.ForkJoinPool$WorkQueue.execLocalTasks(Unknown Source) [?:1.8.0_401]
	at java.util.concurrent.ForkJoinPool$WorkQueue.runTask(Unknown Source) [?:1.8.0_401]
	at java.util.concurrent.ForkJoinPool.runWorker(Unknown Source) [?:1.8.0_401]
	at java.util.concurrent.ForkJoinWorkerThread.run(Unknown Source) [?:1.8.0_401]
[21:51:32] [ForkJoinPool.commonPool-worker-9/ERROR] [NotEnoughItems]: Removing item: moze_intel.projecte.gameObjs.items.tools.DarkHammer@5a3d2632 from list.
java.lang.NullPointerException
	at moze_intel.projecte.gameObjs.items.ItemCharge.getCharge(ItemCharge.java:57) ~[?:?]
	at moze_intel.projecte.gameObjs.items.ItemCharge.getDurabilityForDisplay(ItemCharge.java:30) ~[?:?]
	at codechicken.nei.ItemList$1.lambda$forceTagCompoundInitialization$6(ItemList.java:336) ~[?:?]
	at codechicken.nei.ItemList$1.runChecked(ItemList.java:310) ~[?:?]
	at codechicken.nei.ItemList$1.forceTagCompoundInitialization(ItemList.java:336) ~[?:?]
	at codechicken.nei.ItemList$1.lambda$execute$12(ItemList.java:401) ~[?:?]
	at java.util.stream.ForEachOps$ForEachOp$OfRef.accept(Unknown Source) [?:1.8.0_401]
	at java.util.Spliterators$ArraySpliterator.forEachRemaining(Unknown Source) [?:1.8.0_401]
	at java.util.stream.AbstractPipeline.copyInto(Unknown Source) [?:1.8.0_401]
	at java.util.stream.ForEachOps$ForEachTask.compute(Unknown Source) [?:1.8.0_401]
	at java.util.concurrent.CountedCompleter.exec(Unknown Source) [?:1.8.0_401]
	at java.util.concurrent.ForkJoinTask.doExec(Unknown Source) [?:1.8.0_401]
	at java.util.concurrent.ForkJoinPool$WorkQueue.execLocalTasks(Unknown Source) [?:1.8.0_401]
	at java.util.concurrent.ForkJoinPool$WorkQueue.runTask(Unknown Source) [?:1.8.0_401]
	at java.util.concurrent.ForkJoinPool.runWorker(Unknown Source) [?:1.8.0_401]
	at java.util.concurrent.ForkJoinWorkerThread.run(Unknown Source) [?:1.8.0_401]
[21:51:32] [ForkJoinPool.commonPool-worker-9/ERROR] [NotEnoughItems]: Removing item: moze_intel.projecte.gameObjs.items.tools.RedPick@4599ca8e from list.
java.lang.NullPointerException
	at moze_intel.projecte.gameObjs.items.ItemCharge.getCharge(ItemCharge.java:57) ~[?:?]
	at moze_intel.projecte.gameObjs.items.ItemCharge.getDurabilityForDisplay(ItemCharge.java:30) ~[?:?]
	at codechicken.nei.ItemList$1.lambda$forceTagCompoundInitialization$6(ItemList.java:336) ~[?:?]
	at codechicken.nei.ItemList$1.runChecked(ItemList.java:310) ~[?:?]
	at codechicken.nei.ItemList$1.forceTagCompoundInitialization(ItemList.java:336) ~[?:?]
	at codechicken.nei.ItemList$1.lambda$execute$12(ItemList.java:401) ~[?:?]
	at java.util.stream.ForEachOps$ForEachOp$OfRef.accept(Unknown Source) [?:1.8.0_401]
	at java.util.Spliterators$ArraySpliterator.forEachRemaining(Unknown Source) [?:1.8.0_401]
	at java.util.stream.AbstractPipeline.copyInto(Unknown Source) [?:1.8.0_401]
	at java.util.stream.ForEachOps$ForEachTask.compute(Unknown Source) [?:1.8.0_401]
	at java.util.concurrent.CountedCompleter.exec(Unknown Source) [?:1.8.0_401]
	at java.util.concurrent.ForkJoinTask.doExec(Unknown Source) [?:1.8.0_401]
	at java.util.concurrent.ForkJoinPool$WorkQueue.execLocalTasks(Unknown Source) [?:1.8.0_401]
	at java.util.concurrent.ForkJoinPool$WorkQueue.runTask(Unknown Source) [?:1.8.0_401]
	at java.util.concurrent.ForkJoinPool.runWorker(Unknown Source) [?:1.8.0_401]
	at java.util.concurrent.ForkJoinWorkerThread.run(Unknown Source) [?:1.8.0_401]
[21:51:32] [ForkJoinPool.commonPool-worker-9/ERROR] [NotEnoughItems]: Removing item: moze_intel.projecte.gameObjs.items.tools.RedAxe@1eb85807 from list.
java.lang.NullPointerException
	at moze_intel.projecte.gameObjs.items.ItemCharge.getCharge(ItemCharge.java:57) ~[?:?]
	at moze_intel.projecte.gameObjs.items.ItemCharge.getDurabilityForDisplay(ItemCharge.java:30) ~[?:?]
	at codechicken.nei.ItemList$1.lambda$forceTagCompoundInitialization$6(ItemList.java:336) ~[?:?]
	at codechicken.nei.ItemList$1.runChecked(ItemList.java:310) ~[?:?]
	at codechicken.nei.ItemList$1.forceTagCompoundInitialization(ItemList.java:336) ~[?:?]
	at codechicken.nei.ItemList$1.lambda$execute$12(ItemList.java:401) ~[?:?]
	at java.util.stream.ForEachOps$ForEachOp$OfRef.accept(Unknown Source) [?:1.8.0_401]
	at java.util.Spliterators$ArraySpliterator.forEachRemaining(Unknown Source) [?:1.8.0_401]
	at java.util.stream.AbstractPipeline.copyInto(Unknown Source) [?:1.8.0_401]
	at java.util.stream.ForEachOps$ForEachTask.compute(Unknown Source) [?:1.8.0_401]
	at java.util.concurrent.CountedCompleter.exec(Unknown Source) [?:1.8.0_401]
	at java.util.concurrent.ForkJoinTask.doExec(Unknown Source) [?:1.8.0_401]
	at java.util.concurrent.ForkJoinPool$WorkQueue.execLocalTasks(Unknown Source) [?:1.8.0_401]
	at java.util.concurrent.ForkJoinPool$WorkQueue.runTask(Unknown Source) [?:1.8.0_401]
	at java.util.concurrent.ForkJoinPool.runWorker(Unknown Source) [?:1.8.0_401]
	at java.util.concurrent.ForkJoinWorkerThread.run(Unknown Source) [?:1.8.0_401]
[21:51:32] [ForkJoinPool.commonPool-worker-9/ERROR] [NotEnoughItems]: Removing item: moze_intel.projecte.gameObjs.items.tools.RedShovel@a1d8915 from list.
java.lang.NullPointerException
	at moze_intel.projecte.gameObjs.items.ItemCharge.getCharge(ItemCharge.java:57) ~[?:?]
	at moze_intel.projecte.gameObjs.items.ItemCharge.getDurabilityForDisplay(ItemCharge.java:30) ~[?:?]
	at codechicken.nei.ItemList$1.lambda$forceTagCompoundInitialization$6(ItemList.java:336) ~[?:?]
	at codechicken.nei.ItemList$1.runChecked(ItemList.java:310) ~[?:?]
	at codechicken.nei.ItemList$1.forceTagCompoundInitialization(ItemList.java:336) ~[?:?]
	at codechicken.nei.ItemList$1.lambda$execute$12(ItemList.java:401) ~[?:?]
	at java.util.stream.ForEachOps$ForEachOp$OfRef.accept(Unknown Source) [?:1.8.0_401]
	at java.util.Spliterators$ArraySpliterator.forEachRemaining(Unknown Source) [?:1.8.0_401]
	at java.util.stream.AbstractPipeline.copyInto(Unknown Source) [?:1.8.0_401]
	at java.util.stream.ForEachOps$ForEachTask.compute(Unknown Source) [?:1.8.0_401]
	at java.util.concurrent.CountedCompleter.exec(Unknown Source) [?:1.8.0_401]
	at java.util.concurrent.ForkJoinTask.doExec(Unknown Source) [?:1.8.0_401]
	at java.util.concurrent.ForkJoinPool$WorkQueue.execLocalTasks(Unknown Source) [?:1.8.0_401]
	at java.util.concurrent.ForkJoinPool$WorkQueue.runTask(Unknown Source) [?:1.8.0_401]
	at java.util.concurrent.ForkJoinPool.runWorker(Unknown Source) [?:1.8.0_401]
	at java.util.concurrent.ForkJoinWorkerThread.run(Unknown Source) [?:1.8.0_401]
[21:51:32] [ForkJoinPool.commonPool-worker-9/ERROR] [NotEnoughItems]: Removing item: moze_intel.projecte.gameObjs.items.tools.RedSword@39a222d2 from list.
java.lang.NullPointerException
	at moze_intel.projecte.gameObjs.items.ItemCharge.getCharge(ItemCharge.java:57) ~[?:?]
	at moze_intel.projecte.gameObjs.items.ItemCharge.getDurabilityForDisplay(ItemCharge.java:30) ~[?:?]
	at codechicken.nei.ItemList$1.lambda$forceTagCompoundInitialization$6(ItemList.java:336) ~[?:?]
	at codechicken.nei.ItemList$1.runChecked(ItemList.java:310) ~[?:?]
	at codechicken.nei.ItemList$1.forceTagCompoundInitialization(ItemList.java:336) ~[?:?]
	at codechicken.nei.ItemList$1.lambda$execute$12(ItemList.java:401) ~[?:?]
	at java.util.stream.ForEachOps$ForEachOp$OfRef.accept(Unknown Source) [?:1.8.0_401]
	at java.util.Spliterators$ArraySpliterator.forEachRemaining(Unknown Source) [?:1.8.0_401]
	at java.util.stream.AbstractPipeline.copyInto(Unknown Source) [?:1.8.0_401]
	at java.util.stream.ForEachOps$ForEachTask.compute(Unknown Source) [?:1.8.0_401]
	at java.util.concurrent.CountedCompleter.exec(Unknown Source) [?:1.8.0_401]
	at java.util.concurrent.ForkJoinTask.doExec(Unknown Source) [?:1.8.0_401]
	at java.util.concurrent.ForkJoinPool$WorkQueue.execLocalTasks(Unknown Source) [?:1.8.0_401]
	at java.util.concurrent.ForkJoinPool$WorkQueue.runTask(Unknown Source) [?:1.8.0_401]
	at java.util.concurrent.ForkJoinPool.runWorker(Unknown Source) [?:1.8.0_401]
	at java.util.concurrent.ForkJoinWorkerThread.run(Unknown Source) [?:1.8.0_401]
[21:51:32] [ForkJoinPool.commonPool-worker-9/ERROR] [NotEnoughItems]: Removing item: moze_intel.projecte.gameObjs.items.tools.RedHoe@32e452d2 from list.
java.lang.NullPointerException
	at moze_intel.projecte.gameObjs.items.ItemCharge.getCharge(ItemCharge.java:57) ~[?:?]
	at moze_intel.projecte.gameObjs.items.ItemCharge.getDurabilityForDisplay(ItemCharge.java:30) ~[?:?]
	at codechicken.nei.ItemList$1.lambda$forceTagCompoundInitialization$6(ItemList.java:336) ~[?:?]
	at codechicken.nei.ItemList$1.runChecked(ItemList.java:310) ~[?:?]
	at codechicken.nei.ItemList$1.forceTagCompoundInitialization(ItemList.java:336) ~[?:?]
	at codechicken.nei.ItemList$1.lambda$execute$12(ItemList.java:401) ~[?:?]
	at java.util.stream.ForEachOps$ForEachOp$OfRef.accept(Unknown Source) [?:1.8.0_401]
	at java.util.Spliterators$ArraySpliterator.forEachRemaining(Unknown Source) [?:1.8.0_401]
	at java.util.stream.AbstractPipeline.copyInto(Unknown Source) [?:1.8.0_401]
	at java.util.stream.ForEachOps$ForEachTask.compute(Unknown Source) [?:1.8.0_401]
	at java.util.concurrent.CountedCompleter.exec(Unknown Source) [?:1.8.0_401]
	at java.util.concurrent.ForkJoinTask.doExec(Unknown Source) [?:1.8.0_401]
	at java.util.concurrent.ForkJoinPool$WorkQueue.execLocalTasks(Unknown Source) [?:1.8.0_401]
	at java.util.concurrent.ForkJoinPool$WorkQueue.runTask(Unknown Source) [?:1.8.0_401]
	at java.util.concurrent.ForkJoinPool.runWorker(Unknown Source) [?:1.8.0_401]
	at java.util.concurrent.ForkJoinWorkerThread.run(Unknown Source) [?:1.8.0_401]
[21:51:32] [ForkJoinPool.commonPool-worker-9/ERROR] [NotEnoughItems]: Removing item: moze_intel.projecte.gameObjs.items.tools.RedShears@6ec05ce9 from list.
java.lang.NullPointerException
	at moze_intel.projecte.gameObjs.items.ItemCharge.getCharge(ItemCharge.java:57) ~[?:?]
	at moze_intel.projecte.gameObjs.items.ItemCharge.getDurabilityForDisplay(ItemCharge.java:30) ~[?:?]
	at codechicken.nei.ItemList$1.lambda$forceTagCompoundInitialization$6(ItemList.java:336) ~[?:?]
	at codechicken.nei.ItemList$1.runChecked(ItemList.java:310) ~[?:?]
	at codechicken.nei.ItemList$1.forceTagCompoundInitialization(ItemList.java:336) ~[?:?]
	at codechicken.nei.ItemList$1.lambda$execute$12(ItemList.java:401) ~[?:?]
	at java.util.stream.ForEachOps$ForEachOp$OfRef.accept(Unknown Source) [?:1.8.0_401]
	at java.util.Spliterators$ArraySpliterator.forEachRemaining(Unknown Source) [?:1.8.0_401]
	at java.util.stream.AbstractPipeline.copyInto(Unknown Source) [?:1.8.0_401]
	at java.util.stream.ForEachOps$ForEachTask.compute(Unknown Source) [?:1.8.0_401]
	at java.util.concurrent.CountedCompleter.exec(Unknown Source) [?:1.8.0_401]
	at java.util.concurrent.ForkJoinTask.doExec(Unknown Source) [?:1.8.0_401]
	at java.util.concurrent.ForkJoinPool$WorkQueue.execLocalTasks(Unknown Source) [?:1.8.0_401]
	at java.util.concurrent.ForkJoinPool$WorkQueue.runTask(Unknown Source) [?:1.8.0_401]
	at java.util.concurrent.ForkJoinPool.runWorker(Unknown Source) [?:1.8.0_401]
	at java.util.concurrent.ForkJoinWorkerThread.run(Unknown Source) [?:1.8.0_401]
[21:51:32] [ForkJoinPool.commonPool-worker-9/ERROR] [NotEnoughItems]: Removing item: moze_intel.projecte.gameObjs.items.tools.RedHammer@8f33505 from list.
java.lang.NullPointerException
	at moze_intel.projecte.gameObjs.items.ItemCharge.getCharge(ItemCharge.java:57) ~[?:?]
	at moze_intel.projecte.gameObjs.items.ItemCharge.getDurabilityForDisplay(ItemCharge.java:30) ~[?:?]
	at codechicken.nei.ItemList$1.lambda$forceTagCompoundInitialization$6(ItemList.java:336) ~[?:?]
	at codechicken.nei.ItemList$1.runChecked(ItemList.java:310) ~[?:?]
	at codechicken.nei.ItemList$1.forceTagCompoundInitialization(ItemList.java:336) ~[?:?]
	at codechicken.nei.ItemList$1.lambda$execute$12(ItemList.java:401) ~[?:?]
	at java.util.stream.ForEachOps$ForEachOp$OfRef.accept(Unknown Source) [?:1.8.0_401]
	at java.util.Spliterators$ArraySpliterator.forEachRemaining(Unknown Source) [?:1.8.0_401]
	at java.util.stream.AbstractPipeline.copyInto(Unknown Source) [?:1.8.0_401]
	at java.util.stream.ForEachOps$ForEachTask.compute(Unknown Source) [?:1.8.0_401]
	at java.util.concurrent.CountedCompleter.exec(Unknown Source) [?:1.8.0_401]
	at java.util.concurrent.ForkJoinTask.doExec(Unknown Source) [?:1.8.0_401]
	at java.util.concurrent.ForkJoinPool$WorkQueue.execLocalTasks(Unknown Source) [?:1.8.0_401]
	at java.util.concurrent.ForkJoinPool$WorkQueue.runTask(Unknown Source) [?:1.8.0_401]
	at java.util.concurrent.ForkJoinPool.runWorker(Unknown Source) [?:1.8.0_401]
	at java.util.concurrent.ForkJoinWorkerThread.run(Unknown Source) [?:1.8.0_401]
[21:51:32] [ForkJoinPool.commonPool-worker-9/ERROR] [NotEnoughItems]: Removing item: moze_intel.projecte.gameObjs.items.tools.RedKatar@206f227b from list.
java.lang.NullPointerException
	at moze_intel.projecte.gameObjs.items.ItemCharge.getCharge(ItemCharge.java:57) ~[?:?]
	at moze_intel.projecte.gameObjs.items.ItemCharge.getDurabilityForDisplay(ItemCharge.java:30) ~[?:?]
	at codechicken.nei.ItemList$1.lambda$forceTagCompoundInitialization$6(ItemList.java:336) ~[?:?]
	at codechicken.nei.ItemList$1.runChecked(ItemList.java:310) ~[?:?]
	at codechicken.nei.ItemList$1.forceTagCompoundInitialization(ItemList.java:336) ~[?:?]
	at codechicken.nei.ItemList$1.lambda$execute$12(ItemList.java:401) ~[?:?]
	at java.util.stream.ForEachOps$ForEachOp$OfRef.accept(Unknown Source) [?:1.8.0_401]
	at java.util.Spliterators$ArraySpliterator.forEachRemaining(Unknown Source) [?:1.8.0_401]
	at java.util.stream.AbstractPipeline.copyInto(Unknown Source) [?:1.8.0_401]
	at java.util.stream.ForEachOps$ForEachTask.compute(Unknown Source) [?:1.8.0_401]
	at java.util.concurrent.CountedCompleter.exec(Unknown Source) [?:1.8.0_401]
	at java.util.concurrent.ForkJoinTask.doExec(Unknown Source) [?:1.8.0_401]
	at java.util.concurrent.ForkJoinPool$WorkQueue.execLocalTasks(Unknown Source) [?:1.8.0_401]
	at java.util.concurrent.ForkJoinPool$WorkQueue.runTask(Unknown Source) [?:1.8.0_401]
	at java.util.concurrent.ForkJoinPool.runWorker(Unknown Source) [?:1.8.0_401]
	at java.util.concurrent.ForkJoinWorkerThread.run(Unknown Source) [?:1.8.0_401]
[21:51:32] [ForkJoinPool.commonPool-worker-9/ERROR] [NotEnoughItems]: Removing item: moze_intel.projecte.gameObjs.items.tools.RedStar@308d8666 from list.
java.lang.NullPointerException
	at moze_intel.projecte.gameObjs.items.ItemCharge.getCharge(ItemCharge.java:57) ~[?:?]
	at moze_intel.projecte.gameObjs.items.ItemCharge.getDurabilityForDisplay(ItemCharge.java:30) ~[?:?]
	at codechicken.nei.ItemList$1.lambda$forceTagCompoundInitialization$6(ItemList.java:336) ~[?:?]
	at codechicken.nei.ItemList$1.runChecked(ItemList.java:310) ~[?:?]
	at codechicken.nei.ItemList$1.forceTagCompoundInitialization(ItemList.java:336) ~[?:?]
	at codechicken.nei.ItemList$1.lambda$execute$12(ItemList.java:401) ~[?:?]
	at java.util.stream.ForEachOps$ForEachOp$OfRef.accept(Unknown Source) [?:1.8.0_401]
	at java.util.Spliterators$ArraySpliterator.forEachRemaining(Unknown Source) [?:1.8.0_401]
	at java.util.stream.AbstractPipeline.copyInto(Unknown Source) [?:1.8.0_401]
	at java.util.stream.ForEachOps$ForEachTask.compute(Unknown Source) [?:1.8.0_401]
	at java.util.concurrent.CountedCompleter.exec(Unknown Source) [?:1.8.0_401]
	at java.util.concurrent.ForkJoinTask.doExec(Unknown Source) [?:1.8.0_401]
	at java.util.concurrent.ForkJoinPool$WorkQueue.execLocalTasks(Unknown Source) [?:1.8.0_401]
	at java.util.concurrent.ForkJoinPool$WorkQueue.runTask(Unknown Source) [?:1.8.0_401]
	at java.util.concurrent.ForkJoinPool.runWorker(Unknown Source) [?:1.8.0_401]
	at java.util.concurrent.ForkJoinWorkerThread.run(Unknown Source) [?:1.8.0_401]
[21:51:32] [ForkJoinPool.commonPool-worker-9/ERROR] [NotEnoughItems]: Removing item: moze_intel.projecte.gameObjs.items.rings.Zero@bae1d14 from list.
java.lang.NullPointerException
	at moze_intel.projecte.gameObjs.items.ItemCharge.getCharge(ItemCharge.java:57) ~[?:?]
	at moze_intel.projecte.gameObjs.items.ItemCharge.getDurabilityForDisplay(ItemCharge.java:30) ~[?:?]
	at codechicken.nei.ItemList$1.lambda$forceTagCompoundInitialization$6(ItemList.java:336) ~[?:?]
	at codechicken.nei.ItemList$1.runChecked(ItemList.java:310) ~[?:?]
	at codechicken.nei.ItemList$1.forceTagCompoundInitialization(ItemList.java:336) ~[?:?]
	at codechicken.nei.ItemList$1.lambda$execute$12(ItemList.java:401) ~[?:?]
	at java.util.stream.ForEachOps$ForEachOp$OfRef.accept(Unknown Source) [?:1.8.0_401]
	at java.util.Spliterators$ArraySpliterator.forEachRemaining(Unknown Source) [?:1.8.0_401]
	at java.util.stream.AbstractPipeline.copyInto(Unknown Source) [?:1.8.0_401]
	at java.util.stream.ForEachOps$ForEachTask.compute(Unknown Source) [?:1.8.0_401]
	at java.util.concurrent.CountedCompleter.exec(Unknown Source) [?:1.8.0_401]
	at java.util.concurrent.ForkJoinTask.doExec(Unknown Source) [?:1.8.0_401]
	at java.util.concurrent.ForkJoinPool$WorkQueue.execLocalTasks(Unknown Source) [?:1.8.0_401]
	at java.util.concurrent.ForkJoinPool$WorkQueue.runTask(Unknown Source) [?:1.8.0_401]
	at java.util.concurrent.ForkJoinPool.runWorker(Unknown Source) [?:1.8.0_401]
	at java.util.concurrent.ForkJoinWorkerThread.run(Unknown Source) [?:1.8.0_401]
[21:51:32] [ForkJoinPool.commonPool-worker-9/ERROR] [NotEnoughItems]: Removing item: moze_intel.projecte.gameObjs.items.TimeWatch@4752849c from list.
java.lang.NullPointerException
	at moze_intel.projecte.gameObjs.items.ItemCharge.getCharge(ItemCharge.java:57) ~[?:?]
	at moze_intel.projecte.gameObjs.items.ItemCharge.getDurabilityForDisplay(ItemCharge.java:30) ~[?:?]
	at codechicken.nei.ItemList$1.lambda$forceTagCompoundInitialization$6(ItemList.java:336) ~[?:?]
	at codechicken.nei.ItemList$1.runChecked(ItemList.java:310) ~[?:?]
	at codechicken.nei.ItemList$1.forceTagCompoundInitialization(ItemList.java:336) ~[?:?]
	at codechicken.nei.ItemList$1.lambda$execute$12(ItemList.java:401) ~[?:?]
	at java.util.stream.ForEachOps$ForEachOp$OfRef.accept(Unknown Source) [?:1.8.0_401]
	at java.util.Spliterators$ArraySpliterator.forEachRemaining(Unknown Source) [?:1.8.0_401]
	at java.util.stream.AbstractPipeline.copyInto(Unknown Source) [?:1.8.0_401]
	at java.util.stream.ForEachOps$ForEachTask.compute(Unknown Source) [?:1.8.0_401]
	at java.util.concurrent.CountedCompleter.exec(Unknown Source) [?:1.8.0_401]
	at java.util.concurrent.ForkJoinTask.doExec(Unknown Source) [?:1.8.0_401]
	at java.util.concurrent.ForkJoinPool$WorkQueue.execLocalTasks(Unknown Source) [?:1.8.0_401]
	at java.util.concurrent.ForkJoinPool$WorkQueue.runTask(Unknown Source) [?:1.8.0_401]
	at java.util.concurrent.ForkJoinPool.runWorker(Unknown Source) [?:1.8.0_401]
	at java.util.concurrent.ForkJoinWorkerThread.run(Unknown Source) [?:1.8.0_401]
[21:51:32] [ForkJoinPool.commonPool-worker-9/ERROR] [NotEnoughItems]: Removing item: moze_intel.projecte.gameObjs.items.MercurialEye@782cb03a from list.
java.lang.NullPointerException
	at moze_intel.projecte.gameObjs.items.ItemCharge.getCharge(ItemCharge.java:57) ~[?:?]
	at moze_intel.projecte.gameObjs.items.ItemCharge.getDurabilityForDisplay(ItemCharge.java:30) ~[?:?]
	at codechicken.nei.ItemList$1.lambda$forceTagCompoundInitialization$6(ItemList.java:336) ~[?:?]
	at codechicken.nei.ItemList$1.runChecked(ItemList.java:310) ~[?:?]
	at codechicken.nei.ItemList$1.forceTagCompoundInitialization(ItemList.java:336) ~[?:?]
	at codechicken.nei.ItemList$1.lambda$execute$12(ItemList.java:401) ~[?:?]
	at java.util.stream.ForEachOps$ForEachOp$OfRef.accept(Unknown Source) [?:1.8.0_401]
	at java.util.Spliterators$ArraySpliterator.forEachRemaining(Unknown Source) [?:1.8.0_401]
	at java.util.stream.AbstractPipeline.copyInto(Unknown Source) [?:1.8.0_401]
	at java.util.stream.ForEachOps$ForEachTask.compute(Unknown Source) [?:1.8.0_401]
	at java.util.concurrent.CountedCompleter.exec(Unknown Source) [?:1.8.0_401]
	at java.util.concurrent.ForkJoinTask.doExec(Unknown Source) [?:1.8.0_401]
	at java.util.concurrent.ForkJoinPool$WorkQueue.execLocalTasks(Unknown Source) [?:1.8.0_401]
	at java.util.concurrent.ForkJoinPool$WorkQueue.runTask(Unknown Source) [?:1.8.0_401]
	at java.util.concurrent.ForkJoinPool.runWorker(Unknown Source) [?:1.8.0_401]
	at java.util.concurrent.ForkJoinWorkerThread.run(Unknown Source) [?:1.8.0_401]
[21:51:32] [ForkJoinPool.commonPool-worker-9/ERROR] [NotEnoughItems]: Removing item: moze_intel.projecte.gameObjs.items.DestructionCatalyst@28407ddd from list.
java.lang.NullPointerException
	at moze_intel.projecte.gameObjs.items.ItemCharge.getCharge(ItemCharge.java:57) ~[?:?]
	at moze_intel.projecte.gameObjs.items.ItemCharge.getDurabilityForDisplay(ItemCharge.java:30) ~[?:?]
	at codechicken.nei.ItemList$1.lambda$forceTagCompoundInitialization$6(ItemList.java:336) ~[?:?]
	at codechicken.nei.ItemList$1.runChecked(ItemList.java:310) ~[?:?]
	at codechicken.nei.ItemList$1.forceTagCompoundInitialization(ItemList.java:336) ~[?:?]
	at codechicken.nei.ItemList$1.lambda$execute$12(ItemList.java:401) ~[?:?]
	at java.util.stream.ForEachOps$ForEachOp$OfRef.accept(Unknown Source) [?:1.8.0_401]
	at java.util.Spliterators$ArraySpliterator.forEachRemaining(Unknown Source) [?:1.8.0_401]
	at java.util.stream.AbstractPipeline.copyInto(Unknown Source) [?:1.8.0_401]
	at java.util.stream.ForEachOps$ForEachTask.compute(Unknown Source) [?:1.8.0_401]
	at java.util.concurrent.CountedCompleter.exec(Unknown Source) [?:1.8.0_401]
	at java.util.concurrent.ForkJoinTask.doExec(Unknown Source) [?:1.8.0_401]
	at java.util.concurrent.ForkJoinPool$WorkQueue.execLocalTasks(Unknown Source) [?:1.8.0_401]
	at java.util.concurrent.ForkJoinPool$WorkQueue.runTask(Unknown Source) [?:1.8.0_401]
	at java.util.concurrent.ForkJoinPool.runWorker(Unknown Source) [?:1.8.0_401]
	at java.util.concurrent.ForkJoinWorkerThread.run(Unknown Source) [?:1.8.0_401]
[21:51:32] [ForkJoinPool.commonPool-worker-9/ERROR] [NotEnoughItems]: Removing item: moze_intel.projecte.gameObjs.items.HyperkineticLens@7afd6440 from list.
java.lang.NullPointerException
	at moze_intel.projecte.gameObjs.items.ItemCharge.getCharge(ItemCharge.java:57) ~[?:?]
	at moze_intel.projecte.gameObjs.items.ItemCharge.getDurabilityForDisplay(ItemCharge.java:30) ~[?:?]
	at codechicken.nei.ItemList$1.lambda$forceTagCompoundInitialization$6(ItemList.java:336) ~[?:?]
	at codechicken.nei.ItemList$1.runChecked(ItemList.java:310) ~[?:?]
	at codechicken.nei.ItemList$1.forceTagCompoundInitialization(ItemList.java:336) ~[?:?]
	at codechicken.nei.ItemList$1.lambda$execute$12(ItemList.java:401) ~[?:?]
	at java.util.stream.ForEachOps$ForEachOp$OfRef.accept(Unknown Source) [?:1.8.0_401]
	at java.util.Spliterators$ArraySpliterator.forEachRemaining(Unknown Source) [?:1.8.0_401]
	at java.util.stream.AbstractPipeline.copyInto(Unknown Source) [?:1.8.0_401]
	at java.util.stream.ForEachOps$ForEachTask.compute(Unknown Source) [?:1.8.0_401]
	at java.util.concurrent.CountedCompleter.exec(Unknown Source) [?:1.8.0_401]
	at java.util.concurrent.ForkJoinTask.doExec(Unknown Source) [?:1.8.0_401]
	at java.util.concurrent.ForkJoinPool$WorkQueue.execLocalTasks(Unknown Source) [?:1.8.0_401]
	at java.util.concurrent.ForkJoinPool$WorkQueue.runTask(Unknown Source) [?:1.8.0_401]
	at java.util.concurrent.ForkJoinPool.runWorker(Unknown Source) [?:1.8.0_401]
	at java.util.concurrent.ForkJoinWorkerThread.run(Unknown Source) [?:1.8.0_401]
[21:51:32] [ForkJoinPool.commonPool-worker-9/ERROR] [NotEnoughItems]: Removing item: moze_intel.projecte.gameObjs.items.CataliticLens@44bea20b from list.
java.lang.NullPointerException
	at moze_intel.projecte.gameObjs.items.ItemCharge.getCharge(ItemCharge.java:57) ~[?:?]
	at moze_intel.projecte.gameObjs.items.ItemCharge.getDurabilityForDisplay(ItemCharge.java:30) ~[?:?]
	at codechicken.nei.ItemList$1.lambda$forceTagCompoundInitialization$6(ItemList.java:336) ~[?:?]
	at codechicken.nei.ItemList$1.runChecked(ItemList.java:310) ~[?:?]
	at codechicken.nei.ItemList$1.forceTagCompoundInitialization(ItemList.java:336) ~[?:?]
	at codechicken.nei.ItemList$1.lambda$execute$12(ItemList.java:401) ~[?:?]
	at java.util.stream.ForEachOps$ForEachOp$OfRef.accept(Unknown Source) [?:1.8.0_401]
	at java.util.Spliterators$ArraySpliterator.forEachRemaining(Unknown Source) [?:1.8.0_401]
	at java.util.stream.AbstractPipeline.copyInto(Unknown Source) [?:1.8.0_401]
	at java.util.stream.ForEachOps$ForEachTask.compute(Unknown Source) [?:1.8.0_401]
	at java.util.concurrent.CountedCompleter.exec(Unknown Source) [?:1.8.0_401]
	at java.util.concurrent.ForkJoinTask.doExec(Unknown Source) [?:1.8.0_401]
	at java.util.concurrent.ForkJoinPool$WorkQueue.execLocalTasks(Unknown Source) [?:1.8.0_401]
	at java.util.concurrent.ForkJoinPool$WorkQueue.runTask(Unknown Source) [?:1.8.0_401]
	at java.util.concurrent.ForkJoinPool.runWorker(Unknown Source) [?:1.8.0_401]
	at java.util.concurrent.ForkJoinWorkerThread.run(Unknown Source) [?:1.8.0_401]
[22:15:11] [main/INFO] [LaunchWrapper]: Loading tweak class name cpw.mods.fml.common.launcher.FMLTweaker
[22:15:11] [main/INFO] [LaunchWrapper]: Using primary tweak class name cpw.mods.fml.common.launcher.FMLTweaker
[22:15:11] [main/INFO] [LaunchWrapper]: Calling tweak class cpw.mods.fml.common.launcher.FMLTweaker
[22:18:02] [ForkJoinPool.commonPool-worker-3/DEBUG] [NotEnoughItems]: Loaded cofh.thermalfoundation.plugins.nei.NEIThermalFoundationConfig
[22:18:02] [ForkJoinPool.commonPool-worker-15/INFO] [Forestry]: Loading: Forestry NEI Integration
[22:18:02] [ForkJoinPool.commonPool-worker-4/DEBUG] [NotEnoughItems]: Loaded cofh.thermaldynamics.plugins.nei.NEIThermalDynamicsConfig
[22:18:02] [ForkJoinPool.commonPool-worker-4/DEBUG] [NotEnoughItems]: Loaded pixlepix.auracascade.main.NEIAuraConfig
[22:18:02] [ForkJoinPool.commonPool-worker-11/DEBUG] [NotEnoughItems]: Loaded ab.client.nei.NEIConfig
[22:18:02] [ForkJoinPool.commonPool-worker-8/DEBUG] [NotEnoughItems]: Loaded com.cleanroommc.modularui.integration.nei.NEIModularUIConfig
[22:18:02] [ForkJoinPool.commonPool-worker-13/DEBUG] [NotEnoughItems]: Loaded team.chisel.compat.nei.NEIChiselConfig
[22:18:02] [ForkJoinPool.commonPool-worker-8/DEBUG] [NotEnoughItems]: Loaded cpw.mods.ironchest.plugins.nei.NEIConfig
[22:18:02] [ForkJoinPool.commonPool-worker-11/DEBUG] [NotEnoughItems]: Loaded witchinggadgets.client.nei.NEIWGConfig
[22:18:02] [ForkJoinPool.commonPool-worker-6/DEBUG] [NotEnoughItems]: Loaded fox.spiteful.avaritia.compat.nei.NEIAvaritiaConfig
[22:18:02] [ForkJoinPool.commonPool-worker-6/DEBUG] [NotEnoughItems]: Loaded net.glease.tc4tweak.nei.NEIConfig
[22:18:02] [ForkJoinPool.commonPool-worker-6/DEBUG] [NotEnoughItems]: Loaded cofh.plugins.nei.NEICoFHConfig
[22:18:02] [ForkJoinPool.commonPool-worker-13/INFO] [Draconic Evolution]: Added NEI integration
[22:18:02] [ForkJoinPool.commonPool-worker-13/DEBUG] [NotEnoughItems]: Loaded com.brandon3055.draconicevolution.integration.nei.NEIDraconicevolutionConfig
[22:18:02] [ForkJoinPool.commonPool-worker-8/DEBUG] [mixin]: Mixing thaumcraft.client.gui.MixinGuiArcaneWorkbench_SingleWandReplacement from mixins.salisarcana.late.json into thaumcraft.client.gui.GuiArcaneWorkbench
[22:18:02] [ForkJoinPool.commonPool-worker-8/DEBUG] [mixin]: Mixing thaumcraft.client.gui.MixinGuiArcaneWorkbench_MissingResearch from mixins.salisarcana.late.json into thaumcraft.client.gui.GuiArcaneWorkbench
[22:18:02] [ForkJoinPool.commonPool-worker-3/DEBUG] [NotEnoughItems]: Loaded tconstruct.plugins.nei.NEITConstructConfig
[22:18:02] [ForkJoinPool.commonPool-worker-8/DEBUG] [NotEnoughItems]: Loaded dev.rndmorris.salisarcana.common.compat.NEIConfig
[22:18:02] [ForkJoinPool.commonPool-worker-9/ERROR] [NotEnoughItems]: Failed to Load flaxbeard.thaumicexploration.integration.nei.NEIConfig
java.lang.NullPointerException
	at flaxbeard.thaumicexploration.research.ReplicatorRecipes.canStackBeReplicated(ReplicatorRecipes.java:88) ~[?:?]
	at flaxbeard.thaumicexploration.integration.nei.ReplicatorHandler.init(ReplicatorHandler.java:157) ~[?:?]
	at flaxbeard.thaumicexploration.integration.nei.NEIConfig.loadConfig(NEIConfig.java:10) ~[?:?]
	at codechicken.nei.NEIClientConfig$23.lambda$run$0(NEIClientConfig.java:1002) ~[?:?]
	at java.util.stream.ForEachOps$ForEachOp$OfRef.accept(Unknown Source) [?:1.8.0_401]
	at java.util.HashMap$KeySpliterator.forEachRemaining(Unknown Source) [?:1.8.0_401]
	at java.util.stream.AbstractPipeline.copyInto(Unknown Source) [?:1.8.0_401]
	at java.util.stream.ForEachOps$ForEachTask.compute(Unknown Source) [?:1.8.0_401]
	at java.util.concurrent.CountedCompleter.exec(Unknown Source) [?:1.8.0_401]
	at java.util.concurrent.ForkJoinTask.doExec(Unknown Source) [?:1.8.0_401]
	at java.util.concurrent.ForkJoinPool$WorkQueue.runTask(Unknown Source) [?:1.8.0_401]
	at java.util.concurrent.ForkJoinPool.runWorker(Unknown Source) [?:1.8.0_401]
	at java.util.concurrent.ForkJoinWorkerThread.run(Unknown Source) [?:1.8.0_401]
[22:18:02] [ForkJoinPool.commonPool-worker-10/DEBUG] [NotEnoughItems]: Loaded vazkii.botania.client.integration.nei.NEIBotaniaConfig
[22:18:02] [ForkJoinPool.commonPool-worker-1/DEBUG] [NotEnoughItems]: Loaded WayofTime.alchemicalWizardry.client.nei.NEIConfig
[22:18:02] [ForkJoinPool.commonPool-worker-10/DEBUG] [NotEnoughItems]: Loaded wanion.avaritiaddons.plugins.nei.NEIConfig
[22:18:02] [ForkJoinPool.commonPool-worker-10/DEBUG] [NotEnoughItems]: Loaded tombenpotter.sanguimancy.compat.nei.NEIConfig
[22:18:02] [ForkJoinPool.commonPool-worker-1/DEBUG] [NotEnoughItems]: Loaded net.darkhax.bookshelf.client.nei.NEIBookshelfConfig
[22:18:02] [ForkJoinPool.commonPool-worker-4/DEBUG] [NotEnoughItems]: Loaded crazypants.enderio.nei.NEIEnderIOConfig
[22:18:02] [ForkJoinPool.commonPool-worker-15/DEBUG] [NotEnoughItems]: Loaded forestry.core.recipes.nei.NEIIntegrationConfig
[22:18:02] [ForkJoinPool.commonPool-worker-11/DEBUG] [NotEnoughItems]: Loaded cofh.thermalexpansion.plugins.nei.NEIThermalExpansionConfig
[22:18:02] [ForkJoinPool.commonPool-worker-2/DEBUG] [NotEnoughItems]: Loaded evilcraft.modcompat.nei.NEIEvilCraftConfig
[22:18:02] [ForkJoinPool.commonPool-worker-2/DEBUG] [NotEnoughItems]: Loaded com.gtnewhorizons.aspectrecipeindex.nei.NEIConfig
[22:18:02] [ForkJoinPool.commonPool-worker-2/INFO] [OpenMods]: openblocks.NEIOpenBlocksConfig.loadConfig(NEIOpenBlocksConfig.java:40): OpenBlocks NEI Integration loaded successfully
[22:18:02] [ForkJoinPool.commonPool-worker-2/DEBUG] [NotEnoughItems]: Loaded openblocks.NEIOpenBlocksConfig
[22:18:02] [ForkJoinPool.commonPool-worker-15/DEBUG] [NotEnoughItems]: Loaded com.emoniph.witchery.integration.NEIWitcheryConfig
[22:18:02] [ForkJoinPool.commonPool-worker-3/INFO] [extrautils]: Added NEI integration
[22:18:02] [ForkJoinPool.commonPool-worker-3/DEBUG] [NotEnoughItems]: Loaded com.rwtema.extrautils.nei.NEIInfoHandlerConfig
[22:18:02] [ForkJoinPool.commonPool-worker-3/INFO] [NotEnoughEnergistics]: -----Not Enough Energistics Init Start-----
[22:18:02] [ForkJoinPool.commonPool-worker-3/INFO] [NotEnoughEnergistics]: Install Vanilla Support
[22:18:02] [ForkJoinPool.commonPool-worker-3/INFO] [NotEnoughEnergistics]: Found Applied Energistics 2,install Applied Energistics 2 support
[22:18:02] [ForkJoinPool.commonPool-worker-3/INFO] [NotEnoughEnergistics]: Found Botania,install Botania support
[22:18:02] [ForkJoinPool.commonPool-worker-3/INFO] [NotEnoughEnergistics]: Found Avaritia, install Avaritia support
[22:18:02] [ForkJoinPool.commonPool-worker-3/INFO] [NotEnoughEnergistics]: Found EnderIO, install EnderIO support
[22:18:02] [ForkJoinPool.commonPool-worker-3/INFO] [NotEnoughEnergistics]: Found Forestry, install Forestry support
[22:18:02] [ForkJoinPool.commonPool-worker-3/INFO] [NotEnoughEnergistics]: Found Aspect Recipe Index, install Aspect Recipe Index support
[22:18:02] [ForkJoinPool.commonPool-worker-3/INFO] [NotEnoughEnergistics]: Found ThermalExpansion, install ThermalExpansion support
[22:18:02] [ForkJoinPool.commonPool-worker-3/INFO] [NotEnoughEnergistics]: Found BloodMagic, install BloodMagic support
[22:18:02] [ForkJoinPool.commonPool-worker-3/INFO] [NotEnoughEnergistics]: -----Not Enough Energistics Init  Finished-----
[22:18:02] [ForkJoinPool.commonPool-worker-3/INFO] [NotEnoughEnergistics]: NEIController replaced success
[22:18:02] [ForkJoinPool.commonPool-worker-3/INFO] [NotEnoughEnergistics]: Install ThaumicEnergistics support
[22:18:02] [ForkJoinPool.commonPool-worker-3/INFO] [NotEnoughEnergistics]: Install Avaritiaddons support
[22:18:02] [ForkJoinPool.commonPool-worker-3/DEBUG] [NotEnoughItems]: Loaded com.github.vfyjxf.nee.NEINeeConfig
[22:18:02] [ForkJoinPool.commonPool-worker-15/WARN] [FML]: NEI: Forced tag update with reason (showDurabilityBar) for 1xitem.manaTablet@0(vazkii.botania.common.item.ItemManaTablet@37ccf0f9)
[22:18:02] [ForkJoinPool.commonPool-worker-15/WARN] [FML]: NEI: Forced tag update with reason (getDamage) for 1xitem.manaMirror@0(vazkii.botania.common.item.ItemManaMirror@3af384d0)
[22:18:02] [ForkJoinPool.commonPool-worker-15/WARN] [FML]: NEI: Forced tag update with reason (getDamage) for 1xitem.manaRing@10000(vazkii.botania.common.item.equipment.bauble.ItemManaRing@2c2b5560)
[22:18:02] [ForkJoinPool.commonPool-worker-15/WARN] [FML]: NEI: Forced tag update with reason (getDamage) for 1xitem.manaRingGreater@10000(vazkii.botania.common.item.equipment.bauble.ItemGreaterManaRing@3df8985b)
[22:18:02] [ForkJoinPool.commonPool-worker-15/WARN] [FML]: NEI: Forced tag update with reason (getDamage) for 1xitem.manaInkwell@150(vazkii.botania.common.item.interaction.thaumcraft.ItemManaInkwell@47f19d62)
[22:18:02] [ForkJoinPool.commonPool-worker-15/WARN] [FML]: NEI: Forced tag update with reason (getDamage) for 1xitem.manaInkwell@0(vazkii.botania.common.item.interaction.thaumcraft.ItemManaInkwell@47f19d62)
[22:18:03] [ForkJoinPool.commonPool-worker-15/WARN] [FML]: NEI: Forced tag update with reason (getDamage) for 1xitem.mithrillManaRing@10000(ab.common.item.equipment.ItemMithrillRing@86a8f5)
[22:18:03] [ForkJoinPool.commonPool-worker-15/WARN] [FML]: NEI: Forced tag update with reason (getDamage) for 1xitem.nebulaManaRing@10000(ab.common.item.equipment.ItemNebulaRing@433e8bb1)
[22:18:03] [ForkJoinPool.commonPool-worker-15/WARN] [FML]: NEI: Forced tag update with reason (getDigSpeed) for 1xitem.mithrillMultiTool@0(ab.common.item.equipment.ItemMithrillMultiTool@507d7ad5)
[22:18:03] [ForkJoinPool.commonPool-worker-15/WARN] [FML]: NEI: Forced tag update with reason (showDurabilityBar) for 1xitem.hornPlenty@0(ab.common.item.relic.ItemHornPlenty@54c73a2)
[22:18:03] [ForkJoinPool.commonPool-worker-15/WARN] [FML]: NEI: Forced tag update with reason (getDamage) for 1xitem.nebulaHelm@0(ab.common.item.equipment.armor.ItemNebulaHelm@361442e6)
[22:18:03] [ForkJoinPool.commonPool-worker-15/WARN] [FML]: NEI: Forced tag update with reason (getDamage) for 1xitem.nebulaChest@0(ab.common.item.equipment.armor.ItemNebulaChest@5023e6e5)
[22:18:03] [ForkJoinPool.commonPool-worker-15/WARN] [FML]: NEI: Forced tag update with reason (getDamage) for 1xitem.nebulaLegs@0(ab.common.item.equipment.armor.ItemNebulaLegs@1e6e47df)
[22:18:03] [ForkJoinPool.commonPool-worker-15/WARN] [FML]: NEI: Forced tag update with reason (getDamage) for 1xitem.nebulaBoots@0(ab.common.item.equipment.armor.ItemNebulaBoots@5959b44d)
[22:18:03] [ForkJoinPool.commonPool-worker-15/WARN] [FML]: NEI: Forced tag update with reason (getDamage) for 1xitem.nebulaHelmRevealing@0(ab.common.item.equipment.armor.ItemNebulaHelmRevealing@53eeb152)
[22:18:03] [ForkJoinPool.commonPool-worker-15/WARN] [FML]: NEI: Forced tag update with reason (showDurabilityBar) for 1xitem.wirelessCraftingTerminal@0(ItemWirelessCraftingTerminal)
[22:18:03] [ForkJoinPool.commonPool-worker-15/WARN] [FML]: NEI: Forced tag update with reason (getDigSpeed) for 1xitem.boundPickaxe@0(WayofTime.alchemicalWizardry.common.items.BoundPickaxe@290ce054)
[22:18:03] [ForkJoinPool.commonPool-worker-15/WARN] [FML]: NEI: Forced tag update with reason (getDigSpeed) for 1xitem.boundAxe@0(WayofTime.alchemicalWizardry.common.items.BoundAxe@3924bba6)
[22:18:03] [ForkJoinPool.commonPool-worker-15/WARN] [FML]: NEI: Forced tag update with reason (getDigSpeed) for 1xitem.boundShovel@0(WayofTime.alchemicalWizardry.common.items.BoundShovel@12f5b565)
[22:18:03] [ForkJoinPool.commonPool-worker-15/WARN] [FML]: NEI: Forced tag update with reason (getToolClasses) for 1xitem.multiTool@0(WayofTime.alchemicalWizardry.api.items.ItemSpellMultiTool@2bb8ab6b)
[22:18:03] [ForkJoinPool.commonPool-worker-15/WARN] [FML]: NEI: Forced tag update with reason (getAttributeModifiers) for 1xitem.boundHelmetWater@0(WayofTime.alchemicalWizardry.common.items.armour.OmegaArmourWater@3e1dd8e8)
[22:18:03] [ForkJoinPool.commonPool-worker-15/WARN] [FML]: NEI: Forced tag update with reason (getAttributeModifiers) for 1xitem.boundPlateWater@0(WayofTime.alchemicalWizardry.common.items.armour.OmegaArmourWater@356d5aba)
[22:18:03] [ForkJoinPool.commonPool-worker-15/WARN] [FML]: NEI: Forced tag update with reason (getAttributeModifiers) for 1xitem.boundLeggingsWater@0(WayofTime.alchemicalWizardry.common.items.armour.OmegaArmourWater@103df21e)
[22:18:03] [ForkJoinPool.commonPool-worker-15/WARN] [FML]: NEI: Forced tag update with reason (getAttributeModifiers) for 1xitem.boundBootsWater@0(WayofTime.alchemicalWizardry.common.items.armour.OmegaArmourWater@588da5de)
[22:18:03] [ForkJoinPool.commonPool-worker-15/WARN] [FML]: NEI: Forced tag update with reason (getAttributeModifiers) for 1xitem.boundHelmetEarth@0(WayofTime.alchemicalWizardry.common.items.armour.OmegaArmourEarth@40663e91)
[22:18:03] [ForkJoinPool.commonPool-worker-15/WARN] [FML]: NEI: Forced tag update with reason (getAttributeModifiers) for 1xitem.boundPlateEarth@0(WayofTime.alchemicalWizardry.common.items.armour.OmegaArmourEarth@79b45466)
[22:18:03] [ForkJoinPool.commonPool-worker-15/WARN] [FML]: NEI: Forced tag update with reason (getAttributeModifiers) for 1xitem.boundLeggingsEarth@0(WayofTime.alchemicalWizardry.common.items.armour.OmegaArmourEarth@58835929)
[22:18:03] [ForkJoinPool.commonPool-worker-15/WARN] [FML]: NEI: Forced tag update with reason (getAttributeModifiers) for 1xitem.boundBootsEarth@0(WayofTime.alchemicalWizardry.common.items.armour.OmegaArmourEarth@45367038)
[22:18:03] [ForkJoinPool.commonPool-worker-15/WARN] [FML]: NEI: Forced tag update with reason (getAttributeModifiers) for 1xitem.boundHelmetWind@0(WayofTime.alchemicalWizardry.common.items.armour.OmegaArmourWind@45c0668c)
[22:18:03] [ForkJoinPool.commonPool-worker-15/WARN] [FML]: NEI: Forced tag update with reason (getAttributeModifiers) for 1xitem.boundPlateWind@0(WayofTime.alchemicalWizardry.common.items.armour.OmegaArmourWind@1da6ad19)
[22:18:03] [ForkJoinPool.commonPool-worker-15/WARN] [FML]: NEI: Forced tag update with reason (getAttributeModifiers) for 1xitem.boundLeggingsWind@0(WayofTime.alchemicalWizardry.common.items.armour.OmegaArmourWind@2e7f3ed0)
[22:18:03] [ForkJoinPool.commonPool-worker-15/WARN] [FML]: NEI: Forced tag update with reason (getAttributeModifiers) for 1xitem.boundBootsWind@0(WayofTime.alchemicalWizardry.common.items.armour.OmegaArmourWind@c0c814c)
[22:18:03] [ForkJoinPool.commonPool-worker-15/WARN] [FML]: NEI: Forced tag update with reason (getAttributeModifiers) for 1xitem.boundHelmetFire@0(WayofTime.alchemicalWizardry.common.items.armour.OmegaArmourFire@42dc675d)
[22:18:03] [ForkJoinPool.commonPool-worker-15/WARN] [FML]: NEI: Forced tag update with reason (getAttributeModifiers) for 1xitem.boundPlateFire@0(WayofTime.alchemicalWizardry.common.items.armour.OmegaArmourFire@5f7b7ff8)
[22:18:03] [ForkJoinPool.commonPool-worker-15/WARN] [FML]: NEI: Forced tag update with reason (getAttributeModifiers) for 1xitem.boundLeggingsFire@0(WayofTime.alchemicalWizardry.common.items.armour.OmegaArmourFire@503671b4)
[22:18:03] [ForkJoinPool.commonPool-worker-15/WARN] [FML]: NEI: Forced tag update with reason (getAttributeModifiers) for 1xitem.boundBootsFire@0(WayofTime.alchemicalWizardry.common.items.armour.OmegaArmourFire@e154ad)
[22:18:03] [ForkJoinPool.commonPool-worker-15/WARN] [FML]: NEI: Forced tag update with reason (isDamaged) for 1xitem.witchery:poppet@0(com.emoniph.witchery.item.ItemPoppet@ce8cec7)
[22:18:03] [ForkJoinPool.commonPool-worker-15/WARN] [FML]: NEI: Forced tag update with reason (isDamaged) for 1xitem.witchery:poppet@1(com.emoniph.witchery.item.ItemPoppet@ce8cec7)
[22:18:03] [ForkJoinPool.commonPool-worker-15/WARN] [FML]: NEI: Forced tag update with reason (isDamaged) for 1xitem.witchery:poppet@2(com.emoniph.witchery.item.ItemPoppet@ce8cec7)
[22:18:03] [ForkJoinPool.commonPool-worker-15/WARN] [FML]: NEI: Forced tag update with reason (isDamaged) for 1xitem.witchery:poppet@3(com.emoniph.witchery.item.ItemPoppet@ce8cec7)
[22:18:03] [ForkJoinPool.commonPool-worker-15/WARN] [FML]: NEI: Forced tag update with reason (isDamaged) for 1xitem.witchery:poppet@4(com.emoniph.witchery.item.ItemPoppet@ce8cec7)
[22:18:03] [ForkJoinPool.commonPool-worker-15/WARN] [FML]: NEI: Forced tag update with reason (isDamaged) for 1xitem.witchery:poppet@5(com.emoniph.witchery.item.ItemPoppet@ce8cec7)
[22:18:03] [ForkJoinPool.commonPool-worker-15/WARN] [FML]: NEI: Forced tag update with reason (isDamaged) for 1xitem.witchery:poppet@6(com.emoniph.witchery.item.ItemPoppet@ce8cec7)
[22:18:03] [ForkJoinPool.commonPool-worker-15/WARN] [FML]: NEI: Forced tag update with reason (isDamaged) for 1xitem.witchery:poppet@7(com.emoniph.witchery.item.ItemPoppet@ce8cec7)
[22:18:03] [ForkJoinPool.commonPool-worker-15/WARN] [FML]: NEI: Forced tag update with reason (isDamaged) for 1xitem.witchery:poppet@8(com.emoniph.witchery.item.ItemPoppet@ce8cec7)
[22:18:03] [ForkJoinPool.commonPool-worker-15/WARN] [FML]: NEI: Forced tag update with reason (isDamaged) for 1xitem.witchery:poppet@9(com.emoniph.witchery.item.ItemPoppet@ce8cec7)
[22:18:03] [ForkJoinPool.commonPool-worker-15/WARN] [FML]: NEI: Forced tag update with reason (isDamaged) for 1xitem.witchery:poppet@10(com.emoniph.witchery.item.ItemPoppet@ce8cec7)
[22:18:03] [ForkJoinPool.commonPool-worker-15/WARN] [FML]: NEI: Forced tag update with reason (isDamaged) for 1xitem.witchery:poppet@11(com.emoniph.witchery.item.ItemPoppet@ce8cec7)
[22:18:03] [ForkJoinPool.commonPool-worker-15/WARN] [FML]: NEI: Forced tag update with reason (getDigSpeed) for 1xitem.draconicevolution:draconicDistructionStaff@0(com.brandon3055.draconicevolution.common.items.tools.DraconicDistructionStaff@7d8b6b4)
[22:18:03] [ForkJoinPool.commonPool-worker-15/WARN] [FML]: NEI: Forced tag update with reason (getDigSpeed) for 1xitem.draconicevolution:draconicPickaxe@0(com.brandon3055.draconicevolution.common.items.tools.DraconicPickaxe@17a9398f)
[22:18:03] [ForkJoinPool.commonPool-worker-15/WARN] [FML]: NEI: Forced tag update with reason (getDigSpeed) for 1xitem.draconicevolution:draconicAxe@0(com.brandon3055.draconicevolution.common.items.tools.DraconicAxe@7eae7600)
[22:18:03] [ForkJoinPool.commonPool-worker-15/WARN] [FML]: NEI: Forced tag update with reason (getDigSpeed) for 1xitem.draconicevolution:draconicShovel@0(com.brandon3055.draconicevolution.common.items.tools.DraconicShovel@7ef09f77)
[22:18:03] [ForkJoinPool.commonPool-worker-15/WARN] [FML]: NEI: Forced tag update with reason (getDigSpeed) for 1xitem.draconicevolution:wyvernPickaxe@0(com.brandon3055.draconicevolution.common.items.tools.WyvernPickaxe@2ec9ca4f)
[22:18:03] [ForkJoinPool.commonPool-worker-15/WARN] [FML]: NEI: Forced tag update with reason (getDigSpeed) for 1xitem.draconicevolution:wyvernShovel@0(com.brandon3055.draconicevolution.common.items.tools.WyvernShovel@40e707a6)
[22:18:03] [ForkJoinPool.commonPool-worker-15/WARN] [FML]: NEI: Forced tag update with reason (getFluid) for 1xitem.items.boundBloodDrop@0(evilcraft.modcompat.bloodmagic.BoundBloodDrop@42de1f68)
[22:18:04] [ForkJoinPool.commonPool-worker-15/ERROR] [NotEnoughItems]: Removing item: moze_intel.projecte.gameObjs.items.PhilosophersStone@7b1f9a96 from list.
java.lang.NullPointerException
	at moze_intel.projecte.gameObjs.items.ItemCharge.getCharge(ItemCharge.java:57) ~[?:?]
	at moze_intel.projecte.gameObjs.items.ItemCharge.getDurabilityForDisplay(ItemCharge.java:30) ~[?:?]
	at codechicken.nei.ItemList$1.lambda$forceTagCompoundInitialization$6(ItemList.java:336) ~[?:?]
	at codechicken.nei.ItemList$1.runChecked(ItemList.java:310) ~[?:?]
	at codechicken.nei.ItemList$1.forceTagCompoundInitialization(ItemList.java:336) ~[?:?]
	at codechicken.nei.ItemList$1.lambda$execute$12(ItemList.java:401) ~[?:?]
	at java.util.stream.ForEachOps$ForEachOp$OfRef.accept(Unknown Source) [?:1.8.0_401]
	at java.util.Spliterators$ArraySpliterator.forEachRemaining(Unknown Source) [?:1.8.0_401]
	at java.util.stream.AbstractPipeline.copyInto(Unknown Source) [?:1.8.0_401]
	at java.util.stream.ForEachOps$ForEachTask.compute(Unknown Source) [?:1.8.0_401]
	at java.util.concurrent.CountedCompleter.exec(Unknown Source) [?:1.8.0_401]
	at java.util.concurrent.ForkJoinTask.doExec(Unknown Source) [?:1.8.0_401]
	at java.util.concurrent.ForkJoinPool$WorkQueue.execLocalTasks(Unknown Source) [?:1.8.0_401]
	at java.util.concurrent.ForkJoinPool$WorkQueue.runTask(Unknown Source) [?:1.8.0_401]
	at java.util.concurrent.ForkJoinPool.runWorker(Unknown Source) [?:1.8.0_401]
	at java.util.concurrent.ForkJoinWorkerThread.run(Unknown Source) [?:1.8.0_401]
[22:18:04] [ForkJoinPool.commonPool-worker-15/WARN] [FML]: NEI: Forced tag update with reason (getDurabilityForDisplay) for 1xitem.pe_klein_star@0(moze_intel.projecte.gameObjs.items.KleinStar@7fa99421)
[22:18:04] [ForkJoinPool.commonPool-worker-15/WARN] [FML]: NEI: Forced tag update with reason (getDurabilityForDisplay) for 1xitem.pe_klein_star@1(moze_intel.projecte.gameObjs.items.KleinStar@7fa99421)
[22:18:04] [ForkJoinPool.commonPool-worker-15/WARN] [FML]: NEI: Forced tag update with reason (getDurabilityForDisplay) for 1xitem.pe_klein_star@2(moze_intel.projecte.gameObjs.items.KleinStar@7fa99421)
[22:18:04] [ForkJoinPool.commonPool-worker-15/WARN] [FML]: NEI: Forced tag update with reason (getDurabilityForDisplay) for 1xitem.pe_klein_star@3(moze_intel.projecte.gameObjs.items.KleinStar@7fa99421)
[22:18:04] [ForkJoinPool.commonPool-worker-15/WARN] [FML]: NEI: Forced tag update with reason (getDurabilityForDisplay) for 1xitem.pe_klein_star@4(moze_intel.projecte.gameObjs.items.KleinStar@7fa99421)
[22:18:04] [ForkJoinPool.commonPool-worker-15/WARN] [FML]: NEI: Forced tag update with reason (getDurabilityForDisplay) for 1xitem.pe_klein_star@5(moze_intel.projecte.gameObjs.items.KleinStar@7fa99421)
[22:18:04] [ForkJoinPool.commonPool-worker-15/ERROR] [NotEnoughItems]: Removing item: moze_intel.projecte.gameObjs.items.tools.DarkPick@96ac6da from list.
java.lang.NullPointerException
	at moze_intel.projecte.gameObjs.items.ItemCharge.getCharge(ItemCharge.java:57) ~[?:?]
	at moze_intel.projecte.gameObjs.items.ItemCharge.getDurabilityForDisplay(ItemCharge.java:30) ~[?:?]
	at codechicken.nei.ItemList$1.lambda$forceTagCompoundInitialization$6(ItemList.java:336) ~[?:?]
	at codechicken.nei.ItemList$1.runChecked(ItemList.java:310) ~[?:?]
	at codechicken.nei.ItemList$1.forceTagCompoundInitialization(ItemList.java:336) ~[?:?]
	at codechicken.nei.ItemList$1.lambda$execute$12(ItemList.java:401) ~[?:?]
	at java.util.stream.ForEachOps$ForEachOp$OfRef.accept(Unknown Source) [?:1.8.0_401]
	at java.util.Spliterators$ArraySpliterator.forEachRemaining(Unknown Source) [?:1.8.0_401]
	at java.util.stream.AbstractPipeline.copyInto(Unknown Source) [?:1.8.0_401]
	at java.util.stream.ForEachOps$ForEachTask.compute(Unknown Source) [?:1.8.0_401]
	at java.util.concurrent.CountedCompleter.exec(Unknown Source) [?:1.8.0_401]
	at java.util.concurrent.ForkJoinTask.doExec(Unknown Source) [?:1.8.0_401]
	at java.util.concurrent.ForkJoinPool$WorkQueue.execLocalTasks(Unknown Source) [?:1.8.0_401]
	at java.util.concurrent.ForkJoinPool$WorkQueue.runTask(Unknown Source) [?:1.8.0_401]
	at java.util.concurrent.ForkJoinPool.runWorker(Unknown Source) [?:1.8.0_401]
	at java.util.concurrent.ForkJoinWorkerThread.run(Unknown Source) [?:1.8.0_401]
[22:18:04] [ForkJoinPool.commonPool-worker-15/ERROR] [NotEnoughItems]: Removing item: moze_intel.projecte.gameObjs.items.tools.DarkAxe@5a8f5ba5 from list.
java.lang.NullPointerException
	at moze_intel.projecte.gameObjs.items.ItemCharge.getCharge(ItemCharge.java:57) ~[?:?]
	at moze_intel.projecte.gameObjs.items.ItemCharge.getDurabilityForDisplay(ItemCharge.java:30) ~[?:?]
	at codechicken.nei.ItemList$1.lambda$forceTagCompoundInitialization$6(ItemList.java:336) ~[?:?]
	at codechicken.nei.ItemList$1.runChecked(ItemList.java:310) ~[?:?]
	at codechicken.nei.ItemList$1.forceTagCompoundInitialization(ItemList.java:336) ~[?:?]
	at codechicken.nei.ItemList$1.lambda$execute$12(ItemList.java:401) ~[?:?]
	at java.util.stream.ForEachOps$ForEachOp$OfRef.accept(Unknown Source) [?:1.8.0_401]
	at java.util.Spliterators$ArraySpliterator.forEachRemaining(Unknown Source) [?:1.8.0_401]
	at java.util.stream.AbstractPipeline.copyInto(Unknown Source) [?:1.8.0_401]
	at java.util.stream.ForEachOps$ForEachTask.compute(Unknown Source) [?:1.8.0_401]
	at java.util.concurrent.CountedCompleter.exec(Unknown Source) [?:1.8.0_401]
	at java.util.concurrent.ForkJoinTask.doExec(Unknown Source) [?:1.8.0_401]
	at java.util.concurrent.ForkJoinPool$WorkQueue.execLocalTasks(Unknown Source) [?:1.8.0_401]
	at java.util.concurrent.ForkJoinPool$WorkQueue.runTask(Unknown Source) [?:1.8.0_401]
	at java.util.concurrent.ForkJoinPool.runWorker(Unknown Source) [?:1.8.0_401]
	at java.util.concurrent.ForkJoinWorkerThread.run(Unknown Source) [?:1.8.0_401]
[22:18:04] [ForkJoinPool.commonPool-worker-15/ERROR] [NotEnoughItems]: Removing item: moze_intel.projecte.gameObjs.items.tools.DarkShovel@1cb6525f from list.
java.lang.NullPointerException
	at moze_intel.projecte.gameObjs.items.ItemCharge.getCharge(ItemCharge.java:57) ~[?:?]
	at moze_intel.projecte.gameObjs.items.ItemCharge.getDurabilityForDisplay(ItemCharge.java:30) ~[?:?]
	at codechicken.nei.ItemList$1.lambda$forceTagCompoundInitialization$6(ItemList.java:336) ~[?:?]
	at codechicken.nei.ItemList$1.runChecked(ItemList.java:310) ~[?:?]
	at codechicken.nei.ItemList$1.forceTagCompoundInitialization(ItemList.java:336) ~[?:?]
	at codechicken.nei.ItemList$1.lambda$execute$12(ItemList.java:401) ~[?:?]
	at java.util.stream.ForEachOps$ForEachOp$OfRef.accept(Unknown Source) [?:1.8.0_401]
	at java.util.Spliterators$ArraySpliterator.forEachRemaining(Unknown Source) [?:1.8.0_401]
	at java.util.stream.AbstractPipeline.copyInto(Unknown Source) [?:1.8.0_401]
	at java.util.stream.ForEachOps$ForEachTask.compute(Unknown Source) [?:1.8.0_401]
	at java.util.concurrent.CountedCompleter.exec(Unknown Source) [?:1.8.0_401]
	at java.util.concurrent.ForkJoinTask.doExec(Unknown Source) [?:1.8.0_401]
	at java.util.concurrent.ForkJoinPool$WorkQueue.execLocalTasks(Unknown Source) [?:1.8.0_401]
	at java.util.concurrent.ForkJoinPool$WorkQueue.runTask(Unknown Source) [?:1.8.0_401]
	at java.util.concurrent.ForkJoinPool.runWorker(Unknown Source) [?:1.8.0_401]
	at java.util.concurrent.ForkJoinWorkerThread.run(Unknown Source) [?:1.8.0_401]
[22:18:04] [ForkJoinPool.commonPool-worker-15/ERROR] [NotEnoughItems]: Removing item: moze_intel.projecte.gameObjs.items.tools.DarkSword@2cfe14c9 from list.
java.lang.NullPointerException
	at moze_intel.projecte.gameObjs.items.ItemCharge.getCharge(ItemCharge.java:57) ~[?:?]
	at moze_intel.projecte.gameObjs.items.ItemCharge.getDurabilityForDisplay(ItemCharge.java:30) ~[?:?]
	at codechicken.nei.ItemList$1.lambda$forceTagCompoundInitialization$6(ItemList.java:336) ~[?:?]
	at codechicken.nei.ItemList$1.runChecked(ItemList.java:310) ~[?:?]
	at codechicken.nei.ItemList$1.forceTagCompoundInitialization(ItemList.java:336) ~[?:?]
	at codechicken.nei.ItemList$1.lambda$execute$12(ItemList.java:401) ~[?:?]
	at java.util.stream.ForEachOps$ForEachOp$OfRef.accept(Unknown Source) [?:1.8.0_401]
	at java.util.Spliterators$ArraySpliterator.forEachRemaining(Unknown Source) [?:1.8.0_401]
	at java.util.stream.AbstractPipeline.copyInto(Unknown Source) [?:1.8.0_401]
	at java.util.stream.ForEachOps$ForEachTask.compute(Unknown Source) [?:1.8.0_401]
	at java.util.concurrent.CountedCompleter.exec(Unknown Source) [?:1.8.0_401]
	at java.util.concurrent.ForkJoinTask.doExec(Unknown Source) [?:1.8.0_401]
	at java.util.concurrent.ForkJoinPool$WorkQueue.execLocalTasks(Unknown Source) [?:1.8.0_401]
	at java.util.concurrent.ForkJoinPool$WorkQueue.runTask(Unknown Source) [?:1.8.0_401]
	at java.util.concurrent.ForkJoinPool.runWorker(Unknown Source) [?:1.8.0_401]
	at java.util.concurrent.ForkJoinWorkerThread.run(Unknown Source) [?:1.8.0_401]
[22:18:04] [ForkJoinPool.commonPool-worker-15/ERROR] [NotEnoughItems]: Removing item: moze_intel.projecte.gameObjs.items.tools.DarkHoe@737d4b9a from list.
java.lang.NullPointerException
	at moze_intel.projecte.gameObjs.items.ItemCharge.getCharge(ItemCharge.java:57) ~[?:?]
	at moze_intel.projecte.gameObjs.items.ItemCharge.getDurabilityForDisplay(ItemCharge.java:30) ~[?:?]
	at codechicken.nei.ItemList$1.lambda$forceTagCompoundInitialization$6(ItemList.java:336) ~[?:?]
	at codechicken.nei.ItemList$1.runChecked(ItemList.java:310) ~[?:?]
	at codechicken.nei.ItemList$1.forceTagCompoundInitialization(ItemList.java:336) ~[?:?]
	at codechicken.nei.ItemList$1.lambda$execute$12(ItemList.java:401) ~[?:?]
	at java.util.stream.ForEachOps$ForEachOp$OfRef.accept(Unknown Source) [?:1.8.0_401]
	at java.util.Spliterators$ArraySpliterator.forEachRemaining(Unknown Source) [?:1.8.0_401]
	at java.util.stream.AbstractPipeline.copyInto(Unknown Source) [?:1.8.0_401]
	at java.util.stream.ForEachOps$ForEachTask.compute(Unknown Source) [?:1.8.0_401]
	at java.util.concurrent.CountedCompleter.exec(Unknown Source) [?:1.8.0_401]
	at java.util.concurrent.ForkJoinTask.doExec(Unknown Source) [?:1.8.0_401]
	at java.util.concurrent.ForkJoinPool$WorkQueue.execLocalTasks(Unknown Source) [?:1.8.0_401]
	at java.util.concurrent.ForkJoinPool$WorkQueue.runTask(Unknown Source) [?:1.8.0_401]
	at java.util.concurrent.ForkJoinPool.runWorker(Unknown Source) [?:1.8.0_401]
	at java.util.concurrent.ForkJoinWorkerThread.run(Unknown Source) [?:1.8.0_401]
[22:18:04] [ForkJoinPool.commonPool-worker-15/ERROR] [NotEnoughItems]: Removing item: moze_intel.projecte.gameObjs.items.tools.DarkShears@538f6423 from list.
java.lang.NullPointerException
	at moze_intel.projecte.gameObjs.items.ItemCharge.getCharge(ItemCharge.java:57) ~[?:?]
	at moze_intel.projecte.gameObjs.items.ItemCharge.getDurabilityForDisplay(ItemCharge.java:30) ~[?:?]
	at codechicken.nei.ItemList$1.lambda$forceTagCompoundInitialization$6(ItemList.java:336) ~[?:?]
	at codechicken.nei.ItemList$1.runChecked(ItemList.java:310) ~[?:?]
	at codechicken.nei.ItemList$1.forceTagCompoundInitialization(ItemList.java:336) ~[?:?]
	at codechicken.nei.ItemList$1.lambda$execute$12(ItemList.java:401) ~[?:?]
	at java.util.stream.ForEachOps$ForEachOp$OfRef.accept(Unknown Source) [?:1.8.0_401]
	at java.util.Spliterators$ArraySpliterator.forEachRemaining(Unknown Source) [?:1.8.0_401]
	at java.util.stream.AbstractPipeline.copyInto(Unknown Source) [?:1.8.0_401]
	at java.util.stream.ForEachOps$ForEachTask.compute(Unknown Source) [?:1.8.0_401]
	at java.util.concurrent.CountedCompleter.exec(Unknown Source) [?:1.8.0_401]
	at java.util.concurrent.ForkJoinTask.doExec(Unknown Source) [?:1.8.0_401]
	at java.util.concurrent.ForkJoinPool$WorkQueue.execLocalTasks(Unknown Source) [?:1.8.0_401]
	at java.util.concurrent.ForkJoinPool$WorkQueue.runTask(Unknown Source) [?:1.8.0_401]
	at java.util.concurrent.ForkJoinPool.runWorker(Unknown Source) [?:1.8.0_401]
	at java.util.concurrent.ForkJoinWorkerThread.run(Unknown Source) [?:1.8.0_401]
[22:18:04] [ForkJoinPool.commonPool-worker-15/ERROR] [NotEnoughItems]: Removing item: moze_intel.projecte.gameObjs.items.tools.DarkHammer@7d85f0a7 from list.
java.lang.NullPointerException
	at moze_intel.projecte.gameObjs.items.ItemCharge.getCharge(ItemCharge.java:57) ~[?:?]
	at moze_intel.projecte.gameObjs.items.ItemCharge.getDurabilityForDisplay(ItemCharge.java:30) ~[?:?]
	at codechicken.nei.ItemList$1.lambda$forceTagCompoundInitialization$6(ItemList.java:336) ~[?:?]
	at codechicken.nei.ItemList$1.runChecked(ItemList.java:310) ~[?:?]
	at codechicken.nei.ItemList$1.forceTagCompoundInitialization(ItemList.java:336) ~[?:?]
	at codechicken.nei.ItemList$1.lambda$execute$12(ItemList.java:401) ~[?:?]
	at java.util.stream.ForEachOps$ForEachOp$OfRef.accept(Unknown Source) [?:1.8.0_401]
	at java.util.Spliterators$ArraySpliterator.forEachRemaining(Unknown Source) [?:1.8.0_401]
	at java.util.stream.AbstractPipeline.copyInto(Unknown Source) [?:1.8.0_401]
	at java.util.stream.ForEachOps$ForEachTask.compute(Unknown Source) [?:1.8.0_401]
	at java.util.concurrent.CountedCompleter.exec(Unknown Source) [?:1.8.0_401]
	at java.util.concurrent.ForkJoinTask.doExec(Unknown Source) [?:1.8.0_401]
	at java.util.concurrent.ForkJoinPool$WorkQueue.execLocalTasks(Unknown Source) [?:1.8.0_401]
	at java.util.concurrent.ForkJoinPool$WorkQueue.runTask(Unknown Source) [?:1.8.0_401]
	at java.util.concurrent.ForkJoinPool.runWorker(Unknown Source) [?:1.8.0_401]
	at java.util.concurrent.ForkJoinWorkerThread.run(Unknown Source) [?:1.8.0_401]
[22:18:04] [ForkJoinPool.commonPool-worker-15/ERROR] [NotEnoughItems]: Removing item: moze_intel.projecte.gameObjs.items.tools.RedPick@2181eb82 from list.
java.lang.NullPointerException
	at moze_intel.projecte.gameObjs.items.ItemCharge.getCharge(ItemCharge.java:57) ~[?:?]
	at moze_intel.projecte.gameObjs.items.ItemCharge.getDurabilityForDisplay(ItemCharge.java:30) ~[?:?]
	at codechicken.nei.ItemList$1.lambda$forceTagCompoundInitialization$6(ItemList.java:336) ~[?:?]
	at codechicken.nei.ItemList$1.runChecked(ItemList.java:310) ~[?:?]
	at codechicken.nei.ItemList$1.forceTagCompoundInitialization(ItemList.java:336) ~[?:?]
	at codechicken.nei.ItemList$1.lambda$execute$12(ItemList.java:401) ~[?:?]
	at java.util.stream.ForEachOps$ForEachOp$OfRef.accept(Unknown Source) [?:1.8.0_401]
	at java.util.Spliterators$ArraySpliterator.forEachRemaining(Unknown Source) [?:1.8.0_401]
	at java.util.stream.AbstractPipeline.copyInto(Unknown Source) [?:1.8.0_401]
	at java.util.stream.ForEachOps$ForEachTask.compute(Unknown Source) [?:1.8.0_401]
	at java.util.concurrent.CountedCompleter.exec(Unknown Source) [?:1.8.0_401]
	at java.util.concurrent.ForkJoinTask.doExec(Unknown Source) [?:1.8.0_401]
	at java.util.concurrent.ForkJoinPool$WorkQueue.execLocalTasks(Unknown Source) [?:1.8.0_401]
	at java.util.concurrent.ForkJoinPool$WorkQueue.runTask(Unknown Source) [?:1.8.0_401]
	at java.util.concurrent.ForkJoinPool.runWorker(Unknown Source) [?:1.8.0_401]
	at java.util.concurrent.ForkJoinWorkerThread.run(Unknown Source) [?:1.8.0_401]
[22:18:04] [ForkJoinPool.commonPool-worker-15/ERROR] [NotEnoughItems]: Removing item: moze_intel.projecte.gameObjs.items.tools.RedAxe@383945b3 from list.
java.lang.NullPointerException
	at moze_intel.projecte.gameObjs.items.ItemCharge.getCharge(ItemCharge.java:57) ~[?:?]
	at moze_intel.projecte.gameObjs.items.ItemCharge.getDurabilityForDisplay(ItemCharge.java:30) ~[?:?]
	at codechicken.nei.ItemList$1.lambda$forceTagCompoundInitialization$6(ItemList.java:336) ~[?:?]
	at codechicken.nei.ItemList$1.runChecked(ItemList.java:310) ~[?:?]
	at codechicken.nei.ItemList$1.forceTagCompoundInitialization(ItemList.java:336) ~[?:?]
	at codechicken.nei.ItemList$1.lambda$execute$12(ItemList.java:401) ~[?:?]
	at java.util.stream.ForEachOps$ForEachOp$OfRef.accept(Unknown Source) [?:1.8.0_401]
	at java.util.Spliterators$ArraySpliterator.forEachRemaining(Unknown Source) [?:1.8.0_401]
	at java.util.stream.AbstractPipeline.copyInto(Unknown Source) [?:1.8.0_401]
	at java.util.stream.ForEachOps$ForEachTask.compute(Unknown Source) [?:1.8.0_401]
	at java.util.concurrent.CountedCompleter.exec(Unknown Source) [?:1.8.0_401]
	at java.util.concurrent.ForkJoinTask.doExec(Unknown Source) [?:1.8.0_401]
	at java.util.concurrent.ForkJoinPool$WorkQueue.execLocalTasks(Unknown Source) [?:1.8.0_401]
	at java.util.concurrent.ForkJoinPool$WorkQueue.runTask(Unknown Source) [?:1.8.0_401]
	at java.util.concurrent.ForkJoinPool.runWorker(Unknown Source) [?:1.8.0_401]
	at java.util.concurrent.ForkJoinWorkerThread.run(Unknown Source) [?:1.8.0_401]
[22:18:04] [ForkJoinPool.commonPool-worker-15/ERROR] [NotEnoughItems]: Removing item: moze_intel.projecte.gameObjs.items.tools.RedShovel@103f90eb from list.
java.lang.NullPointerException
	at moze_intel.projecte.gameObjs.items.ItemCharge.getCharge(ItemCharge.java:57) ~[?:?]
	at moze_intel.projecte.gameObjs.items.ItemCharge.getDurabilityForDisplay(ItemCharge.java:30) ~[?:?]
	at codechicken.nei.ItemList$1.lambda$forceTagCompoundInitialization$6(ItemList.java:336) ~[?:?]
	at codechicken.nei.ItemList$1.runChecked(ItemList.java:310) ~[?:?]
	at codechicken.nei.ItemList$1.forceTagCompoundInitialization(ItemList.java:336) ~[?:?]
	at codechicken.nei.ItemList$1.lambda$execute$12(ItemList.java:401) ~[?:?]
	at java.util.stream.ForEachOps$ForEachOp$OfRef.accept(Unknown Source) [?:1.8.0_401]
	at java.util.Spliterators$ArraySpliterator.forEachRemaining(Unknown Source) [?:1.8.0_401]
	at java.util.stream.AbstractPipeline.copyInto(Unknown Source) [?:1.8.0_401]
	at java.util.stream.ForEachOps$ForEachTask.compute(Unknown Source) [?:1.8.0_401]
	at java.util.concurrent.CountedCompleter.exec(Unknown Source) [?:1.8.0_401]
	at java.util.concurrent.ForkJoinTask.doExec(Unknown Source) [?:1.8.0_401]
	at java.util.concurrent.ForkJoinPool$WorkQueue.execLocalTasks(Unknown Source) [?:1.8.0_401]
	at java.util.concurrent.ForkJoinPool$WorkQueue.runTask(Unknown Source) [?:1.8.0_401]
	at java.util.concurrent.ForkJoinPool.runWorker(Unknown Source) [?:1.8.0_401]
	at java.util.concurrent.ForkJoinWorkerThread.run(Unknown Source) [?:1.8.0_401]
[22:18:04] [ForkJoinPool.commonPool-worker-15/ERROR] [NotEnoughItems]: Removing item: moze_intel.projecte.gameObjs.items.tools.RedSword@42ed4a83 from list.
java.lang.NullPointerException
	at moze_intel.projecte.gameObjs.items.ItemCharge.getCharge(ItemCharge.java:57) ~[?:?]
	at moze_intel.projecte.gameObjs.items.ItemCharge.getDurabilityForDisplay(ItemCharge.java:30) ~[?:?]
	at codechicken.nei.ItemList$1.lambda$forceTagCompoundInitialization$6(ItemList.java:336) ~[?:?]
	at codechicken.nei.ItemList$1.runChecked(ItemList.java:310) ~[?:?]
	at codechicken.nei.ItemList$1.forceTagCompoundInitialization(ItemList.java:336) ~[?:?]
	at codechicken.nei.ItemList$1.lambda$execute$12(ItemList.java:401) ~[?:?]
	at java.util.stream.ForEachOps$ForEachOp$OfRef.accept(Unknown Source) [?:1.8.0_401]
	at java.util.Spliterators$ArraySpliterator.forEachRemaining(Unknown Source) [?:1.8.0_401]
	at java.util.stream.AbstractPipeline.copyInto(Unknown Source) [?:1.8.0_401]
	at java.util.stream.ForEachOps$ForEachTask.compute(Unknown Source) [?:1.8.0_401]
	at java.util.concurrent.CountedCompleter.exec(Unknown Source) [?:1.8.0_401]
	at java.util.concurrent.ForkJoinTask.doExec(Unknown Source) [?:1.8.0_401]
	at java.util.concurrent.ForkJoinPool$WorkQueue.execLocalTasks(Unknown Source) [?:1.8.0_401]
	at java.util.concurrent.ForkJoinPool$WorkQueue.runTask(Unknown Source) [?:1.8.0_401]
	at java.util.concurrent.ForkJoinPool.runWorker(Unknown Source) [?:1.8.0_401]
	at java.util.concurrent.ForkJoinWorkerThread.run(Unknown Source) [?:1.8.0_401]
[22:18:04] [ForkJoinPool.commonPool-worker-15/ERROR] [NotEnoughItems]: Removing item: moze_intel.projecte.gameObjs.items.tools.RedHoe@6c9e64a7 from list.
java.lang.NullPointerException
	at moze_intel.projecte.gameObjs.items.ItemCharge.getCharge(ItemCharge.java:57) ~[?:?]
	at moze_intel.projecte.gameObjs.items.ItemCharge.getDurabilityForDisplay(ItemCharge.java:30) ~[?:?]
	at codechicken.nei.ItemList$1.lambda$forceTagCompoundInitialization$6(ItemList.java:336) ~[?:?]
	at codechicken.nei.ItemList$1.runChecked(ItemList.java:310) ~[?:?]
	at codechicken.nei.ItemList$1.forceTagCompoundInitialization(ItemList.java:336) ~[?:?]
	at codechicken.nei.ItemList$1.lambda$execute$12(ItemList.java:401) ~[?:?]
	at java.util.stream.ForEachOps$ForEachOp$OfRef.accept(Unknown Source) [?:1.8.0_401]
	at java.util.Spliterators$ArraySpliterator.forEachRemaining(Unknown Source) [?:1.8.0_401]
	at java.util.stream.AbstractPipeline.copyInto(Unknown Source) [?:1.8.0_401]
	at java.util.stream.ForEachOps$ForEachTask.compute(Unknown Source) [?:1.8.0_401]
	at java.util.concurrent.CountedCompleter.exec(Unknown Source) [?:1.8.0_401]
	at java.util.concurrent.ForkJoinTask.doExec(Unknown Source) [?:1.8.0_401]
	at java.util.concurrent.ForkJoinPool$WorkQueue.execLocalTasks(Unknown Source) [?:1.8.0_401]
	at java.util.concurrent.ForkJoinPool$WorkQueue.runTask(Unknown Source) [?:1.8.0_401]
	at java.util.concurrent.ForkJoinPool.runWorker(Unknown Source) [?:1.8.0_401]
	at java.util.concurrent.ForkJoinWorkerThread.run(Unknown Source) [?:1.8.0_401]
[22:18:04] [ForkJoinPool.commonPool-worker-15/ERROR] [NotEnoughItems]: Removing item: moze_intel.projecte.gameObjs.items.tools.RedShears@1e78b05a from list.
java.lang.NullPointerException
	at moze_intel.projecte.gameObjs.items.ItemCharge.getCharge(ItemCharge.java:57) ~[?:?]
	at moze_intel.projecte.gameObjs.items.ItemCharge.getDurabilityForDisplay(ItemCharge.java:30) ~[?:?]
	at codechicken.nei.ItemList$1.lambda$forceTagCompoundInitialization$6(ItemList.java:336) ~[?:?]
	at codechicken.nei.ItemList$1.runChecked(ItemList.java:310) ~[?:?]
	at codechicken.nei.ItemList$1.forceTagCompoundInitialization(ItemList.java:336) ~[?:?]
	at codechicken.nei.ItemList$1.lambda$execute$12(ItemList.java:401) ~[?:?]
	at java.util.stream.ForEachOps$ForEachOp$OfRef.accept(Unknown Source) [?:1.8.0_401]
	at java.util.Spliterators$ArraySpliterator.forEachRemaining(Unknown Source) [?:1.8.0_401]
	at java.util.stream.AbstractPipeline.copyInto(Unknown Source) [?:1.8.0_401]
	at java.util.stream.ForEachOps$ForEachTask.compute(Unknown Source) [?:1.8.0_401]
	at java.util.concurrent.CountedCompleter.exec(Unknown Source) [?:1.8.0_401]
	at java.util.concurrent.ForkJoinTask.doExec(Unknown Source) [?:1.8.0_401]
	at java.util.concurrent.ForkJoinPool$WorkQueue.execLocalTasks(Unknown Source) [?:1.8.0_401]
	at java.util.concurrent.ForkJoinPool$WorkQueue.runTask(Unknown Source) [?:1.8.0_401]
	at java.util.concurrent.ForkJoinPool.runWorker(Unknown Source) [?:1.8.0_401]
	at java.util.concurrent.ForkJoinWorkerThread.run(Unknown Source) [?:1.8.0_401]
[22:18:04] [ForkJoinPool.commonPool-worker-15/ERROR] [NotEnoughItems]: Removing item: moze_intel.projecte.gameObjs.items.tools.RedHammer@72acc3b6 from list.
java.lang.NullPointerException
	at moze_intel.projecte.gameObjs.items.ItemCharge.getCharge(ItemCharge.java:57) ~[?:?]
	at moze_intel.projecte.gameObjs.items.ItemCharge.getDurabilityForDisplay(ItemCharge.java:30) ~[?:?]
	at codechicken.nei.ItemList$1.lambda$forceTagCompoundInitialization$6(ItemList.java:336) ~[?:?]
	at codechicken.nei.ItemList$1.runChecked(ItemList.java:310) ~[?:?]
	at codechicken.nei.ItemList$1.forceTagCompoundInitialization(ItemList.java:336) ~[?:?]
	at codechicken.nei.ItemList$1.lambda$execute$12(ItemList.java:401) ~[?:?]
	at java.util.stream.ForEachOps$ForEachOp$OfRef.accept(Unknown Source) [?:1.8.0_401]
	at java.util.Spliterators$ArraySpliterator.forEachRemaining(Unknown Source) [?:1.8.0_401]
	at java.util.stream.AbstractPipeline.copyInto(Unknown Source) [?:1.8.0_401]
	at java.util.stream.ForEachOps$ForEachTask.compute(Unknown Source) [?:1.8.0_401]
	at java.util.concurrent.CountedCompleter.exec(Unknown Source) [?:1.8.0_401]
	at java.util.concurrent.ForkJoinTask.doExec(Unknown Source) [?:1.8.0_401]
	at java.util.concurrent.ForkJoinPool$WorkQueue.execLocalTasks(Unknown Source) [?:1.8.0_401]
	at java.util.concurrent.ForkJoinPool$WorkQueue.runTask(Unknown Source) [?:1.8.0_401]
	at java.util.concurrent.ForkJoinPool.runWorker(Unknown Source) [?:1.8.0_401]
	at java.util.concurrent.ForkJoinWorkerThread.run(Unknown Source) [?:1.8.0_401]
[22:18:04] [ForkJoinPool.commonPool-worker-15/ERROR] [NotEnoughItems]: Removing item: moze_intel.projecte.gameObjs.items.tools.RedKatar@5a3d2632 from list.
java.lang.NullPointerException
	at moze_intel.projecte.gameObjs.items.ItemCharge.getCharge(ItemCharge.java:57) ~[?:?]
	at moze_intel.projecte.gameObjs.items.ItemCharge.getDurabilityForDisplay(ItemCharge.java:30) ~[?:?]
	at codechicken.nei.ItemList$1.lambda$forceTagCompoundInitialization$6(ItemList.java:336) ~[?:?]
	at codechicken.nei.ItemList$1.runChecked(ItemList.java:310) ~[?:?]
	at codechicken.nei.ItemList$1.forceTagCompoundInitialization(ItemList.java:336) ~[?:?]
	at codechicken.nei.ItemList$1.lambda$execute$12(ItemList.java:401) ~[?:?]
	at java.util.stream.ForEachOps$ForEachOp$OfRef.accept(Unknown Source) [?:1.8.0_401]
	at java.util.Spliterators$ArraySpliterator.forEachRemaining(Unknown Source) [?:1.8.0_401]
	at java.util.stream.AbstractPipeline.copyInto(Unknown Source) [?:1.8.0_401]
	at java.util.stream.ForEachOps$ForEachTask.compute(Unknown Source) [?:1.8.0_401]
	at java.util.concurrent.CountedCompleter.exec(Unknown Source) [?:1.8.0_401]
	at java.util.concurrent.ForkJoinTask.doExec(Unknown Source) [?:1.8.0_401]
	at java.util.concurrent.ForkJoinPool$WorkQueue.execLocalTasks(Unknown Source) [?:1.8.0_401]
	at java.util.concurrent.ForkJoinPool$WorkQueue.runTask(Unknown Source) [?:1.8.0_401]
	at java.util.concurrent.ForkJoinPool.runWorker(Unknown Source) [?:1.8.0_401]
	at java.util.concurrent.ForkJoinWorkerThread.run(Unknown Source) [?:1.8.0_401]
[22:18:04] [ForkJoinPool.commonPool-worker-15/ERROR] [NotEnoughItems]: Removing item: moze_intel.projecte.gameObjs.items.tools.RedStar@4599ca8e from list.
java.lang.NullPointerException
	at moze_intel.projecte.gameObjs.items.ItemCharge.getCharge(ItemCharge.java:57) ~[?:?]
	at moze_intel.projecte.gameObjs.items.ItemCharge.getDurabilityForDisplay(ItemCharge.java:30) ~[?:?]
	at codechicken.nei.ItemList$1.lambda$forceTagCompoundInitialization$6(ItemList.java:336) ~[?:?]
	at codechicken.nei.ItemList$1.runChecked(ItemList.java:310) ~[?:?]
	at codechicken.nei.ItemList$1.forceTagCompoundInitialization(ItemList.java:336) ~[?:?]
	at codechicken.nei.ItemList$1.lambda$execute$12(ItemList.java:401) ~[?:?]
	at java.util.stream.ForEachOps$ForEachOp$OfRef.accept(Unknown Source) [?:1.8.0_401]
	at java.util.Spliterators$ArraySpliterator.forEachRemaining(Unknown Source) [?:1.8.0_401]
	at java.util.stream.AbstractPipeline.copyInto(Unknown Source) [?:1.8.0_401]
	at java.util.stream.ForEachOps$ForEachTask.compute(Unknown Source) [?:1.8.0_401]
	at java.util.concurrent.CountedCompleter.exec(Unknown Source) [?:1.8.0_401]
	at java.util.concurrent.ForkJoinTask.doExec(Unknown Source) [?:1.8.0_401]
	at java.util.concurrent.ForkJoinPool$WorkQueue.execLocalTasks(Unknown Source) [?:1.8.0_401]
	at java.util.concurrent.ForkJoinPool$WorkQueue.runTask(Unknown Source) [?:1.8.0_401]
	at java.util.concurrent.ForkJoinPool.runWorker(Unknown Source) [?:1.8.0_401]
	at java.util.concurrent.ForkJoinWorkerThread.run(Unknown Source) [?:1.8.0_401]
[22:18:04] [ForkJoinPool.commonPool-worker-15/ERROR] [NotEnoughItems]: Removing item: moze_intel.projecte.gameObjs.items.rings.Zero@8f33505 from list.
java.lang.NullPointerException
	at moze_intel.projecte.gameObjs.items.ItemCharge.getCharge(ItemCharge.java:57) ~[?:?]
	at moze_intel.projecte.gameObjs.items.ItemCharge.getDurabilityForDisplay(ItemCharge.java:30) ~[?:?]
	at codechicken.nei.ItemList$1.lambda$forceTagCompoundInitialization$6(ItemList.java:336) ~[?:?]
	at codechicken.nei.ItemList$1.runChecked(ItemList.java:310) ~[?:?]
	at codechicken.nei.ItemList$1.forceTagCompoundInitialization(ItemList.java:336) ~[?:?]
	at codechicken.nei.ItemList$1.lambda$execute$12(ItemList.java:401) ~[?:?]
	at java.util.stream.ForEachOps$ForEachOp$OfRef.accept(Unknown Source) [?:1.8.0_401]
	at java.util.Spliterators$ArraySpliterator.forEachRemaining(Unknown Source) [?:1.8.0_401]
	at java.util.stream.AbstractPipeline.copyInto(Unknown Source) [?:1.8.0_401]
	at java.util.stream.ForEachOps$ForEachTask.compute(Unknown Source) [?:1.8.0_401]
	at java.util.concurrent.CountedCompleter.exec(Unknown Source) [?:1.8.0_401]
	at java.util.concurrent.ForkJoinTask.doExec(Unknown Source) [?:1.8.0_401]
	at java.util.concurrent.ForkJoinPool$WorkQueue.execLocalTasks(Unknown Source) [?:1.8.0_401]
	at java.util.concurrent.ForkJoinPool$WorkQueue.runTask(Unknown Source) [?:1.8.0_401]
	at java.util.concurrent.ForkJoinPool.runWorker(Unknown Source) [?:1.8.0_401]
	at java.util.concurrent.ForkJoinWorkerThread.run(Unknown Source) [?:1.8.0_401]
[22:18:04] [ForkJoinPool.commonPool-worker-15/ERROR] [NotEnoughItems]: Removing item: moze_intel.projecte.gameObjs.items.TimeWatch@308d8666 from list.
java.lang.NullPointerException
	at moze_intel.projecte.gameObjs.items.ItemCharge.getCharge(ItemCharge.java:57) ~[?:?]
	at moze_intel.projecte.gameObjs.items.ItemCharge.getDurabilityForDisplay(ItemCharge.java:30) ~[?:?]
	at codechicken.nei.ItemList$1.lambda$forceTagCompoundInitialization$6(ItemList.java:336) ~[?:?]
	at codechicken.nei.ItemList$1.runChecked(ItemList.java:310) ~[?:?]
	at codechicken.nei.ItemList$1.forceTagCompoundInitialization(ItemList.java:336) ~[?:?]
	at codechicken.nei.ItemList$1.lambda$execute$12(ItemList.java:401) ~[?:?]
	at java.util.stream.ForEachOps$ForEachOp$OfRef.accept(Unknown Source) [?:1.8.0_401]
	at java.util.Spliterators$ArraySpliterator.forEachRemaining(Unknown Source) [?:1.8.0_401]
	at java.util.stream.AbstractPipeline.copyInto(Unknown Source) [?:1.8.0_401]
	at java.util.stream.ForEachOps$ForEachTask.compute(Unknown Source) [?:1.8.0_401]
	at java.util.concurrent.CountedCompleter.exec(Unknown Source) [?:1.8.0_401]
	at java.util.concurrent.ForkJoinTask.doExec(Unknown Source) [?:1.8.0_401]
	at java.util.concurrent.ForkJoinPool$WorkQueue.execLocalTasks(Unknown Source) [?:1.8.0_401]
	at java.util.concurrent.ForkJoinPool$WorkQueue.runTask(Unknown Source) [?:1.8.0_401]
	at java.util.concurrent.ForkJoinPool.runWorker(Unknown Source) [?:1.8.0_401]
	at java.util.concurrent.ForkJoinWorkerThread.run(Unknown Source) [?:1.8.0_401]
[22:18:04] [ForkJoinPool.commonPool-worker-15/ERROR] [NotEnoughItems]: Removing item: moze_intel.projecte.gameObjs.items.MercurialEye@21784b1f from list.
java.lang.NullPointerException
	at moze_intel.projecte.gameObjs.items.ItemCharge.getCharge(ItemCharge.java:57) ~[?:?]
	at moze_intel.projecte.gameObjs.items.ItemCharge.getDurabilityForDisplay(ItemCharge.java:30) ~[?:?]
	at codechicken.nei.ItemList$1.lambda$forceTagCompoundInitialization$6(ItemList.java:336) ~[?:?]
	at codechicken.nei.ItemList$1.runChecked(ItemList.java:310) ~[?:?]
	at codechicken.nei.ItemList$1.forceTagCompoundInitialization(ItemList.java:336) ~[?:?]
	at codechicken.nei.ItemList$1.lambda$execute$12(ItemList.java:401) ~[?:?]
	at java.util.stream.ForEachOps$ForEachOp$OfRef.accept(Unknown Source) [?:1.8.0_401]
	at java.util.Spliterators$ArraySpliterator.forEachRemaining(Unknown Source) [?:1.8.0_401]
	at java.util.stream.AbstractPipeline.copyInto(Unknown Source) [?:1.8.0_401]
	at java.util.stream.ForEachOps$ForEachTask.compute(Unknown Source) [?:1.8.0_401]
	at java.util.concurrent.CountedCompleter.exec(Unknown Source) [?:1.8.0_401]
	at java.util.concurrent.ForkJoinTask.doExec(Unknown Source) [?:1.8.0_401]
	at java.util.concurrent.ForkJoinPool$WorkQueue.execLocalTasks(Unknown Source) [?:1.8.0_401]
	at java.util.concurrent.ForkJoinPool$WorkQueue.runTask(Unknown Source) [?:1.8.0_401]
	at java.util.concurrent.ForkJoinPool.runWorker(Unknown Source) [?:1.8.0_401]
	at java.util.concurrent.ForkJoinWorkerThread.run(Unknown Source) [?:1.8.0_401]
[22:18:04] [ForkJoinPool.commonPool-worker-15/ERROR] [NotEnoughItems]: Removing item: moze_intel.projecte.gameObjs.items.DestructionCatalyst@a694bf2 from list.
java.lang.NullPointerException
	at moze_intel.projecte.gameObjs.items.ItemCharge.getCharge(ItemCharge.java:57) ~[?:?]
	at moze_intel.projecte.gameObjs.items.ItemCharge.getDurabilityForDisplay(ItemCharge.java:30) ~[?:?]
	at codechicken.nei.ItemList$1.lambda$forceTagCompoundInitialization$6(ItemList.java:336) ~[?:?]
	at codechicken.nei.ItemList$1.runChecked(ItemList.java:310) ~[?:?]
	at codechicken.nei.ItemList$1.forceTagCompoundInitialization(ItemList.java:336) ~[?:?]
	at codechicken.nei.ItemList$1.lambda$execute$12(ItemList.java:401) ~[?:?]
	at java.util.stream.ForEachOps$ForEachOp$OfRef.accept(Unknown Source) [?:1.8.0_401]
	at java.util.Spliterators$ArraySpliterator.forEachRemaining(Unknown Source) [?:1.8.0_401]
	at java.util.stream.AbstractPipeline.copyInto(Unknown Source) [?:1.8.0_401]
	at java.util.stream.ForEachOps$ForEachTask.compute(Unknown Source) [?:1.8.0_401]
	at java.util.concurrent.CountedCompleter.exec(Unknown Source) [?:1.8.0_401]
	at java.util.concurrent.ForkJoinTask.doExec(Unknown Source) [?:1.8.0_401]
	at java.util.concurrent.ForkJoinPool$WorkQueue.execLocalTasks(Unknown Source) [?:1.8.0_401]
	at java.util.concurrent.ForkJoinPool$WorkQueue.runTask(Unknown Source) [?:1.8.0_401]
	at java.util.concurrent.ForkJoinPool.runWorker(Unknown Source) [?:1.8.0_401]
	at java.util.concurrent.ForkJoinWorkerThread.run(Unknown Source) [?:1.8.0_401]
[22:18:04] [ForkJoinPool.commonPool-worker-15/ERROR] [NotEnoughItems]: Removing item: moze_intel.projecte.gameObjs.items.HyperkineticLens@337e657e from list.
java.lang.NullPointerException
	at moze_intel.projecte.gameObjs.items.ItemCharge.getCharge(ItemCharge.java:57) ~[?:?]
	at moze_intel.projecte.gameObjs.items.ItemCharge.getDurabilityForDisplay(ItemCharge.java:30) ~[?:?]
	at codechicken.nei.ItemList$1.lambda$forceTagCompoundInitialization$6(ItemList.java:336) ~[?:?]
	at codechicken.nei.ItemList$1.runChecked(ItemList.java:310) ~[?:?]
	at codechicken.nei.ItemList$1.forceTagCompoundInitialization(ItemList.java:336) ~[?:?]
	at codechicken.nei.ItemList$1.lambda$execute$12(ItemList.java:401) ~[?:?]
	at java.util.stream.ForEachOps$ForEachOp$OfRef.accept(Unknown Source) [?:1.8.0_401]
	at java.util.Spliterators$ArraySpliterator.forEachRemaining(Unknown Source) [?:1.8.0_401]
	at java.util.stream.AbstractPipeline.copyInto(Unknown Source) [?:1.8.0_401]
	at java.util.stream.ForEachOps$ForEachTask.compute(Unknown Source) [?:1.8.0_401]
	at java.util.concurrent.CountedCompleter.exec(Unknown Source) [?:1.8.0_401]
	at java.util.concurrent.ForkJoinTask.doExec(Unknown Source) [?:1.8.0_401]
	at java.util.concurrent.ForkJoinPool$WorkQueue.execLocalTasks(Unknown Source) [?:1.8.0_401]
	at java.util.concurrent.ForkJoinPool$WorkQueue.runTask(Unknown Source) [?:1.8.0_401]
	at java.util.concurrent.ForkJoinPool.runWorker(Unknown Source) [?:1.8.0_401]
	at java.util.concurrent.ForkJoinWorkerThread.run(Unknown Source) [?:1.8.0_401]
[22:18:04] [ForkJoinPool.commonPool-worker-15/ERROR] [NotEnoughItems]: Removing item: moze_intel.projecte.gameObjs.items.CataliticLens@38d27a32 from list.
java.lang.NullPointerException
	at moze_intel.projecte.gameObjs.items.ItemCharge.getCharge(ItemCharge.java:57) ~[?:?]
	at moze_intel.projecte.gameObjs.items.ItemCharge.getDurabilityForDisplay(ItemCharge.java:30) ~[?:?]
	at codechicken.nei.ItemList$1.lambda$forceTagCompoundInitialization$6(ItemList.java:336) ~[?:?]
	at codechicken.nei.ItemList$1.runChecked(ItemList.java:310) ~[?:?]
	at codechicken.nei.ItemList$1.forceTagCompoundInitialization(ItemList.java:336) ~[?:?]
	at codechicken.nei.ItemList$1.lambda$execute$12(ItemList.java:401) ~[?:?]
	at java.util.stream.ForEachOps$ForEachOp$OfRef.accept(Unknown Source) [?:1.8.0_401]
	at java.util.Spliterators$ArraySpliterator.forEachRemaining(Unknown Source) [?:1.8.0_401]
	at java.util.stream.AbstractPipeline.copyInto(Unknown Source) [?:1.8.0_401]
	at java.util.stream.ForEachOps$ForEachTask.compute(Unknown Source) [?:1.8.0_401]
	at java.util.concurrent.CountedCompleter.exec(Unknown Source) [?:1.8.0_401]
	at java.util.concurrent.ForkJoinTask.doExec(Unknown Source) [?:1.8.0_401]
	at java.util.concurrent.ForkJoinPool$WorkQueue.execLocalTasks(Unknown Source) [?:1.8.0_401]
	at java.util.concurrent.ForkJoinPool$WorkQueue.runTask(Unknown Source) [?:1.8.0_401]
	at java.util.concurrent.ForkJoinPool.runWorker(Unknown Source) [?:1.8.0_401]
	at java.util.concurrent.ForkJoinWorkerThread.run(Unknown Source) [?:1.8.0_401]
[20:38:19] [main/INFO] [LaunchWrapper]: Loading tweak class name cpw.mods.fml.common.launcher.FMLTweaker
[20:38:19] [main/INFO] [LaunchWrapper]: Using primary tweak class name cpw.mods.fml.common.launcher.FMLTweaker
[20:38:19] [main/INFO] [LaunchWrapper]: Calling tweak class cpw.mods.fml.common.launcher.FMLTweaker
[21:59:21] [main/INFO] [LaunchWrapper]: Loading tweak class name cpw.mods.fml.common.launcher.FMLTweaker
[21:59:21] [main/INFO] [LaunchWrapper]: Using primary tweak class name cpw.mods.fml.common.launcher.FMLTweaker
[21:59:21] [main/INFO] [LaunchWrapper]: Calling tweak class cpw.mods.fml.common.launcher.FMLTweaker
[22:00:22] [ForkJoinPool.commonPool-worker-3/INFO] [Forestry]: Loading: Forestry NEI Integration
[22:00:22] [ForkJoinPool.commonPool-worker-13/INFO] [NotEnoughEnergistics]: -----Not Enough Energistics Init Start-----
[22:00:22] [ForkJoinPool.commonPool-worker-13/INFO] [NotEnoughEnergistics]: Install Vanilla Support
[22:00:22] [ForkJoinPool.commonPool-worker-15/INFO] [OpenMods]: openblocks.NEIOpenBlocksConfig.loadConfig(NEIOpenBlocksConfig.java:40): OpenBlocks NEI Integration loaded successfully
[22:00:22] [ForkJoinPool.commonPool-worker-13/INFO] [NotEnoughEnergistics]: Found Applied Energistics 2,install Applied Energistics 2 support
[22:00:22] [ForkJoinPool.commonPool-worker-2/DEBUG] [NotEnoughItems]: Loaded cofh.thermaldynamics.plugins.nei.NEIThermalDynamicsConfig
[22:00:22] [ForkJoinPool.commonPool-worker-13/INFO] [NotEnoughEnergistics]: Found Botania,install Botania support
[22:00:22] [ForkJoinPool.commonPool-worker-6/DEBUG] [NotEnoughItems]: Loaded net.darkhax.bookshelf.client.nei.NEIBookshelfConfig
[22:00:22] [ForkJoinPool.commonPool-worker-15/DEBUG] [NotEnoughItems]: Loaded openblocks.NEIOpenBlocksConfig
[22:00:22] [ForkJoinPool.commonPool-worker-9/DEBUG] [NotEnoughItems]: Loaded witchinggadgets.client.nei.NEIWGConfig
[22:00:22] [ForkJoinPool.commonPool-worker-13/INFO] [NotEnoughEnergistics]: Found Avaritia, install Avaritia support
[22:00:22] [ForkJoinPool.commonPool-worker-2/DEBUG] [NotEnoughItems]: Loaded net.glease.tc4tweak.nei.NEIConfig
[22:00:22] [ForkJoinPool.commonPool-worker-13/INFO] [NotEnoughEnergistics]: Found EnderIO, install EnderIO support
[22:00:22] [ForkJoinPool.commonPool-worker-10/DEBUG] [NotEnoughItems]: Loaded tombenpotter.sanguimancy.compat.nei.NEIConfig
[22:00:22] [ForkJoinPool.commonPool-worker-2/DEBUG] [NotEnoughItems]: Loaded pixlepix.auracascade.main.NEIAuraConfig
[22:00:22] [ForkJoinPool.commonPool-worker-13/INFO] [NotEnoughEnergistics]: Found Forestry, install Forestry support
[22:00:22] [ForkJoinPool.commonPool-worker-2/DEBUG] [NotEnoughItems]: Loaded cpw.mods.ironchest.plugins.nei.NEIConfig
[22:00:22] [ForkJoinPool.commonPool-worker-4/INFO] [Draconic Evolution]: Added NEI integration
[22:00:22] [ForkJoinPool.commonPool-worker-4/DEBUG] [NotEnoughItems]: Loaded com.brandon3055.draconicevolution.integration.nei.NEIDraconicevolutionConfig
[22:00:22] [ForkJoinPool.commonPool-worker-13/INFO] [NotEnoughEnergistics]: Found Aspect Recipe Index, install Aspect Recipe Index support
[22:00:22] [ForkJoinPool.commonPool-worker-13/INFO] [NotEnoughEnergistics]: Found ThermalExpansion, install ThermalExpansion support
[22:00:22] [ForkJoinPool.commonPool-worker-2/DEBUG] [NotEnoughItems]: Loaded team.chisel.compat.nei.NEIChiselConfig
[22:00:22] [ForkJoinPool.commonPool-worker-1/DEBUG] [NotEnoughItems]: Loaded tconstruct.plugins.nei.NEITConstructConfig
[22:00:22] [ForkJoinPool.commonPool-worker-10/DEBUG] [NotEnoughItems]: Loaded ab.client.nei.NEIConfig
[22:00:22] [ForkJoinPool.commonPool-worker-15/DEBUG] [NotEnoughItems]: Loaded fox.spiteful.avaritia.compat.nei.NEIAvaritiaConfig
[22:00:22] [ForkJoinPool.commonPool-worker-13/INFO] [NotEnoughEnergistics]: Found BloodMagic, install BloodMagic support
[22:00:22] [ForkJoinPool.commonPool-worker-13/INFO] [NotEnoughEnergistics]: -----Not Enough Energistics Init  Finished-----
[22:00:22] [ForkJoinPool.commonPool-worker-9/DEBUG] [mixin]: Mixing thaumcraft.client.gui.MixinGuiArcaneWorkbench_SingleWandReplacement from mixins.salisarcana.late.json into thaumcraft.client.gui.GuiArcaneWorkbench
[22:00:22] [ForkJoinPool.commonPool-worker-9/DEBUG] [mixin]: Mixing thaumcraft.client.gui.MixinGuiArcaneWorkbench_MissingResearch from mixins.salisarcana.late.json into thaumcraft.client.gui.GuiArcaneWorkbench
[22:00:22] [ForkJoinPool.commonPool-worker-8/DEBUG] [NotEnoughItems]: Loaded net.bdew.ae2stuff.nei.NEI_AE2Stuff_Config
[22:00:22] [ForkJoinPool.commonPool-worker-9/DEBUG] [NotEnoughItems]: Loaded dev.rndmorris.salisarcana.common.compat.NEIConfig
[22:00:22] [ForkJoinPool.commonPool-worker-9/DEBUG] [NotEnoughItems]: Loaded wanion.avaritiaddons.plugins.nei.NEIConfig
[22:00:22] [ForkJoinPool.commonPool-worker-13/INFO] [NotEnoughEnergistics]: NEIController replaced success
[22:00:22] [ForkJoinPool.commonPool-worker-11/DEBUG] [FML]: Attempted to find the oreIDs for an unregistered object (1xitem.null@0). This won't work very well.
[22:00:22] [ForkJoinPool.commonPool-worker-11/DEBUG] [FML]: Attempted to find the oreIDs for an unregistered object (1xitem.null@1). This won't work very well.
[22:00:22] [ForkJoinPool.commonPool-worker-11/DEBUG] [FML]: Attempted to find the oreIDs for an unregistered object (1xitem.null@2). This won't work very well.
[22:00:22] [ForkJoinPool.commonPool-worker-11/DEBUG] [FML]: Attempted to find the oreIDs for an unregistered object (1xitem.null@3). This won't work very well.
[22:00:22] [ForkJoinPool.commonPool-worker-11/DEBUG] [FML]: Attempted to find the oreIDs for an unregistered object (1xitem.null@4). This won't work very well.
[22:00:22] [ForkJoinPool.commonPool-worker-11/DEBUG] [FML]: Attempted to find the oreIDs for an unregistered object (1xitem.null@5). This won't work very well.
[22:00:22] [ForkJoinPool.commonPool-worker-11/DEBUG] [FML]: Attempted to find the oreIDs for an unregistered object (1xitem.null@6). This won't work very well.
[22:00:22] [ForkJoinPool.commonPool-worker-11/DEBUG] [FML]: Attempted to find the oreIDs for an unregistered object (1xitem.null@7). This won't work very well.
[22:00:22] [ForkJoinPool.commonPool-worker-11/DEBUG] [FML]: Attempted to find the oreIDs for an unregistered object (1xitem.null@8). This won't work very well.
[22:00:22] [ForkJoinPool.commonPool-worker-11/DEBUG] [NotEnoughItems]: Loaded flaxbeard.thaumicexploration.integration.nei.NEIConfig
[22:00:22] [ForkJoinPool.commonPool-worker-8/DEBUG] [NotEnoughItems]: Loaded com.gtnewhorizons.aspectrecipeindex.nei.NEIConfig
[22:00:22] [ForkJoinPool.commonPool-worker-3/DEBUG] [NotEnoughItems]: Loaded forestry.core.recipes.nei.NEIIntegrationConfig
[22:00:22] [ForkJoinPool.commonPool-worker-3/DEBUG] [NotEnoughItems]: Loaded cofh.plugins.nei.NEICoFHConfig
[22:00:22] [ForkJoinPool.commonPool-worker-13/INFO] [NotEnoughEnergistics]: Install ThaumicEnergistics support
[22:00:22] [ForkJoinPool.commonPool-worker-6/DEBUG] [NotEnoughItems]: Loaded crazypants.enderio.nei.NEIEnderIOConfig
[22:00:22] [ForkJoinPool.commonPool-worker-4/DEBUG] [NotEnoughItems]: Loaded WayofTime.alchemicalWizardry.client.nei.NEIConfig
[22:00:22] [ForkJoinPool.commonPool-worker-13/INFO] [NotEnoughEnergistics]: Install Avaritiaddons support
[22:00:22] [ForkJoinPool.commonPool-worker-6/DEBUG] [NotEnoughItems]: Loaded com.cleanroommc.modularui.integration.nei.NEIModularUIConfig
[22:00:22] [ForkJoinPool.commonPool-worker-13/DEBUG] [NotEnoughItems]: Loaded com.github.vfyjxf.nee.NEINeeConfig
[22:00:22] [ForkJoinPool.commonPool-worker-1/DEBUG] [NotEnoughItems]: Loaded com.emoniph.witchery.integration.NEIWitcheryConfig
[22:00:22] [ForkJoinPool.commonPool-worker-4/DEBUG] [NotEnoughItems]: Loaded cofh.thermalexpansion.plugins.nei.NEIThermalExpansionConfig
[22:00:22] [ForkJoinPool.commonPool-worker-4/DEBUG] [NotEnoughItems]: Loaded cofh.thermalfoundation.plugins.nei.NEIThermalFoundationConfig
[22:00:22] [ForkJoinPool.commonPool-worker-4/DEBUG] [NotEnoughItems]: Loaded evilcraft.modcompat.nei.NEIEvilCraftConfig
[22:00:22] [ForkJoinPool.commonPool-worker-2/INFO] [extrautils]: Added NEI integration
[22:00:22] [ForkJoinPool.commonPool-worker-2/DEBUG] [NotEnoughItems]: Loaded com.rwtema.extrautils.nei.NEIInfoHandlerConfig
[22:00:22] [ForkJoinPool.commonPool-worker-1/WARN] [FML]: NEI: Forced tag update with reason (showDurabilityBar) for 1xitem.manaTablet@0(vazkii.botania.common.item.ItemManaTablet@33f8ac3f)
[22:00:22] [ForkJoinPool.commonPool-worker-1/WARN] [FML]: NEI: Forced tag update with reason (getDamage) for 1xitem.manaMirror@0(vazkii.botania.common.item.ItemManaMirror@26ab1a4b)
[22:00:22] [ForkJoinPool.commonPool-worker-1/WARN] [FML]: NEI: Forced tag update with reason (getDamage) for 1xitem.manaRing@10000(vazkii.botania.common.item.equipment.bauble.ItemManaRing@30b25ac9)
[22:00:22] [ForkJoinPool.commonPool-worker-1/WARN] [FML]: NEI: Forced tag update with reason (getDamage) for 1xitem.manaRingGreater@10000(vazkii.botania.common.item.equipment.bauble.ItemGreaterManaRing@29424f1e)
[22:00:22] [ForkJoinPool.commonPool-worker-1/WARN] [FML]: NEI: Forced tag update with reason (getDamage) for 1xitem.manaInkwell@150(vazkii.botania.common.item.interaction.thaumcraft.ItemManaInkwell@74ce5191)
[22:00:22] [ForkJoinPool.commonPool-worker-1/WARN] [FML]: NEI: Forced tag update with reason (getDamage) for 1xitem.manaInkwell@0(vazkii.botania.common.item.interaction.thaumcraft.ItemManaInkwell@74ce5191)
[22:00:22] [ForkJoinPool.commonPool-worker-1/WARN] [FML]: NEI: Forced tag update with reason (getDamage) for 1xitem.mithrillManaRing@10000(ab.common.item.equipment.ItemMithrillRing@5484ef06)
[22:00:22] [ForkJoinPool.commonPool-worker-1/WARN] [FML]: NEI: Forced tag update with reason (getDamage) for 1xitem.nebulaManaRing@10000(ab.common.item.equipment.ItemNebulaRing@7d038796)
[22:00:22] [ForkJoinPool.commonPool-worker-1/WARN] [FML]: NEI: Forced tag update with reason (getDigSpeed) for 1xitem.mithrillMultiTool@0(ab.common.item.equipment.ItemMithrillMultiTool@86a1d05)
[22:00:22] [ForkJoinPool.commonPool-worker-1/WARN] [FML]: NEI: Forced tag update with reason (showDurabilityBar) for 1xitem.hornPlenty@0(ab.common.item.relic.ItemHornPlenty@4993441b)
[22:00:22] [ForkJoinPool.commonPool-worker-1/WARN] [FML]: NEI: Forced tag update with reason (getDamage) for 1xitem.nebulaHelm@0(ab.common.item.equipment.armor.ItemNebulaHelm@1e9a406)
[22:00:22] [ForkJoinPool.commonPool-worker-1/WARN] [FML]: NEI: Forced tag update with reason (getDamage) for 1xitem.nebulaChest@0(ab.common.item.equipment.armor.ItemNebulaChest@52899bbc)
[22:00:22] [ForkJoinPool.commonPool-worker-1/WARN] [FML]: NEI: Forced tag update with reason (getDamage) for 1xitem.nebulaLegs@0(ab.common.item.equipment.armor.ItemNebulaLegs@61a0e649)
[22:00:22] [ForkJoinPool.commonPool-worker-1/WARN] [FML]: NEI: Forced tag update with reason (getDamage) for 1xitem.nebulaBoots@0(ab.common.item.equipment.armor.ItemNebulaBoots@275bc79b)
[22:00:22] [ForkJoinPool.commonPool-worker-1/WARN] [FML]: NEI: Forced tag update with reason (getDamage) for 1xitem.nebulaHelmRevealing@0(ab.common.item.equipment.armor.ItemNebulaHelmRevealing@5f3d6e6)
[22:00:22] [ForkJoinPool.commonPool-worker-1/WARN] [FML]: NEI: Forced tag update with reason (showDurabilityBar) for 1xitem.wirelessCraftingTerminal@0(ItemWirelessCraftingTerminal)
[22:00:22] [ForkJoinPool.commonPool-worker-1/WARN] [FML]: NEI: Forced tag update with reason (getDigSpeed) for 1xitem.boundPickaxe@0(WayofTime.alchemicalWizardry.common.items.BoundPickaxe@1ef0ea90)
[22:00:22] [ForkJoinPool.commonPool-worker-1/WARN] [FML]: NEI: Forced tag update with reason (getDigSpeed) for 1xitem.boundAxe@0(WayofTime.alchemicalWizardry.common.items.BoundAxe@7e4dceb5)
[22:00:22] [ForkJoinPool.commonPool-worker-1/WARN] [FML]: NEI: Forced tag update with reason (getDigSpeed) for 1xitem.boundShovel@0(WayofTime.alchemicalWizardry.common.items.BoundShovel@39625314)
[22:00:22] [ForkJoinPool.commonPool-worker-1/WARN] [FML]: NEI: Forced tag update with reason (getToolClasses) for 1xitem.multiTool@0(WayofTime.alchemicalWizardry.api.items.ItemSpellMultiTool@30b128b8)
[22:00:22] [ForkJoinPool.commonPool-worker-1/WARN] [FML]: NEI: Forced tag update with reason (getAttributeModifiers) for 1xitem.boundHelmetWater@0(WayofTime.alchemicalWizardry.common.items.armour.OmegaArmourWater@55230c9c)
[22:00:22] [ForkJoinPool.commonPool-worker-1/WARN] [FML]: NEI: Forced tag update with reason (getAttributeModifiers) for 1xitem.boundPlateWater@0(WayofTime.alchemicalWizardry.common.items.armour.OmegaArmourWater@6f4c96ff)
[22:00:22] [ForkJoinPool.commonPool-worker-1/WARN] [FML]: NEI: Forced tag update with reason (getAttributeModifiers) for 1xitem.boundLeggingsWater@0(WayofTime.alchemicalWizardry.common.items.armour.OmegaArmourWater@7f2b4bd2)
[22:00:22] [ForkJoinPool.commonPool-worker-1/WARN] [FML]: NEI: Forced tag update with reason (getAttributeModifiers) for 1xitem.boundBootsWater@0(WayofTime.alchemicalWizardry.common.items.armour.OmegaArmourWater@73977dea)
[22:00:22] [ForkJoinPool.commonPool-worker-1/WARN] [FML]: NEI: Forced tag update with reason (getAttributeModifiers) for 1xitem.boundHelmetEarth@0(WayofTime.alchemicalWizardry.common.items.armour.OmegaArmourEarth@28b26a6f)
[22:00:22] [ForkJoinPool.commonPool-worker-1/WARN] [FML]: NEI: Forced tag update with reason (getAttributeModifiers) for 1xitem.boundPlateEarth@0(WayofTime.alchemicalWizardry.common.items.armour.OmegaArmourEarth@1da499f2)
[22:00:22] [ForkJoinPool.commonPool-worker-1/WARN] [FML]: NEI: Forced tag update with reason (getAttributeModifiers) for 1xitem.boundLeggingsEarth@0(WayofTime.alchemicalWizardry.common.items.armour.OmegaArmourEarth@2af16cfd)
[22:00:22] [ForkJoinPool.commonPool-worker-1/WARN] [FML]: NEI: Forced tag update with reason (getAttributeModifiers) for 1xitem.boundBootsEarth@0(WayofTime.alchemicalWizardry.common.items.armour.OmegaArmourEarth@7b3cd28b)
[22:00:22] [ForkJoinPool.commonPool-worker-1/WARN] [FML]: NEI: Forced tag update with reason (getAttributeModifiers) for 1xitem.boundHelmetWind@0(WayofTime.alchemicalWizardry.common.items.armour.OmegaArmourWind@2d917fea)
[22:00:22] [ForkJoinPool.commonPool-worker-1/WARN] [FML]: NEI: Forced tag update with reason (getAttributeModifiers) for 1xitem.boundPlateWind@0(WayofTime.alchemicalWizardry.common.items.armour.OmegaArmourWind@5bd07dd0)
[22:00:22] [ForkJoinPool.commonPool-worker-1/WARN] [FML]: NEI: Forced tag update with reason (getAttributeModifiers) for 1xitem.boundLeggingsWind@0(WayofTime.alchemicalWizardry.common.items.armour.OmegaArmourWind@457ec287)
[22:00:22] [ForkJoinPool.commonPool-worker-1/WARN] [FML]: NEI: Forced tag update with reason (getAttributeModifiers) for 1xitem.boundBootsWind@0(WayofTime.alchemicalWizardry.common.items.armour.OmegaArmourWind@63083b28)
[22:00:22] [ForkJoinPool.commonPool-worker-1/WARN] [FML]: NEI: Forced tag update with reason (getAttributeModifiers) for 1xitem.boundHelmetFire@0(WayofTime.alchemicalWizardry.common.items.armour.OmegaArmourFire@3586eb49)
[22:00:22] [ForkJoinPool.commonPool-worker-1/WARN] [FML]: NEI: Forced tag update with reason (getAttributeModifiers) for 1xitem.boundPlateFire@0(WayofTime.alchemicalWizardry.common.items.armour.OmegaArmourFire@5de80a54)
[22:00:22] [ForkJoinPool.commonPool-worker-1/WARN] [FML]: NEI: Forced tag update with reason (getAttributeModifiers) for 1xitem.boundLeggingsFire@0(WayofTime.alchemicalWizardry.common.items.armour.OmegaArmourFire@647d67e4)
[22:00:22] [ForkJoinPool.commonPool-worker-1/WARN] [FML]: NEI: Forced tag update with reason (getAttributeModifiers) for 1xitem.boundBootsFire@0(WayofTime.alchemicalWizardry.common.items.armour.OmegaArmourFire@400210b7)
[22:00:23] [ForkJoinPool.commonPool-worker-1/WARN] [FML]: NEI: Forced tag update with reason (isDamaged) for 1xitem.witchery:poppet@0(com.emoniph.witchery.item.ItemPoppet@7d14b5d9)
[22:00:23] [ForkJoinPool.commonPool-worker-1/WARN] [FML]: NEI: Forced tag update with reason (isDamaged) for 1xitem.witchery:poppet@1(com.emoniph.witchery.item.ItemPoppet@7d14b5d9)
[22:00:23] [ForkJoinPool.commonPool-worker-1/WARN] [FML]: NEI: Forced tag update with reason (isDamaged) for 1xitem.witchery:poppet@2(com.emoniph.witchery.item.ItemPoppet@7d14b5d9)
[22:00:23] [ForkJoinPool.commonPool-worker-1/WARN] [FML]: NEI: Forced tag update with reason (isDamaged) for 1xitem.witchery:poppet@3(com.emoniph.witchery.item.ItemPoppet@7d14b5d9)
[22:00:23] [ForkJoinPool.commonPool-worker-1/WARN] [FML]: NEI: Forced tag update with reason (isDamaged) for 1xitem.witchery:poppet@4(com.emoniph.witchery.item.ItemPoppet@7d14b5d9)
[22:00:23] [ForkJoinPool.commonPool-worker-1/WARN] [FML]: NEI: Forced tag update with reason (isDamaged) for 1xitem.witchery:poppet@5(com.emoniph.witchery.item.ItemPoppet@7d14b5d9)
[22:00:23] [ForkJoinPool.commonPool-worker-1/WARN] [FML]: NEI: Forced tag update with reason (isDamaged) for 1xitem.witchery:poppet@6(com.emoniph.witchery.item.ItemPoppet@7d14b5d9)
[22:00:23] [ForkJoinPool.commonPool-worker-1/WARN] [FML]: NEI: Forced tag update with reason (isDamaged) for 1xitem.witchery:poppet@7(com.emoniph.witchery.item.ItemPoppet@7d14b5d9)
[22:00:23] [ForkJoinPool.commonPool-worker-1/WARN] [FML]: NEI: Forced tag update with reason (isDamaged) for 1xitem.witchery:poppet@8(com.emoniph.witchery.item.ItemPoppet@7d14b5d9)
[22:00:23] [ForkJoinPool.commonPool-worker-1/WARN] [FML]: NEI: Forced tag update with reason (isDamaged) for 1xitem.witchery:poppet@9(com.emoniph.witchery.item.ItemPoppet@7d14b5d9)
[22:00:23] [ForkJoinPool.commonPool-worker-1/WARN] [FML]: NEI: Forced tag update with reason (isDamaged) for 1xitem.witchery:poppet@10(com.emoniph.witchery.item.ItemPoppet@7d14b5d9)
[22:00:23] [ForkJoinPool.commonPool-worker-1/WARN] [FML]: NEI: Forced tag update with reason (isDamaged) for 1xitem.witchery:poppet@11(com.emoniph.witchery.item.ItemPoppet@7d14b5d9)
[22:00:23] [ForkJoinPool.commonPool-worker-1/WARN] [FML]: NEI: Forced tag update with reason (getDigSpeed) for 1xitem.draconicevolution:draconicDistructionStaff@0(com.brandon3055.draconicevolution.common.items.tools.DraconicDistructionStaff@6264c85e)
[22:00:23] [ForkJoinPool.commonPool-worker-1/WARN] [FML]: NEI: Forced tag update with reason (getDigSpeed) for 1xitem.draconicevolution:draconicPickaxe@0(com.brandon3055.draconicevolution.common.items.tools.DraconicPickaxe@6ff7bc64)
[22:00:23] [ForkJoinPool.commonPool-worker-1/WARN] [FML]: NEI: Forced tag update with reason (getDigSpeed) for 1xitem.draconicevolution:draconicAxe@0(com.brandon3055.draconicevolution.common.items.tools.DraconicAxe@15069dca)
[22:00:23] [ForkJoinPool.commonPool-worker-1/WARN] [FML]: NEI: Forced tag update with reason (getDigSpeed) for 1xitem.draconicevolution:draconicShovel@0(com.brandon3055.draconicevolution.common.items.tools.DraconicShovel@5642bbd2)
[22:00:23] [ForkJoinPool.commonPool-worker-1/WARN] [FML]: NEI: Forced tag update with reason (getDigSpeed) for 1xitem.draconicevolution:wyvernPickaxe@0(com.brandon3055.draconicevolution.common.items.tools.WyvernPickaxe@68a7d6)
[22:00:23] [ForkJoinPool.commonPool-worker-1/WARN] [FML]: NEI: Forced tag update with reason (getDigSpeed) for 1xitem.draconicevolution:wyvernShovel@0(com.brandon3055.draconicevolution.common.items.tools.WyvernShovel@5c8e1f31)
[22:00:23] [ForkJoinPool.commonPool-worker-1/WARN] [FML]: NEI: Forced tag update with reason (getFluid) for 1xitem.items.boundBloodDrop@0(evilcraft.modcompat.bloodmagic.BoundBloodDrop@62b4cc74)
[22:00:23] [ForkJoinPool.commonPool-worker-1/ERROR] [NotEnoughItems]: Removing item: moze_intel.projecte.gameObjs.items.PhilosophersStone@10afe92e from list.
java.lang.NullPointerException
	at moze_intel.projecte.gameObjs.items.ItemCharge.getCharge(ItemCharge.java:57) ~[?:?]
	at moze_intel.projecte.gameObjs.items.ItemCharge.getDurabilityForDisplay(ItemCharge.java:30) ~[?:?]
	at codechicken.nei.ItemList$1.lambda$forceTagCompoundInitialization$6(ItemList.java:336) ~[?:?]
	at codechicken.nei.ItemList$1.runChecked(ItemList.java:310) ~[?:?]
	at codechicken.nei.ItemList$1.forceTagCompoundInitialization(ItemList.java:336) ~[?:?]
	at codechicken.nei.ItemList$1.lambda$execute$12(ItemList.java:401) ~[?:?]
	at java.util.stream.ForEachOps$ForEachOp$OfRef.accept(Unknown Source) [?:1.8.0_401]
	at java.util.Spliterators$ArraySpliterator.forEachRemaining(Unknown Source) [?:1.8.0_401]
	at java.util.stream.AbstractPipeline.copyInto(Unknown Source) [?:1.8.0_401]
	at java.util.stream.ForEachOps$ForEachTask.compute(Unknown Source) [?:1.8.0_401]
	at java.util.concurrent.CountedCompleter.exec(Unknown Source) [?:1.8.0_401]
	at java.util.concurrent.ForkJoinTask.doExec(Unknown Source) [?:1.8.0_401]
	at java.util.concurrent.ForkJoinPool$WorkQueue.runTask(Unknown Source) [?:1.8.0_401]
	at java.util.concurrent.ForkJoinPool.runWorker(Unknown Source) [?:1.8.0_401]
	at java.util.concurrent.ForkJoinWorkerThread.run(Unknown Source) [?:1.8.0_401]
[22:00:23] [ForkJoinPool.commonPool-worker-1/WARN] [FML]: NEI: Forced tag update with reason (getDurabilityForDisplay) for 1xitem.pe_klein_star@0(moze_intel.projecte.gameObjs.items.KleinStar@5663650e)
[22:00:23] [ForkJoinPool.commonPool-worker-1/WARN] [FML]: NEI: Forced tag update with reason (getDurabilityForDisplay) for 1xitem.pe_klein_star@1(moze_intel.projecte.gameObjs.items.KleinStar@5663650e)
[22:00:23] [ForkJoinPool.commonPool-worker-1/WARN] [FML]: NEI: Forced tag update with reason (getDurabilityForDisplay) for 1xitem.pe_klein_star@2(moze_intel.projecte.gameObjs.items.KleinStar@5663650e)
[22:00:23] [ForkJoinPool.commonPool-worker-1/WARN] [FML]: NEI: Forced tag update with reason (getDurabilityForDisplay) for 1xitem.pe_klein_star@3(moze_intel.projecte.gameObjs.items.KleinStar@5663650e)
[22:00:23] [ForkJoinPool.commonPool-worker-1/WARN] [FML]: NEI: Forced tag update with reason (getDurabilityForDisplay) for 1xitem.pe_klein_star@4(moze_intel.projecte.gameObjs.items.KleinStar@5663650e)
[22:00:23] [ForkJoinPool.commonPool-worker-1/WARN] [FML]: NEI: Forced tag update with reason (getDurabilityForDisplay) for 1xitem.pe_klein_star@5(moze_intel.projecte.gameObjs.items.KleinStar@5663650e)
[22:00:23] [ForkJoinPool.commonPool-worker-1/ERROR] [NotEnoughItems]: Removing item: moze_intel.projecte.gameObjs.items.tools.DarkPick@3e10951d from list.
java.lang.NullPointerException
	at moze_intel.projecte.gameObjs.items.ItemCharge.getCharge(ItemCharge.java:57) ~[?:?]
	at moze_intel.projecte.gameObjs.items.ItemCharge.getDurabilityForDisplay(ItemCharge.java:30) ~[?:?]
	at codechicken.nei.ItemList$1.lambda$forceTagCompoundInitialization$6(ItemList.java:336) ~[?:?]
	at codechicken.nei.ItemList$1.runChecked(ItemList.java:310) ~[?:?]
	at codechicken.nei.ItemList$1.forceTagCompoundInitialization(ItemList.java:336) ~[?:?]
	at codechicken.nei.ItemList$1.lambda$execute$12(ItemList.java:401) ~[?:?]
	at java.util.stream.ForEachOps$ForEachOp$OfRef.accept(Unknown Source) [?:1.8.0_401]
	at java.util.Spliterators$ArraySpliterator.forEachRemaining(Unknown Source) [?:1.8.0_401]
	at java.util.stream.AbstractPipeline.copyInto(Unknown Source) [?:1.8.0_401]
	at java.util.stream.ForEachOps$ForEachTask.compute(Unknown Source) [?:1.8.0_401]
	at java.util.concurrent.CountedCompleter.exec(Unknown Source) [?:1.8.0_401]
	at java.util.concurrent.ForkJoinTask.doExec(Unknown Source) [?:1.8.0_401]
	at java.util.concurrent.ForkJoinPool$WorkQueue.runTask(Unknown Source) [?:1.8.0_401]
	at java.util.concurrent.ForkJoinPool.runWorker(Unknown Source) [?:1.8.0_401]
	at java.util.concurrent.ForkJoinWorkerThread.run(Unknown Source) [?:1.8.0_401]
[22:00:23] [ForkJoinPool.commonPool-worker-1/ERROR] [NotEnoughItems]: Removing item: moze_intel.projecte.gameObjs.items.tools.DarkAxe@57104312 from list.
java.lang.NullPointerException
	at moze_intel.projecte.gameObjs.items.ItemCharge.getCharge(ItemCharge.java:57) ~[?:?]
	at moze_intel.projecte.gameObjs.items.ItemCharge.getDurabilityForDisplay(ItemCharge.java:30) ~[?:?]
	at codechicken.nei.ItemList$1.lambda$forceTagCompoundInitialization$6(ItemList.java:336) ~[?:?]
	at codechicken.nei.ItemList$1.runChecked(ItemList.java:310) ~[?:?]
	at codechicken.nei.ItemList$1.forceTagCompoundInitialization(ItemList.java:336) ~[?:?]
	at codechicken.nei.ItemList$1.lambda$execute$12(ItemList.java:401) ~[?:?]
	at java.util.stream.ForEachOps$ForEachOp$OfRef.accept(Unknown Source) [?:1.8.0_401]
	at java.util.Spliterators$ArraySpliterator.forEachRemaining(Unknown Source) [?:1.8.0_401]
	at java.util.stream.AbstractPipeline.copyInto(Unknown Source) [?:1.8.0_401]
	at java.util.stream.ForEachOps$ForEachTask.compute(Unknown Source) [?:1.8.0_401]
	at java.util.concurrent.CountedCompleter.exec(Unknown Source) [?:1.8.0_401]
	at java.util.concurrent.ForkJoinTask.doExec(Unknown Source) [?:1.8.0_401]
	at java.util.concurrent.ForkJoinPool$WorkQueue.runTask(Unknown Source) [?:1.8.0_401]
	at java.util.concurrent.ForkJoinPool.runWorker(Unknown Source) [?:1.8.0_401]
	at java.util.concurrent.ForkJoinWorkerThread.run(Unknown Source) [?:1.8.0_401]
[22:00:23] [ForkJoinPool.commonPool-worker-1/ERROR] [NotEnoughItems]: Removing item: moze_intel.projecte.gameObjs.items.tools.DarkShovel@3c7cf816 from list.
java.lang.NullPointerException
	at moze_intel.projecte.gameObjs.items.ItemCharge.getCharge(ItemCharge.java:57) ~[?:?]
	at moze_intel.projecte.gameObjs.items.ItemCharge.getDurabilityForDisplay(ItemCharge.java:30) ~[?:?]
	at codechicken.nei.ItemList$1.lambda$forceTagCompoundInitialization$6(ItemList.java:336) ~[?:?]
	at codechicken.nei.ItemList$1.runChecked(ItemList.java:310) ~[?:?]
	at codechicken.nei.ItemList$1.forceTagCompoundInitialization(ItemList.java:336) ~[?:?]
	at codechicken.nei.ItemList$1.lambda$execute$12(ItemList.java:401) ~[?:?]
	at java.util.stream.ForEachOps$ForEachOp$OfRef.accept(Unknown Source) [?:1.8.0_401]
	at java.util.Spliterators$ArraySpliterator.forEachRemaining(Unknown Source) [?:1.8.0_401]
	at java.util.stream.AbstractPipeline.copyInto(Unknown Source) [?:1.8.0_401]
	at java.util.stream.ForEachOps$ForEachTask.compute(Unknown Source) [?:1.8.0_401]
	at java.util.concurrent.CountedCompleter.exec(Unknown Source) [?:1.8.0_401]
	at java.util.concurrent.ForkJoinTask.doExec(Unknown Source) [?:1.8.0_401]
	at java.util.concurrent.ForkJoinPool$WorkQueue.runTask(Unknown Source) [?:1.8.0_401]
	at java.util.concurrent.ForkJoinPool.runWorker(Unknown Source) [?:1.8.0_401]
	at java.util.concurrent.ForkJoinWorkerThread.run(Unknown Source) [?:1.8.0_401]
[22:00:23] [ForkJoinPool.commonPool-worker-1/ERROR] [NotEnoughItems]: Removing item: moze_intel.projecte.gameObjs.items.tools.DarkSword@79843718 from list.
java.lang.NullPointerException
	at moze_intel.projecte.gameObjs.items.ItemCharge.getCharge(ItemCharge.java:57) ~[?:?]
	at moze_intel.projecte.gameObjs.items.ItemCharge.getDurabilityForDisplay(ItemCharge.java:30) ~[?:?]
	at codechicken.nei.ItemList$1.lambda$forceTagCompoundInitialization$6(ItemList.java:336) ~[?:?]
	at codechicken.nei.ItemList$1.runChecked(ItemList.java:310) ~[?:?]
	at codechicken.nei.ItemList$1.forceTagCompoundInitialization(ItemList.java:336) ~[?:?]
	at codechicken.nei.ItemList$1.lambda$execute$12(ItemList.java:401) ~[?:?]
	at java.util.stream.ForEachOps$ForEachOp$OfRef.accept(Unknown Source) [?:1.8.0_401]
	at java.util.Spliterators$ArraySpliterator.forEachRemaining(Unknown Source) [?:1.8.0_401]
	at java.util.stream.AbstractPipeline.copyInto(Unknown Source) [?:1.8.0_401]
	at java.util.stream.ForEachOps$ForEachTask.compute(Unknown Source) [?:1.8.0_401]
	at java.util.concurrent.CountedCompleter.exec(Unknown Source) [?:1.8.0_401]
	at java.util.concurrent.ForkJoinTask.doExec(Unknown Source) [?:1.8.0_401]
	at java.util.concurrent.ForkJoinPool$WorkQueue.runTask(Unknown Source) [?:1.8.0_401]
	at java.util.concurrent.ForkJoinPool.runWorker(Unknown Source) [?:1.8.0_401]
	at java.util.concurrent.ForkJoinWorkerThread.run(Unknown Source) [?:1.8.0_401]
[22:00:23] [ForkJoinPool.commonPool-worker-1/ERROR] [NotEnoughItems]: Removing item: moze_intel.projecte.gameObjs.items.tools.DarkHoe@4386fd48 from list.
java.lang.NullPointerException
	at moze_intel.projecte.gameObjs.items.ItemCharge.getCharge(ItemCharge.java:57) ~[?:?]
	at moze_intel.projecte.gameObjs.items.ItemCharge.getDurabilityForDisplay(ItemCharge.java:30) ~[?:?]
	at codechicken.nei.ItemList$1.lambda$forceTagCompoundInitialization$6(ItemList.java:336) ~[?:?]
	at codechicken.nei.ItemList$1.runChecked(ItemList.java:310) ~[?:?]
	at codechicken.nei.ItemList$1.forceTagCompoundInitialization(ItemList.java:336) ~[?:?]
	at codechicken.nei.ItemList$1.lambda$execute$12(ItemList.java:401) ~[?:?]
	at java.util.stream.ForEachOps$ForEachOp$OfRef.accept(Unknown Source) [?:1.8.0_401]
	at java.util.Spliterators$ArraySpliterator.forEachRemaining(Unknown Source) [?:1.8.0_401]
	at java.util.stream.AbstractPipeline.copyInto(Unknown Source) [?:1.8.0_401]
	at java.util.stream.ForEachOps$ForEachTask.compute(Unknown Source) [?:1.8.0_401]
	at java.util.concurrent.CountedCompleter.exec(Unknown Source) [?:1.8.0_401]
	at java.util.concurrent.ForkJoinTask.doExec(Unknown Source) [?:1.8.0_401]
	at java.util.concurrent.ForkJoinPool$WorkQueue.runTask(Unknown Source) [?:1.8.0_401]
	at java.util.concurrent.ForkJoinPool.runWorker(Unknown Source) [?:1.8.0_401]
	at java.util.concurrent.ForkJoinWorkerThread.run(Unknown Source) [?:1.8.0_401]
[22:00:23] [ForkJoinPool.commonPool-worker-1/ERROR] [NotEnoughItems]: Removing item: moze_intel.projecte.gameObjs.items.tools.DarkShears@165b3ef9 from list.
java.lang.NullPointerException
	at moze_intel.projecte.gameObjs.items.ItemCharge.getCharge(ItemCharge.java:57) ~[?:?]
	at moze_intel.projecte.gameObjs.items.ItemCharge.getDurabilityForDisplay(ItemCharge.java:30) ~[?:?]
	at codechicken.nei.ItemList$1.lambda$forceTagCompoundInitialization$6(ItemList.java:336) ~[?:?]
	at codechicken.nei.ItemList$1.runChecked(ItemList.java:310) ~[?:?]
	at codechicken.nei.ItemList$1.forceTagCompoundInitialization(ItemList.java:336) ~[?:?]
	at codechicken.nei.ItemList$1.lambda$execute$12(ItemList.java:401) ~[?:?]
	at java.util.stream.ForEachOps$ForEachOp$OfRef.accept(Unknown Source) [?:1.8.0_401]
	at java.util.Spliterators$ArraySpliterator.forEachRemaining(Unknown Source) [?:1.8.0_401]
	at java.util.stream.AbstractPipeline.copyInto(Unknown Source) [?:1.8.0_401]
	at java.util.stream.ForEachOps$ForEachTask.compute(Unknown Source) [?:1.8.0_401]
	at java.util.concurrent.CountedCompleter.exec(Unknown Source) [?:1.8.0_401]
	at java.util.concurrent.ForkJoinTask.doExec(Unknown Source) [?:1.8.0_401]
	at java.util.concurrent.ForkJoinPool$WorkQueue.runTask(Unknown Source) [?:1.8.0_401]
	at java.util.concurrent.ForkJoinPool.runWorker(Unknown Source) [?:1.8.0_401]
	at java.util.concurrent.ForkJoinWorkerThread.run(Unknown Source) [?:1.8.0_401]
[22:00:23] [ForkJoinPool.commonPool-worker-1/ERROR] [NotEnoughItems]: Removing item: moze_intel.projecte.gameObjs.items.tools.DarkHammer@4dbcc86c from list.
java.lang.NullPointerException
	at moze_intel.projecte.gameObjs.items.ItemCharge.getCharge(ItemCharge.java:57) ~[?:?]
	at moze_intel.projecte.gameObjs.items.ItemCharge.getDurabilityForDisplay(ItemCharge.java:30) ~[?:?]
	at codechicken.nei.ItemList$1.lambda$forceTagCompoundInitialization$6(ItemList.java:336) ~[?:?]
	at codechicken.nei.ItemList$1.runChecked(ItemList.java:310) ~[?:?]
	at codechicken.nei.ItemList$1.forceTagCompoundInitialization(ItemList.java:336) ~[?:?]
	at codechicken.nei.ItemList$1.lambda$execute$12(ItemList.java:401) ~[?:?]
	at java.util.stream.ForEachOps$ForEachOp$OfRef.accept(Unknown Source) [?:1.8.0_401]
	at java.util.Spliterators$ArraySpliterator.forEachRemaining(Unknown Source) [?:1.8.0_401]
	at java.util.stream.AbstractPipeline.copyInto(Unknown Source) [?:1.8.0_401]
	at java.util.stream.ForEachOps$ForEachTask.compute(Unknown Source) [?:1.8.0_401]
	at java.util.concurrent.CountedCompleter.exec(Unknown Source) [?:1.8.0_401]
	at java.util.concurrent.ForkJoinTask.doExec(Unknown Source) [?:1.8.0_401]
	at java.util.concurrent.ForkJoinPool$WorkQueue.runTask(Unknown Source) [?:1.8.0_401]
	at java.util.concurrent.ForkJoinPool.runWorker(Unknown Source) [?:1.8.0_401]
	at java.util.concurrent.ForkJoinWorkerThread.run(Unknown Source) [?:1.8.0_401]
[22:00:23] [ForkJoinPool.commonPool-worker-1/ERROR] [NotEnoughItems]: Removing item: moze_intel.projecte.gameObjs.items.tools.RedPick@15d80a34 from list.
java.lang.NullPointerException
	at moze_intel.projecte.gameObjs.items.ItemCharge.getCharge(ItemCharge.java:57) ~[?:?]
	at moze_intel.projecte.gameObjs.items.ItemCharge.getDurabilityForDisplay(ItemCharge.java:30) ~[?:?]
	at codechicken.nei.ItemList$1.lambda$forceTagCompoundInitialization$6(ItemList.java:336) ~[?:?]
	at codechicken.nei.ItemList$1.runChecked(ItemList.java:310) ~[?:?]
	at codechicken.nei.ItemList$1.forceTagCompoundInitialization(ItemList.java:336) ~[?:?]
	at codechicken.nei.ItemList$1.lambda$execute$12(ItemList.java:401) ~[?:?]
	at java.util.stream.ForEachOps$ForEachOp$OfRef.accept(Unknown Source) [?:1.8.0_401]
	at java.util.Spliterators$ArraySpliterator.forEachRemaining(Unknown Source) [?:1.8.0_401]
	at java.util.stream.AbstractPipeline.copyInto(Unknown Source) [?:1.8.0_401]
	at java.util.stream.ForEachOps$ForEachTask.compute(Unknown Source) [?:1.8.0_401]
	at java.util.concurrent.CountedCompleter.exec(Unknown Source) [?:1.8.0_401]
	at java.util.concurrent.ForkJoinTask.doExec(Unknown Source) [?:1.8.0_401]
	at java.util.concurrent.ForkJoinPool$WorkQueue.runTask(Unknown Source) [?:1.8.0_401]
	at java.util.concurrent.ForkJoinPool.runWorker(Unknown Source) [?:1.8.0_401]
	at java.util.concurrent.ForkJoinWorkerThread.run(Unknown Source) [?:1.8.0_401]
[22:00:23] [ForkJoinPool.commonPool-worker-1/ERROR] [NotEnoughItems]: Removing item: moze_intel.projecte.gameObjs.items.tools.RedAxe@6140d97a from list.
java.lang.NullPointerException
	at moze_intel.projecte.gameObjs.items.ItemCharge.getCharge(ItemCharge.java:57) ~[?:?]
	at moze_intel.projecte.gameObjs.items.ItemCharge.getDurabilityForDisplay(ItemCharge.java:30) ~[?:?]
	at codechicken.nei.ItemList$1.lambda$forceTagCompoundInitialization$6(ItemList.java:336) ~[?:?]
	at codechicken.nei.ItemList$1.runChecked(ItemList.java:310) ~[?:?]
	at codechicken.nei.ItemList$1.forceTagCompoundInitialization(ItemList.java:336) ~[?:?]
	at codechicken.nei.ItemList$1.lambda$execute$12(ItemList.java:401) ~[?:?]
	at java.util.stream.ForEachOps$ForEachOp$OfRef.accept(Unknown Source) [?:1.8.0_401]
	at java.util.Spliterators$ArraySpliterator.forEachRemaining(Unknown Source) [?:1.8.0_401]
	at java.util.stream.AbstractPipeline.copyInto(Unknown Source) [?:1.8.0_401]
	at java.util.stream.ForEachOps$ForEachTask.compute(Unknown Source) [?:1.8.0_401]
	at java.util.concurrent.CountedCompleter.exec(Unknown Source) [?:1.8.0_401]
	at java.util.concurrent.ForkJoinTask.doExec(Unknown Source) [?:1.8.0_401]
	at java.util.concurrent.ForkJoinPool$WorkQueue.runTask(Unknown Source) [?:1.8.0_401]
	at java.util.concurrent.ForkJoinPool.runWorker(Unknown Source) [?:1.8.0_401]
	at java.util.concurrent.ForkJoinWorkerThread.run(Unknown Source) [?:1.8.0_401]
[22:00:23] [ForkJoinPool.commonPool-worker-1/ERROR] [NotEnoughItems]: Removing item: moze_intel.projecte.gameObjs.items.tools.RedShovel@2e239f5d from list.
java.lang.NullPointerException
	at moze_intel.projecte.gameObjs.items.ItemCharge.getCharge(ItemCharge.java:57) ~[?:?]
	at moze_intel.projecte.gameObjs.items.ItemCharge.getDurabilityForDisplay(ItemCharge.java:30) ~[?:?]
	at codechicken.nei.ItemList$1.lambda$forceTagCompoundInitialization$6(ItemList.java:336) ~[?:?]
	at codechicken.nei.ItemList$1.runChecked(ItemList.java:310) ~[?:?]
	at codechicken.nei.ItemList$1.forceTagCompoundInitialization(ItemList.java:336) ~[?:?]
	at codechicken.nei.ItemList$1.lambda$execute$12(ItemList.java:401) ~[?:?]
	at java.util.stream.ForEachOps$ForEachOp$OfRef.accept(Unknown Source) [?:1.8.0_401]
	at java.util.Spliterators$ArraySpliterator.forEachRemaining(Unknown Source) [?:1.8.0_401]
	at java.util.stream.AbstractPipeline.copyInto(Unknown Source) [?:1.8.0_401]
	at java.util.stream.ForEachOps$ForEachTask.compute(Unknown Source) [?:1.8.0_401]
	at java.util.concurrent.CountedCompleter.exec(Unknown Source) [?:1.8.0_401]
	at java.util.concurrent.ForkJoinTask.doExec(Unknown Source) [?:1.8.0_401]
	at java.util.concurrent.ForkJoinPool$WorkQueue.runTask(Unknown Source) [?:1.8.0_401]
	at java.util.concurrent.ForkJoinPool.runWorker(Unknown Source) [?:1.8.0_401]
	at java.util.concurrent.ForkJoinWorkerThread.run(Unknown Source) [?:1.8.0_401]
[22:00:23] [ForkJoinPool.commonPool-worker-1/ERROR] [NotEnoughItems]: Removing item: moze_intel.projecte.gameObjs.items.tools.RedSword@577cd5d from list.
java.lang.NullPointerException
	at moze_intel.projecte.gameObjs.items.ItemCharge.getCharge(ItemCharge.java:57) ~[?:?]
	at moze_intel.projecte.gameObjs.items.ItemCharge.getDurabilityForDisplay(ItemCharge.java:30) ~[?:?]
	at codechicken.nei.ItemList$1.lambda$forceTagCompoundInitialization$6(ItemList.java:336) ~[?:?]
	at codechicken.nei.ItemList$1.runChecked(ItemList.java:310) ~[?:?]
	at codechicken.nei.ItemList$1.forceTagCompoundInitialization(ItemList.java:336) ~[?:?]
	at codechicken.nei.ItemList$1.lambda$execute$12(ItemList.java:401) ~[?:?]
	at java.util.stream.ForEachOps$ForEachOp$OfRef.accept(Unknown Source) [?:1.8.0_401]
	at java.util.Spliterators$ArraySpliterator.forEachRemaining(Unknown Source) [?:1.8.0_401]
	at java.util.stream.AbstractPipeline.copyInto(Unknown Source) [?:1.8.0_401]
	at java.util.stream.ForEachOps$ForEachTask.compute(Unknown Source) [?:1.8.0_401]
	at java.util.concurrent.CountedCompleter.exec(Unknown Source) [?:1.8.0_401]
	at java.util.concurrent.ForkJoinTask.doExec(Unknown Source) [?:1.8.0_401]
	at java.util.concurrent.ForkJoinPool$WorkQueue.runTask(Unknown Source) [?:1.8.0_401]
	at java.util.concurrent.ForkJoinPool.runWorker(Unknown Source) [?:1.8.0_401]
	at java.util.concurrent.ForkJoinWorkerThread.run(Unknown Source) [?:1.8.0_401]
[22:00:23] [ForkJoinPool.commonPool-worker-1/ERROR] [NotEnoughItems]: Removing item: moze_intel.projecte.gameObjs.items.tools.RedHoe@502bfe6d from list.
java.lang.NullPointerException
	at moze_intel.projecte.gameObjs.items.ItemCharge.getCharge(ItemCharge.java:57) ~[?:?]
	at moze_intel.projecte.gameObjs.items.ItemCharge.getDurabilityForDisplay(ItemCharge.java:30) ~[?:?]
	at codechicken.nei.ItemList$1.lambda$forceTagCompoundInitialization$6(ItemList.java:336) ~[?:?]
	at codechicken.nei.ItemList$1.runChecked(ItemList.java:310) ~[?:?]
	at codechicken.nei.ItemList$1.forceTagCompoundInitialization(ItemList.java:336) ~[?:?]
	at codechicken.nei.ItemList$1.lambda$execute$12(ItemList.java:401) ~[?:?]
	at java.util.stream.ForEachOps$ForEachOp$OfRef.accept(Unknown Source) [?:1.8.0_401]
	at java.util.Spliterators$ArraySpliterator.forEachRemaining(Unknown Source) [?:1.8.0_401]
	at java.util.stream.AbstractPipeline.copyInto(Unknown Source) [?:1.8.0_401]
	at java.util.stream.ForEachOps$ForEachTask.compute(Unknown Source) [?:1.8.0_401]
	at java.util.concurrent.CountedCompleter.exec(Unknown Source) [?:1.8.0_401]
	at java.util.concurrent.ForkJoinTask.doExec(Unknown Source) [?:1.8.0_401]
	at java.util.concurrent.ForkJoinPool$WorkQueue.runTask(Unknown Source) [?:1.8.0_401]
	at java.util.concurrent.ForkJoinPool.runWorker(Unknown Source) [?:1.8.0_401]
	at java.util.concurrent.ForkJoinWorkerThread.run(Unknown Source) [?:1.8.0_401]
[22:00:23] [ForkJoinPool.commonPool-worker-1/ERROR] [NotEnoughItems]: Removing item: moze_intel.projecte.gameObjs.items.tools.RedShears@3747761b from list.
java.lang.NullPointerException
	at moze_intel.projecte.gameObjs.items.ItemCharge.getCharge(ItemCharge.java:57) ~[?:?]
	at moze_intel.projecte.gameObjs.items.ItemCharge.getDurabilityForDisplay(ItemCharge.java:30) ~[?:?]
	at codechicken.nei.ItemList$1.lambda$forceTagCompoundInitialization$6(ItemList.java:336) ~[?:?]
	at codechicken.nei.ItemList$1.runChecked(ItemList.java:310) ~[?:?]
	at codechicken.nei.ItemList$1.forceTagCompoundInitialization(ItemList.java:336) ~[?:?]
	at codechicken.nei.ItemList$1.lambda$execute$12(ItemList.java:401) ~[?:?]
	at java.util.stream.ForEachOps$ForEachOp$OfRef.accept(Unknown Source) [?:1.8.0_401]
	at java.util.Spliterators$ArraySpliterator.forEachRemaining(Unknown Source) [?:1.8.0_401]
	at java.util.stream.AbstractPipeline.copyInto(Unknown Source) [?:1.8.0_401]
	at java.util.stream.ForEachOps$ForEachTask.compute(Unknown Source) [?:1.8.0_401]
	at java.util.concurrent.CountedCompleter.exec(Unknown Source) [?:1.8.0_401]
	at java.util.concurrent.ForkJoinTask.doExec(Unknown Source) [?:1.8.0_401]
	at java.util.concurrent.ForkJoinPool$WorkQueue.runTask(Unknown Source) [?:1.8.0_401]
	at java.util.concurrent.ForkJoinPool.runWorker(Unknown Source) [?:1.8.0_401]
	at java.util.concurrent.ForkJoinWorkerThread.run(Unknown Source) [?:1.8.0_401]
[22:00:23] [ForkJoinPool.commonPool-worker-1/ERROR] [NotEnoughItems]: Removing item: moze_intel.projecte.gameObjs.items.tools.RedHammer@5acced9 from list.
java.lang.NullPointerException
	at moze_intel.projecte.gameObjs.items.ItemCharge.getCharge(ItemCharge.java:57) ~[?:?]
	at moze_intel.projecte.gameObjs.items.ItemCharge.getDurabilityForDisplay(ItemCharge.java:30) ~[?:?]
	at codechicken.nei.ItemList$1.lambda$forceTagCompoundInitialization$6(ItemList.java:336) ~[?:?]
	at codechicken.nei.ItemList$1.runChecked(ItemList.java:310) ~[?:?]
	at codechicken.nei.ItemList$1.forceTagCompoundInitialization(ItemList.java:336) ~[?:?]
	at codechicken.nei.ItemList$1.lambda$execute$12(ItemList.java:401) ~[?:?]
	at java.util.stream.ForEachOps$ForEachOp$OfRef.accept(Unknown Source) [?:1.8.0_401]
	at java.util.Spliterators$ArraySpliterator.forEachRemaining(Unknown Source) [?:1.8.0_401]
	at java.util.stream.AbstractPipeline.copyInto(Unknown Source) [?:1.8.0_401]
	at java.util.stream.ForEachOps$ForEachTask.compute(Unknown Source) [?:1.8.0_401]
	at java.util.concurrent.CountedCompleter.exec(Unknown Source) [?:1.8.0_401]
	at java.util.concurrent.ForkJoinTask.doExec(Unknown Source) [?:1.8.0_401]
	at java.util.concurrent.ForkJoinPool$WorkQueue.runTask(Unknown Source) [?:1.8.0_401]
	at java.util.concurrent.ForkJoinPool.runWorker(Unknown Source) [?:1.8.0_401]
	at java.util.concurrent.ForkJoinWorkerThread.run(Unknown Source) [?:1.8.0_401]
[22:00:23] [ForkJoinPool.commonPool-worker-1/ERROR] [NotEnoughItems]: Removing item: moze_intel.projecte.gameObjs.items.tools.RedKatar@3e8ae614 from list.
java.lang.NullPointerException
	at moze_intel.projecte.gameObjs.items.ItemCharge.getCharge(ItemCharge.java:57) ~[?:?]
	at moze_intel.projecte.gameObjs.items.ItemCharge.getDurabilityForDisplay(ItemCharge.java:30) ~[?:?]
	at codechicken.nei.ItemList$1.lambda$forceTagCompoundInitialization$6(ItemList.java:336) ~[?:?]
	at codechicken.nei.ItemList$1.runChecked(ItemList.java:310) ~[?:?]
	at codechicken.nei.ItemList$1.forceTagCompoundInitialization(ItemList.java:336) ~[?:?]
	at codechicken.nei.ItemList$1.lambda$execute$12(ItemList.java:401) ~[?:?]
	at java.util.stream.ForEachOps$ForEachOp$OfRef.accept(Unknown Source) [?:1.8.0_401]
	at java.util.Spliterators$ArraySpliterator.forEachRemaining(Unknown Source) [?:1.8.0_401]
	at java.util.stream.AbstractPipeline.copyInto(Unknown Source) [?:1.8.0_401]
	at java.util.stream.ForEachOps$ForEachTask.compute(Unknown Source) [?:1.8.0_401]
	at java.util.concurrent.CountedCompleter.exec(Unknown Source) [?:1.8.0_401]
	at java.util.concurrent.ForkJoinTask.doExec(Unknown Source) [?:1.8.0_401]
	at java.util.concurrent.ForkJoinPool$WorkQueue.runTask(Unknown Source) [?:1.8.0_401]
	at java.util.concurrent.ForkJoinPool.runWorker(Unknown Source) [?:1.8.0_401]
	at java.util.concurrent.ForkJoinWorkerThread.run(Unknown Source) [?:1.8.0_401]
[22:00:23] [ForkJoinPool.commonPool-worker-1/ERROR] [NotEnoughItems]: Removing item: moze_intel.projecte.gameObjs.items.tools.RedStar@315dbf3e from list.
java.lang.NullPointerException
	at moze_intel.projecte.gameObjs.items.ItemCharge.getCharge(ItemCharge.java:57) ~[?:?]
	at moze_intel.projecte.gameObjs.items.ItemCharge.getDurabilityForDisplay(ItemCharge.java:30) ~[?:?]
	at codechicken.nei.ItemList$1.lambda$forceTagCompoundInitialization$6(ItemList.java:336) ~[?:?]
	at codechicken.nei.ItemList$1.runChecked(ItemList.java:310) ~[?:?]
	at codechicken.nei.ItemList$1.forceTagCompoundInitialization(ItemList.java:336) ~[?:?]
	at codechicken.nei.ItemList$1.lambda$execute$12(ItemList.java:401) ~[?:?]
	at java.util.stream.ForEachOps$ForEachOp$OfRef.accept(Unknown Source) [?:1.8.0_401]
	at java.util.Spliterators$ArraySpliterator.forEachRemaining(Unknown Source) [?:1.8.0_401]
	at java.util.stream.AbstractPipeline.copyInto(Unknown Source) [?:1.8.0_401]
	at java.util.stream.ForEachOps$ForEachTask.compute(Unknown Source) [?:1.8.0_401]
	at java.util.concurrent.CountedCompleter.exec(Unknown Source) [?:1.8.0_401]
	at java.util.concurrent.ForkJoinTask.doExec(Unknown Source) [?:1.8.0_401]
	at java.util.concurrent.ForkJoinPool$WorkQueue.runTask(Unknown Source) [?:1.8.0_401]
	at java.util.concurrent.ForkJoinPool.runWorker(Unknown Source) [?:1.8.0_401]
	at java.util.concurrent.ForkJoinWorkerThread.run(Unknown Source) [?:1.8.0_401]
[22:00:23] [ForkJoinPool.commonPool-worker-1/ERROR] [NotEnoughItems]: Removing item: moze_intel.projecte.gameObjs.items.rings.Zero@467bc1ff from list.
java.lang.NullPointerException
	at moze_intel.projecte.gameObjs.items.ItemCharge.getCharge(ItemCharge.java:57) ~[?:?]
	at moze_intel.projecte.gameObjs.items.ItemCharge.getDurabilityForDisplay(ItemCharge.java:30) ~[?:?]
	at codechicken.nei.ItemList$1.lambda$forceTagCompoundInitialization$6(ItemList.java:336) ~[?:?]
	at codechicken.nei.ItemList$1.runChecked(ItemList.java:310) ~[?:?]
	at codechicken.nei.ItemList$1.forceTagCompoundInitialization(ItemList.java:336) ~[?:?]
	at codechicken.nei.ItemList$1.lambda$execute$12(ItemList.java:401) ~[?:?]
	at java.util.stream.ForEachOps$ForEachOp$OfRef.accept(Unknown Source) [?:1.8.0_401]
	at java.util.Spliterators$ArraySpliterator.forEachRemaining(Unknown Source) [?:1.8.0_401]
	at java.util.stream.AbstractPipeline.copyInto(Unknown Source) [?:1.8.0_401]
	at java.util.stream.ForEachOps$ForEachTask.compute(Unknown Source) [?:1.8.0_401]
	at java.util.concurrent.CountedCompleter.exec(Unknown Source) [?:1.8.0_401]
	at java.util.concurrent.ForkJoinTask.doExec(Unknown Source) [?:1.8.0_401]
	at java.util.concurrent.ForkJoinPool$WorkQueue.runTask(Unknown Source) [?:1.8.0_401]
	at java.util.concurrent.ForkJoinPool.runWorker(Unknown Source) [?:1.8.0_401]
	at java.util.concurrent.ForkJoinWorkerThread.run(Unknown Source) [?:1.8.0_401]
[22:00:23] [ForkJoinPool.commonPool-worker-1/ERROR] [NotEnoughItems]: Removing item: moze_intel.projecte.gameObjs.items.TimeWatch@5d747265 from list.
java.lang.NullPointerException
	at moze_intel.projecte.gameObjs.items.ItemCharge.getCharge(ItemCharge.java:57) ~[?:?]
	at moze_intel.projecte.gameObjs.items.ItemCharge.getDurabilityForDisplay(ItemCharge.java:30) ~[?:?]
	at codechicken.nei.ItemList$1.lambda$forceTagCompoundInitialization$6(ItemList.java:336) ~[?:?]
	at codechicken.nei.ItemList$1.runChecked(ItemList.java:310) ~[?:?]
	at codechicken.nei.ItemList$1.forceTagCompoundInitialization(ItemList.java:336) ~[?:?]
	at codechicken.nei.ItemList$1.lambda$execute$12(ItemList.java:401) ~[?:?]
	at java.util.stream.ForEachOps$ForEachOp$OfRef.accept(Unknown Source) [?:1.8.0_401]
	at java.util.Spliterators$ArraySpliterator.forEachRemaining(Unknown Source) [?:1.8.0_401]
	at java.util.stream.AbstractPipeline.copyInto(Unknown Source) [?:1.8.0_401]
	at java.util.stream.ForEachOps$ForEachTask.compute(Unknown Source) [?:1.8.0_401]
	at java.util.concurrent.CountedCompleter.exec(Unknown Source) [?:1.8.0_401]
	at java.util.concurrent.ForkJoinTask.doExec(Unknown Source) [?:1.8.0_401]
	at java.util.concurrent.ForkJoinPool$WorkQueue.runTask(Unknown Source) [?:1.8.0_401]
	at java.util.concurrent.ForkJoinPool.runWorker(Unknown Source) [?:1.8.0_401]
	at java.util.concurrent.ForkJoinWorkerThread.run(Unknown Source) [?:1.8.0_401]
[22:00:23] [ForkJoinPool.commonPool-worker-1/ERROR] [NotEnoughItems]: Removing item: moze_intel.projecte.gameObjs.items.MercurialEye@3088c7ce from list.
java.lang.NullPointerException
	at moze_intel.projecte.gameObjs.items.ItemCharge.getCharge(ItemCharge.java:57) ~[?:?]
	at moze_intel.projecte.gameObjs.items.ItemCharge.getDurabilityForDisplay(ItemCharge.java:30) ~[?:?]
	at codechicken.nei.ItemList$1.lambda$forceTagCompoundInitialization$6(ItemList.java:336) ~[?:?]
	at codechicken.nei.ItemList$1.runChecked(ItemList.java:310) ~[?:?]
	at codechicken.nei.ItemList$1.forceTagCompoundInitialization(ItemList.java:336) ~[?:?]
	at codechicken.nei.ItemList$1.lambda$execute$12(ItemList.java:401) ~[?:?]
	at java.util.stream.ForEachOps$ForEachOp$OfRef.accept(Unknown Source) [?:1.8.0_401]
	at java.util.Spliterators$ArraySpliterator.forEachRemaining(Unknown Source) [?:1.8.0_401]
	at java.util.stream.AbstractPipeline.copyInto(Unknown Source) [?:1.8.0_401]
	at java.util.stream.ForEachOps$ForEachTask.compute(Unknown Source) [?:1.8.0_401]
	at java.util.concurrent.CountedCompleter.exec(Unknown Source) [?:1.8.0_401]
	at java.util.concurrent.ForkJoinTask.doExec(Unknown Source) [?:1.8.0_401]
	at java.util.concurrent.ForkJoinPool$WorkQueue.runTask(Unknown Source) [?:1.8.0_401]
	at java.util.concurrent.ForkJoinPool.runWorker(Unknown Source) [?:1.8.0_401]
	at java.util.concurrent.ForkJoinWorkerThread.run(Unknown Source) [?:1.8.0_401]
[22:00:23] [ForkJoinPool.commonPool-worker-1/ERROR] [NotEnoughItems]: Removing item: moze_intel.projecte.gameObjs.items.DestructionCatalyst@6c9e64a7 from list.
java.lang.NullPointerException
	at moze_intel.projecte.gameObjs.items.ItemCharge.getCharge(ItemCharge.java:57) ~[?:?]
	at moze_intel.projecte.gameObjs.items.ItemCharge.getDurabilityForDisplay(ItemCharge.java:30) ~[?:?]
	at codechicken.nei.ItemList$1.lambda$forceTagCompoundInitialization$6(ItemList.java:336) ~[?:?]
	at codechicken.nei.ItemList$1.runChecked(ItemList.java:310) ~[?:?]
	at codechicken.nei.ItemList$1.forceTagCompoundInitialization(ItemList.java:336) ~[?:?]
	at codechicken.nei.ItemList$1.lambda$execute$12(ItemList.java:401) ~[?:?]
	at java.util.stream.ForEachOps$ForEachOp$OfRef.accept(Unknown Source) [?:1.8.0_401]
	at java.util.Spliterators$ArraySpliterator.forEachRemaining(Unknown Source) [?:1.8.0_401]
	at java.util.stream.AbstractPipeline.copyInto(Unknown Source) [?:1.8.0_401]
	at java.util.stream.ForEachOps$ForEachTask.compute(Unknown Source) [?:1.8.0_401]
	at java.util.concurrent.CountedCompleter.exec(Unknown Source) [?:1.8.0_401]
	at java.util.concurrent.ForkJoinTask.doExec(Unknown Source) [?:1.8.0_401]
	at java.util.concurrent.ForkJoinPool$WorkQueue.runTask(Unknown Source) [?:1.8.0_401]
	at java.util.concurrent.ForkJoinPool.runWorker(Unknown Source) [?:1.8.0_401]
	at java.util.concurrent.ForkJoinWorkerThread.run(Unknown Source) [?:1.8.0_401]
[22:00:23] [ForkJoinPool.commonPool-worker-1/ERROR] [NotEnoughItems]: Removing item: moze_intel.projecte.gameObjs.items.HyperkineticLens@1e78b05a from list.
java.lang.NullPointerException
	at moze_intel.projecte.gameObjs.items.ItemCharge.getCharge(ItemCharge.java:57) ~[?:?]
	at moze_intel.projecte.gameObjs.items.ItemCharge.getDurabilityForDisplay(ItemCharge.java:30) ~[?:?]
	at codechicken.nei.ItemList$1.lambda$forceTagCompoundInitialization$6(ItemList.java:336) ~[?:?]
	at codechicken.nei.ItemList$1.runChecked(ItemList.java:310) ~[?:?]
	at codechicken.nei.ItemList$1.forceTagCompoundInitialization(ItemList.java:336) ~[?:?]
	at codechicken.nei.ItemList$1.lambda$execute$12(ItemList.java:401) ~[?:?]
	at java.util.stream.ForEachOps$ForEachOp$OfRef.accept(Unknown Source) [?:1.8.0_401]
	at java.util.Spliterators$ArraySpliterator.forEachRemaining(Unknown Source) [?:1.8.0_401]
	at java.util.stream.AbstractPipeline.copyInto(Unknown Source) [?:1.8.0_401]
	at java.util.stream.ForEachOps$ForEachTask.compute(Unknown Source) [?:1.8.0_401]
	at java.util.concurrent.CountedCompleter.exec(Unknown Source) [?:1.8.0_401]
	at java.util.concurrent.ForkJoinTask.doExec(Unknown Source) [?:1.8.0_401]
	at java.util.concurrent.ForkJoinPool$WorkQueue.runTask(Unknown Source) [?:1.8.0_401]
	at java.util.concurrent.ForkJoinPool.runWorker(Unknown Source) [?:1.8.0_401]
	at java.util.concurrent.ForkJoinWorkerThread.run(Unknown Source) [?:1.8.0_401]
[22:00:23] [ForkJoinPool.commonPool-worker-1/ERROR] [NotEnoughItems]: Removing item: moze_intel.projecte.gameObjs.items.CataliticLens@72acc3b6 from list.
java.lang.NullPointerException
	at moze_intel.projecte.gameObjs.items.ItemCharge.getCharge(ItemCharge.java:57) ~[?:?]
	at moze_intel.projecte.gameObjs.items.ItemCharge.getDurabilityForDisplay(ItemCharge.java:30) ~[?:?]
	at codechicken.nei.ItemList$1.lambda$forceTagCompoundInitialization$6(ItemList.java:336) ~[?:?]
	at codechicken.nei.ItemList$1.runChecked(ItemList.java:310) ~[?:?]
	at codechicken.nei.ItemList$1.forceTagCompoundInitialization(ItemList.java:336) ~[?:?]
	at codechicken.nei.ItemList$1.lambda$execute$12(ItemList.java:401) ~[?:?]
	at java.util.stream.ForEachOps$ForEachOp$OfRef.accept(Unknown Source) [?:1.8.0_401]
	at java.util.Spliterators$ArraySpliterator.forEachRemaining(Unknown Source) [?:1.8.0_401]
	at java.util.stream.AbstractPipeline.copyInto(Unknown Source) [?:1.8.0_401]
	at java.util.stream.ForEachOps$ForEachTask.compute(Unknown Source) [?:1.8.0_401]
	at java.util.concurrent.CountedCompleter.exec(Unknown Source) [?:1.8.0_401]
	at java.util.concurrent.ForkJoinTask.doExec(Unknown Source) [?:1.8.0_401]
	at java.util.concurrent.ForkJoinPool$WorkQueue.runTask(Unknown Source) [?:1.8.0_401]
	at java.util.concurrent.ForkJoinPool.runWorker(Unknown Source) [?:1.8.0_401]
	at java.util.concurrent.ForkJoinWorkerThread.run(Unknown Source) [?:1.8.0_401]
[20:58:52] [main/INFO] [LaunchWrapper]: Loading tweak class name cpw.mods.fml.common.launcher.FMLTweaker
[20:58:52] [main/INFO] [LaunchWrapper]: Using primary tweak class name cpw.mods.fml.common.launcher.FMLTweaker
[20:58:52] [main/INFO] [LaunchWrapper]: Calling tweak class cpw.mods.fml.common.launcher.FMLTweaker
[21:02:54] [ForkJoinPool.commonPool-worker-15/DEBUG] [NotEnoughItems]: Loaded cofh.thermalfoundation.plugins.nei.NEIThermalFoundationConfig
[21:02:54] [ForkJoinPool.commonPool-worker-8/DEBUG] [NotEnoughItems]: Loaded cpw.mods.ironchest.plugins.nei.NEIConfig
[21:02:54] [ForkJoinPool.commonPool-worker-4/INFO] [NotEnoughEnergistics]: -----Not Enough Energistics Init Start-----
[21:02:54] [ForkJoinPool.commonPool-worker-4/INFO] [NotEnoughEnergistics]: Install Vanilla Support
[21:02:54] [ForkJoinPool.commonPool-worker-2/DEBUG] [mixin]: Mixing thaumcraft.client.gui.MixinGuiArcaneWorkbench_SingleWandReplacement from mixins.salisarcana.late.json into thaumcraft.client.gui.GuiArcaneWorkbench
[21:02:54] [ForkJoinPool.commonPool-worker-2/DEBUG] [mixin]: Mixing thaumcraft.client.gui.MixinGuiArcaneWorkbench_MissingResearch from mixins.salisarcana.late.json into thaumcraft.client.gui.GuiArcaneWorkbench
[21:02:54] [ForkJoinPool.commonPool-worker-4/INFO] [NotEnoughEnergistics]: Found Applied Energistics 2,install Applied Energistics 2 support
[21:02:54] [ForkJoinPool.commonPool-worker-4/INFO] [NotEnoughEnergistics]: Found Botania,install Botania support
[21:02:54] [ForkJoinPool.commonPool-worker-8/DEBUG] [NotEnoughItems]: Loaded cofh.thermaldynamics.plugins.nei.NEIThermalDynamicsConfig
[21:02:54] [ForkJoinPool.commonPool-worker-4/INFO] [NotEnoughEnergistics]: Found Avaritia, install Avaritia support
[21:02:54] [ForkJoinPool.commonPool-worker-2/DEBUG] [NotEnoughItems]: Loaded com.gtnewhorizons.aspectrecipeindex.nei.NEIConfig
[21:02:54] [ForkJoinPool.commonPool-worker-4/INFO] [NotEnoughEnergistics]: Found EnderIO, install EnderIO support
[21:02:54] [ForkJoinPool.commonPool-worker-10/INFO] [Draconic Evolution]: Added NEI integration
[21:02:54] [ForkJoinPool.commonPool-worker-10/DEBUG] [NotEnoughItems]: Loaded com.brandon3055.draconicevolution.integration.nei.NEIDraconicevolutionConfig
[21:02:54] [ForkJoinPool.commonPool-worker-11/DEBUG] [NotEnoughItems]: Loaded dev.rndmorris.salisarcana.common.compat.NEIConfig
[21:02:54] [ForkJoinPool.commonPool-worker-4/INFO] [NotEnoughEnergistics]: Found Forestry, install Forestry support
[21:02:54] [ForkJoinPool.commonPool-worker-4/INFO] [NotEnoughEnergistics]: Found Aspect Recipe Index, install Aspect Recipe Index support
[21:02:54] [ForkJoinPool.commonPool-worker-2/DEBUG] [NotEnoughItems]: Loaded ab.client.nei.NEIConfig
[21:02:54] [ForkJoinPool.commonPool-worker-8/DEBUG] [NotEnoughItems]: Loaded fox.spiteful.avaritia.compat.nei.NEIAvaritiaConfig
[21:02:54] [ForkJoinPool.commonPool-worker-6/DEBUG] [NotEnoughItems]: Loaded vazkii.botania.client.integration.nei.NEIBotaniaConfig
[21:02:54] [ForkJoinPool.commonPool-worker-4/INFO] [NotEnoughEnergistics]: Found ThermalExpansion, install ThermalExpansion support
[21:02:54] [ForkJoinPool.commonPool-worker-8/DEBUG] [NotEnoughItems]: Loaded wanion.avaritiaddons.plugins.nei.NEIConfig
[21:02:54] [ForkJoinPool.commonPool-worker-9/DEBUG] [NotEnoughItems]: Loaded WayofTime.alchemicalWizardry.client.nei.NEIConfig
[21:02:54] [ForkJoinPool.commonPool-worker-4/INFO] [NotEnoughEnergistics]: Found BloodMagic, install BloodMagic support
[21:02:54] [ForkJoinPool.commonPool-worker-4/INFO] [NotEnoughEnergistics]: -----Not Enough Energistics Init  Finished-----
[21:02:54] [ForkJoinPool.commonPool-worker-13/DEBUG] [NotEnoughItems]: Loaded net.bdew.ae2stuff.nei.NEI_AE2Stuff_Config
[21:02:54] [ForkJoinPool.commonPool-worker-13/DEBUG] [NotEnoughItems]: Loaded cofh.plugins.nei.NEICoFHConfig
[21:02:54] [ForkJoinPool.commonPool-worker-4/INFO] [NotEnoughEnergistics]: NEIController replaced success
[21:02:54] [ForkJoinPool.commonPool-worker-6/DEBUG] [NotEnoughItems]: Loaded tconstruct.plugins.nei.NEITConstructConfig
[21:02:54] [ForkJoinPool.commonPool-worker-6/INFO] [Forestry]: Loading: Forestry NEI Integration
[21:02:54] [ForkJoinPool.commonPool-worker-11/DEBUG] [NotEnoughItems]: Loaded cofh.thermalexpansion.plugins.nei.NEIThermalExpansionConfig
[21:02:55] [ForkJoinPool.commonPool-worker-4/INFO] [NotEnoughEnergistics]: Install ThaumicEnergistics support
[21:02:55] [ForkJoinPool.commonPool-worker-11/DEBUG] [NotEnoughItems]: Loaded net.glease.tc4tweak.nei.NEIConfig
[21:02:55] [ForkJoinPool.commonPool-worker-13/ERROR] [NotEnoughItems]: Failed to Load flaxbeard.thaumicexploration.integration.nei.NEIConfig
java.lang.NullPointerException
	at flaxbeard.thaumicexploration.research.ReplicatorRecipes.canStackBeReplicated(ReplicatorRecipes.java:88) ~[?:?]
	at flaxbeard.thaumicexploration.integration.nei.ReplicatorHandler.init(ReplicatorHandler.java:157) ~[?:?]
	at flaxbeard.thaumicexploration.integration.nei.NEIConfig.loadConfig(NEIConfig.java:10) ~[?:?]
	at codechicken.nei.NEIClientConfig$23.lambda$run$0(NEIClientConfig.java:1002) ~[?:?]
	at java.util.stream.ForEachOps$ForEachOp$OfRef.accept(Unknown Source) [?:1.8.0_401]
	at java.util.HashMap$KeySpliterator.forEachRemaining(Unknown Source) [?:1.8.0_401]
	at java.util.stream.AbstractPipeline.copyInto(Unknown Source) [?:1.8.0_401]
	at java.util.stream.ForEachOps$ForEachTask.compute(Unknown Source) [?:1.8.0_401]
	at java.util.concurrent.CountedCompleter.exec(Unknown Source) [?:1.8.0_401]
	at java.util.concurrent.ForkJoinTask.doExec(Unknown Source) [?:1.8.0_401]
	at java.util.concurrent.ForkJoinPool$WorkQueue.runTask(Unknown Source) [?:1.8.0_401]
	at java.util.concurrent.ForkJoinPool.runWorker(Unknown Source) [?:1.8.0_401]
	at java.util.concurrent.ForkJoinWorkerThread.run(Unknown Source) [?:1.8.0_401]
[21:02:55] [ForkJoinPool.commonPool-worker-4/INFO] [NotEnoughEnergistics]: Install Avaritiaddons support
[21:02:55] [ForkJoinPool.commonPool-worker-9/DEBUG] [NotEnoughItems]: Loaded crazypants.enderio.nei.NEIEnderIOConfig
[21:02:55] [ForkJoinPool.commonPool-worker-2/DEBUG] [NotEnoughItems]: Loaded evilcraft.modcompat.nei.NEIEvilCraftConfig
[21:02:55] [ForkJoinPool.commonPool-worker-4/DEBUG] [NotEnoughItems]: Loaded com.github.vfyjxf.nee.NEINeeConfig
[21:02:55] [ForkJoinPool.commonPool-worker-6/DEBUG] [NotEnoughItems]: Loaded forestry.core.recipes.nei.NEIIntegrationConfig
[21:02:55] [ForkJoinPool.commonPool-worker-6/INFO] [OpenMods]: openblocks.NEIOpenBlocksConfig.loadConfig(NEIOpenBlocksConfig.java:40): OpenBlocks NEI Integration loaded successfully
[21:02:55] [ForkJoinPool.commonPool-worker-6/DEBUG] [NotEnoughItems]: Loaded openblocks.NEIOpenBlocksConfig
[21:02:55] [ForkJoinPool.commonPool-worker-1/INFO] [extrautils]: Added NEI integration
[21:02:55] [ForkJoinPool.commonPool-worker-1/DEBUG] [NotEnoughItems]: Loaded com.rwtema.extrautils.nei.NEIInfoHandlerConfig
[21:02:55] [ForkJoinPool.commonPool-worker-6/DEBUG] [NotEnoughItems]: Loaded witchinggadgets.client.nei.NEIWGConfig
[21:02:55] [ForkJoinPool.commonPool-worker-1/DEBUG] [NotEnoughItems]: Loaded com.cleanroommc.modularui.integration.nei.NEIModularUIConfig
[21:02:55] [ForkJoinPool.commonPool-worker-1/DEBUG] [NotEnoughItems]: Loaded pixlepix.auracascade.main.NEIAuraConfig
[21:02:55] [ForkJoinPool.commonPool-worker-1/DEBUG] [NotEnoughItems]: Loaded team.chisel.compat.nei.NEIChiselConfig
[21:02:55] [ForkJoinPool.commonPool-worker-9/DEBUG] [NotEnoughItems]: Loaded com.emoniph.witchery.integration.NEIWitcheryConfig
[21:02:55] [ForkJoinPool.commonPool-worker-1/WARN] [FML]: NEI: Forced tag update with reason (showDurabilityBar) for 1xitem.manaTablet@0(vazkii.botania.common.item.ItemManaTablet@37ccf0f9)
[21:02:55] [ForkJoinPool.commonPool-worker-1/WARN] [FML]: NEI: Forced tag update with reason (getDamage) for 1xitem.manaMirror@0(vazkii.botania.common.item.ItemManaMirror@3af384d0)
[21:02:55] [ForkJoinPool.commonPool-worker-1/WARN] [FML]: NEI: Forced tag update with reason (getDamage) for 1xitem.manaRing@10000(vazkii.botania.common.item.equipment.bauble.ItemManaRing@2c2b5560)
[21:02:55] [ForkJoinPool.commonPool-worker-1/WARN] [FML]: NEI: Forced tag update with reason (getDamage) for 1xitem.manaRingGreater@10000(vazkii.botania.common.item.equipment.bauble.ItemGreaterManaRing@3df8985b)
[21:02:55] [ForkJoinPool.commonPool-worker-1/WARN] [FML]: NEI: Forced tag update with reason (getDamage) for 1xitem.manaInkwell@150(vazkii.botania.common.item.interaction.thaumcraft.ItemManaInkwell@47f19d62)
[21:02:55] [ForkJoinPool.commonPool-worker-1/WARN] [FML]: NEI: Forced tag update with reason (getDamage) for 1xitem.manaInkwell@0(vazkii.botania.common.item.interaction.thaumcraft.ItemManaInkwell@47f19d62)
[21:02:55] [ForkJoinPool.commonPool-worker-1/WARN] [FML]: NEI: Forced tag update with reason (getDamage) for 1xitem.mithrillManaRing@10000(ab.common.item.equipment.ItemMithrillRing@86a8f5)
[21:02:55] [ForkJoinPool.commonPool-worker-1/WARN] [FML]: NEI: Forced tag update with reason (getDamage) for 1xitem.nebulaManaRing@10000(ab.common.item.equipment.ItemNebulaRing@433e8bb1)
[21:02:55] [ForkJoinPool.commonPool-worker-1/WARN] [FML]: NEI: Forced tag update with reason (getDigSpeed) for 1xitem.mithrillMultiTool@0(ab.common.item.equipment.ItemMithrillMultiTool@507d7ad5)
[21:02:55] [ForkJoinPool.commonPool-worker-1/WARN] [FML]: NEI: Forced tag update with reason (showDurabilityBar) for 1xitem.hornPlenty@0(ab.common.item.relic.ItemHornPlenty@54c73a2)
[21:02:55] [ForkJoinPool.commonPool-worker-1/WARN] [FML]: NEI: Forced tag update with reason (getDamage) for 1xitem.nebulaHelm@0(ab.common.item.equipment.armor.ItemNebulaHelm@361442e6)
[21:02:55] [ForkJoinPool.commonPool-worker-1/WARN] [FML]: NEI: Forced tag update with reason (getDamage) for 1xitem.nebulaChest@0(ab.common.item.equipment.armor.ItemNebulaChest@5023e6e5)
[21:02:55] [ForkJoinPool.commonPool-worker-1/WARN] [FML]: NEI: Forced tag update with reason (getDamage) for 1xitem.nebulaLegs@0(ab.common.item.equipment.armor.ItemNebulaLegs@1e6e47df)
[21:02:55] [ForkJoinPool.commonPool-worker-1/WARN] [FML]: NEI: Forced tag update with reason (getDamage) for 1xitem.nebulaBoots@0(ab.common.item.equipment.armor.ItemNebulaBoots@5959b44d)
[21:02:55] [ForkJoinPool.commonPool-worker-1/WARN] [FML]: NEI: Forced tag update with reason (getDamage) for 1xitem.nebulaHelmRevealing@0(ab.common.item.equipment.armor.ItemNebulaHelmRevealing@53eeb152)
[21:02:55] [ForkJoinPool.commonPool-worker-1/WARN] [FML]: NEI: Forced tag update with reason (showDurabilityBar) for 1xitem.wirelessCraftingTerminal@0(ItemWirelessCraftingTerminal)
[21:02:55] [ForkJoinPool.commonPool-worker-1/WARN] [FML]: NEI: Forced tag update with reason (getDigSpeed) for 1xitem.boundPickaxe@0(WayofTime.alchemicalWizardry.common.items.BoundPickaxe@12f5b565)
[21:02:55] [ForkJoinPool.commonPool-worker-1/WARN] [FML]: NEI: Forced tag update with reason (getDigSpeed) for 1xitem.boundAxe@0(WayofTime.alchemicalWizardry.common.items.BoundAxe@2bb8ab6b)
[21:02:55] [ForkJoinPool.commonPool-worker-1/WARN] [FML]: NEI: Forced tag update with reason (getDigSpeed) for 1xitem.boundShovel@0(WayofTime.alchemicalWizardry.common.items.BoundShovel@65f8f008)
[21:02:55] [ForkJoinPool.commonPool-worker-1/WARN] [FML]: NEI: Forced tag update with reason (getToolClasses) for 1xitem.multiTool@0(WayofTime.alchemicalWizardry.api.items.ItemSpellMultiTool@791d9e9a)
[21:02:55] [ForkJoinPool.commonPool-worker-1/WARN] [FML]: NEI: Forced tag update with reason (getAttributeModifiers) for 1xitem.boundHelmetWater@0(WayofTime.alchemicalWizardry.common.items.armour.OmegaArmourWater@103df21e)
[21:02:55] [ForkJoinPool.commonPool-worker-1/WARN] [FML]: NEI: Forced tag update with reason (getAttributeModifiers) for 1xitem.boundPlateWater@0(WayofTime.alchemicalWizardry.common.items.armour.OmegaArmourWater@588da5de)
[21:02:55] [ForkJoinPool.commonPool-worker-1/WARN] [FML]: NEI: Forced tag update with reason (getAttributeModifiers) for 1xitem.boundLeggingsWater@0(WayofTime.alchemicalWizardry.common.items.armour.OmegaArmourWater@807fcbf)
[21:02:55] [ForkJoinPool.commonPool-worker-1/WARN] [FML]: NEI: Forced tag update with reason (getAttributeModifiers) for 1xitem.boundBootsWater@0(WayofTime.alchemicalWizardry.common.items.armour.OmegaArmourWater@57e0df8f)
[21:02:55] [ForkJoinPool.commonPool-worker-1/WARN] [FML]: NEI: Forced tag update with reason (getAttributeModifiers) for 1xitem.boundHelmetEarth@0(WayofTime.alchemicalWizardry.common.items.armour.OmegaArmourEarth@58835929)
[21:02:55] [ForkJoinPool.commonPool-worker-1/WARN] [FML]: NEI: Forced tag update with reason (getAttributeModifiers) for 1xitem.boundPlateEarth@0(WayofTime.alchemicalWizardry.common.items.armour.OmegaArmourEarth@45367038)
[21:02:55] [ForkJoinPool.commonPool-worker-1/WARN] [FML]: NEI: Forced tag update with reason (getAttributeModifiers) for 1xitem.boundLeggingsEarth@0(WayofTime.alchemicalWizardry.common.items.armour.OmegaArmourEarth@34d55cb9)
[21:02:55] [ForkJoinPool.commonPool-worker-1/WARN] [FML]: NEI: Forced tag update with reason (getAttributeModifiers) for 1xitem.boundBootsEarth@0(WayofTime.alchemicalWizardry.common.items.armour.OmegaArmourEarth@6f992921)
[21:02:55] [ForkJoinPool.commonPool-worker-1/WARN] [FML]: NEI: Forced tag update with reason (getAttributeModifiers) for 1xitem.boundHelmetWind@0(WayofTime.alchemicalWizardry.common.items.armour.OmegaArmourWind@2e7f3ed0)
[21:02:55] [ForkJoinPool.commonPool-worker-1/WARN] [FML]: NEI: Forced tag update with reason (getAttributeModifiers) for 1xitem.boundPlateWind@0(WayofTime.alchemicalWizardry.common.items.armour.OmegaArmourWind@c0c814c)
[21:02:55] [ForkJoinPool.commonPool-worker-1/WARN] [FML]: NEI: Forced tag update with reason (getAttributeModifiers) for 1xitem.boundLeggingsWind@0(WayofTime.alchemicalWizardry.common.items.armour.OmegaArmourWind@4abe7247)
[21:02:55] [ForkJoinPool.commonPool-worker-1/WARN] [FML]: NEI: Forced tag update with reason (getAttributeModifiers) for 1xitem.boundBootsWind@0(WayofTime.alchemicalWizardry.common.items.armour.OmegaArmourWind@6258d06c)
[21:02:55] [ForkJoinPool.commonPool-worker-1/WARN] [FML]: NEI: Forced tag update with reason (getAttributeModifiers) for 1xitem.boundHelmetFire@0(WayofTime.alchemicalWizardry.common.items.armour.OmegaArmourFire@503671b4)
[21:02:55] [ForkJoinPool.commonPool-worker-1/WARN] [FML]: NEI: Forced tag update with reason (getAttributeModifiers) for 1xitem.boundPlateFire@0(WayofTime.alchemicalWizardry.common.items.armour.OmegaArmourFire@e154ad)
[21:02:55] [ForkJoinPool.commonPool-worker-1/WARN] [FML]: NEI: Forced tag update with reason (getAttributeModifiers) for 1xitem.boundLeggingsFire@0(WayofTime.alchemicalWizardry.common.items.armour.OmegaArmourFire@21a63d63)
[21:02:55] [ForkJoinPool.commonPool-worker-1/WARN] [FML]: NEI: Forced tag update with reason (getAttributeModifiers) for 1xitem.boundBootsFire@0(WayofTime.alchemicalWizardry.common.items.armour.OmegaArmourFire@25a61210)
[21:02:56] [ForkJoinPool.commonPool-worker-1/WARN] [FML]: NEI: Forced tag update with reason (isDamaged) for 1xitem.witchery:poppet@0(com.emoniph.witchery.item.ItemPoppet@5987d436)
[21:02:56] [ForkJoinPool.commonPool-worker-1/WARN] [FML]: NEI: Forced tag update with reason (isDamaged) for 1xitem.witchery:poppet@1(com.emoniph.witchery.item.ItemPoppet@5987d436)
[21:02:56] [ForkJoinPool.commonPool-worker-1/WARN] [FML]: NEI: Forced tag update with reason (isDamaged) for 1xitem.witchery:poppet@2(com.emoniph.witchery.item.ItemPoppet@5987d436)
[21:02:56] [ForkJoinPool.commonPool-worker-1/WARN] [FML]: NEI: Forced tag update with reason (isDamaged) for 1xitem.witchery:poppet@3(com.emoniph.witchery.item.ItemPoppet@5987d436)
[21:02:56] [ForkJoinPool.commonPool-worker-1/WARN] [FML]: NEI: Forced tag update with reason (isDamaged) for 1xitem.witchery:poppet@4(com.emoniph.witchery.item.ItemPoppet@5987d436)
[21:02:56] [ForkJoinPool.commonPool-worker-1/WARN] [FML]: NEI: Forced tag update with reason (isDamaged) for 1xitem.witchery:poppet@5(com.emoniph.witchery.item.ItemPoppet@5987d436)
[21:02:56] [ForkJoinPool.commonPool-worker-1/WARN] [FML]: NEI: Forced tag update with reason (isDamaged) for 1xitem.witchery:poppet@6(com.emoniph.witchery.item.ItemPoppet@5987d436)
[21:02:56] [ForkJoinPool.commonPool-worker-1/WARN] [FML]: NEI: Forced tag update with reason (isDamaged) for 1xitem.witchery:poppet@7(com.emoniph.witchery.item.ItemPoppet@5987d436)
[21:02:56] [ForkJoinPool.commonPool-worker-1/WARN] [FML]: NEI: Forced tag update with reason (isDamaged) for 1xitem.witchery:poppet@8(com.emoniph.witchery.item.ItemPoppet@5987d436)
[21:02:56] [ForkJoinPool.commonPool-worker-1/WARN] [FML]: NEI: Forced tag update with reason (isDamaged) for 1xitem.witchery:poppet@9(com.emoniph.witchery.item.ItemPoppet@5987d436)
[21:02:56] [ForkJoinPool.commonPool-worker-1/WARN] [FML]: NEI: Forced tag update with reason (isDamaged) for 1xitem.witchery:poppet@10(com.emoniph.witchery.item.ItemPoppet@5987d436)
[21:02:56] [ForkJoinPool.commonPool-worker-1/WARN] [FML]: NEI: Forced tag update with reason (isDamaged) for 1xitem.witchery:poppet@11(com.emoniph.witchery.item.ItemPoppet@5987d436)
[21:02:56] [ForkJoinPool.commonPool-worker-1/WARN] [FML]: NEI: Forced tag update with reason (getDigSpeed) for 1xitem.draconicevolution:draconicDistructionStaff@0(com.brandon3055.draconicevolution.common.items.tools.DraconicDistructionStaff@78ca455e)
[21:02:56] [ForkJoinPool.commonPool-worker-1/WARN] [FML]: NEI: Forced tag update with reason (getDigSpeed) for 1xitem.draconicevolution:draconicPickaxe@0(com.brandon3055.draconicevolution.common.items.tools.DraconicPickaxe@68a7d6)
[21:02:56] [ForkJoinPool.commonPool-worker-1/WARN] [FML]: NEI: Forced tag update with reason (getDigSpeed) for 1xitem.draconicevolution:draconicAxe@0(com.brandon3055.draconicevolution.common.items.tools.DraconicAxe@5c8e1f31)
[21:02:56] [ForkJoinPool.commonPool-worker-1/WARN] [FML]: NEI: Forced tag update with reason (getDigSpeed) for 1xitem.draconicevolution:draconicShovel@0(com.brandon3055.draconicevolution.common.items.tools.DraconicShovel@4f511f42)
[21:02:56] [ForkJoinPool.commonPool-worker-1/WARN] [FML]: NEI: Forced tag update with reason (getDigSpeed) for 1xitem.draconicevolution:wyvernPickaxe@0(com.brandon3055.draconicevolution.common.items.tools.WyvernPickaxe@619c3289)
[21:02:56] [ForkJoinPool.commonPool-worker-1/WARN] [FML]: NEI: Forced tag update with reason (getDigSpeed) for 1xitem.draconicevolution:wyvernShovel@0(com.brandon3055.draconicevolution.common.items.tools.WyvernShovel@416e11f7)
[21:02:56] [ForkJoinPool.commonPool-worker-1/WARN] [FML]: NEI: Forced tag update with reason (getFluid) for 1xitem.items.boundBloodDrop@0(evilcraft.modcompat.bloodmagic.BoundBloodDrop@6c768bf8)
[21:02:56] [ForkJoinPool.commonPool-worker-1/ERROR] [NotEnoughItems]: Removing item: moze_intel.projecte.gameObjs.items.PhilosophersStone@5c46b38a from list.
java.lang.NullPointerException
	at moze_intel.projecte.gameObjs.items.ItemCharge.getCharge(ItemCharge.java:57) ~[?:?]
	at moze_intel.projecte.gameObjs.items.ItemCharge.getDurabilityForDisplay(ItemCharge.java:30) ~[?:?]
	at codechicken.nei.ItemList$1.lambda$forceTagCompoundInitialization$6(ItemList.java:336) ~[?:?]
	at codechicken.nei.ItemList$1.runChecked(ItemList.java:310) ~[?:?]
	at codechicken.nei.ItemList$1.forceTagCompoundInitialization(ItemList.java:336) ~[?:?]
	at codechicken.nei.ItemList$1.lambda$execute$12(ItemList.java:401) ~[?:?]
	at java.util.stream.ForEachOps$ForEachOp$OfRef.accept(Unknown Source) [?:1.8.0_401]
	at java.util.Spliterators$ArraySpliterator.forEachRemaining(Unknown Source) [?:1.8.0_401]
	at java.util.stream.AbstractPipeline.copyInto(Unknown Source) [?:1.8.0_401]
	at java.util.stream.ForEachOps$ForEachTask.compute(Unknown Source) [?:1.8.0_401]
	at java.util.concurrent.CountedCompleter.exec(Unknown Source) [?:1.8.0_401]
	at java.util.concurrent.ForkJoinTask.doExec(Unknown Source) [?:1.8.0_401]
	at java.util.concurrent.ForkJoinPool$WorkQueue.execLocalTasks(Unknown Source) [?:1.8.0_401]
	at java.util.concurrent.ForkJoinPool$WorkQueue.runTask(Unknown Source) [?:1.8.0_401]
	at java.util.concurrent.ForkJoinPool.runWorker(Unknown Source) [?:1.8.0_401]
	at java.util.concurrent.ForkJoinWorkerThread.run(Unknown Source) [?:1.8.0_401]
[21:02:56] [ForkJoinPool.commonPool-worker-1/WARN] [FML]: NEI: Forced tag update with reason (getDurabilityForDisplay) for 1xitem.pe_klein_star@0(moze_intel.projecte.gameObjs.items.KleinStar@484b7b7f)
[21:02:56] [ForkJoinPool.commonPool-worker-1/WARN] [FML]: NEI: Forced tag update with reason (getDurabilityForDisplay) for 1xitem.pe_klein_star@1(moze_intel.projecte.gameObjs.items.KleinStar@484b7b7f)
[21:02:56] [ForkJoinPool.commonPool-worker-1/WARN] [FML]: NEI: Forced tag update with reason (getDurabilityForDisplay) for 1xitem.pe_klein_star@2(moze_intel.projecte.gameObjs.items.KleinStar@484b7b7f)
[21:02:56] [ForkJoinPool.commonPool-worker-1/WARN] [FML]: NEI: Forced tag update with reason (getDurabilityForDisplay) for 1xitem.pe_klein_star@3(moze_intel.projecte.gameObjs.items.KleinStar@484b7b7f)
[21:02:56] [ForkJoinPool.commonPool-worker-1/WARN] [FML]: NEI: Forced tag update with reason (getDurabilityForDisplay) for 1xitem.pe_klein_star@4(moze_intel.projecte.gameObjs.items.KleinStar@484b7b7f)
[21:02:56] [ForkJoinPool.commonPool-worker-1/WARN] [FML]: NEI: Forced tag update with reason (getDurabilityForDisplay) for 1xitem.pe_klein_star@5(moze_intel.projecte.gameObjs.items.KleinStar@484b7b7f)
[21:02:56] [ForkJoinPool.commonPool-worker-1/ERROR] [NotEnoughItems]: Removing item: moze_intel.projecte.gameObjs.items.tools.DarkPick@4752849c from list.
java.lang.NullPointerException
	at moze_intel.projecte.gameObjs.items.ItemCharge.getCharge(ItemCharge.java:57) ~[?:?]
	at moze_intel.projecte.gameObjs.items.ItemCharge.getDurabilityForDisplay(ItemCharge.java:30) ~[?:?]
	at codechicken.nei.ItemList$1.lambda$forceTagCompoundInitialization$6(ItemList.java:336) ~[?:?]
	at codechicken.nei.ItemList$1.runChecked(ItemList.java:310) ~[?:?]
	at codechicken.nei.ItemList$1.forceTagCompoundInitialization(ItemList.java:336) ~[?:?]
	at codechicken.nei.ItemList$1.lambda$execute$12(ItemList.java:401) ~[?:?]
	at java.util.stream.ForEachOps$ForEachOp$OfRef.accept(Unknown Source) [?:1.8.0_401]
	at java.util.Spliterators$ArraySpliterator.forEachRemaining(Unknown Source) [?:1.8.0_401]
	at java.util.stream.AbstractPipeline.copyInto(Unknown Source) [?:1.8.0_401]
	at java.util.stream.ForEachOps$ForEachTask.compute(Unknown Source) [?:1.8.0_401]
	at java.util.concurrent.CountedCompleter.exec(Unknown Source) [?:1.8.0_401]
	at java.util.concurrent.ForkJoinTask.doExec(Unknown Source) [?:1.8.0_401]
	at java.util.concurrent.ForkJoinPool$WorkQueue.execLocalTasks(Unknown Source) [?:1.8.0_401]
	at java.util.concurrent.ForkJoinPool$WorkQueue.runTask(Unknown Source) [?:1.8.0_401]
	at java.util.concurrent.ForkJoinPool.runWorker(Unknown Source) [?:1.8.0_401]
	at java.util.concurrent.ForkJoinWorkerThread.run(Unknown Source) [?:1.8.0_401]
[21:02:56] [ForkJoinPool.commonPool-worker-1/ERROR] [NotEnoughItems]: Removing item: moze_intel.projecte.gameObjs.items.tools.DarkAxe@24111fda from list.
java.lang.NullPointerException
	at moze_intel.projecte.gameObjs.items.ItemCharge.getCharge(ItemCharge.java:57) ~[?:?]
	at moze_intel.projecte.gameObjs.items.ItemCharge.getDurabilityForDisplay(ItemCharge.java:30) ~[?:?]
	at codechicken.nei.ItemList$1.lambda$forceTagCompoundInitialization$6(ItemList.java:336) ~[?:?]
	at codechicken.nei.ItemList$1.runChecked(ItemList.java:310) ~[?:?]
	at codechicken.nei.ItemList$1.forceTagCompoundInitialization(ItemList.java:336) ~[?:?]
	at codechicken.nei.ItemList$1.lambda$execute$12(ItemList.java:401) ~[?:?]
	at java.util.stream.ForEachOps$ForEachOp$OfRef.accept(Unknown Source) [?:1.8.0_401]
	at java.util.Spliterators$ArraySpliterator.forEachRemaining(Unknown Source) [?:1.8.0_401]
	at java.util.stream.AbstractPipeline.copyInto(Unknown Source) [?:1.8.0_401]
	at java.util.stream.ForEachOps$ForEachTask.compute(Unknown Source) [?:1.8.0_401]
	at java.util.concurrent.CountedCompleter.exec(Unknown Source) [?:1.8.0_401]
	at java.util.concurrent.ForkJoinTask.doExec(Unknown Source) [?:1.8.0_401]
	at java.util.concurrent.ForkJoinPool$WorkQueue.execLocalTasks(Unknown Source) [?:1.8.0_401]
	at java.util.concurrent.ForkJoinPool$WorkQueue.runTask(Unknown Source) [?:1.8.0_401]
	at java.util.concurrent.ForkJoinPool.runWorker(Unknown Source) [?:1.8.0_401]
	at java.util.concurrent.ForkJoinWorkerThread.run(Unknown Source) [?:1.8.0_401]
[21:02:56] [ForkJoinPool.commonPool-worker-1/ERROR] [NotEnoughItems]: Removing item: moze_intel.projecte.gameObjs.items.tools.DarkShovel@5f2ce0f1 from list.
java.lang.NullPointerException
	at moze_intel.projecte.gameObjs.items.ItemCharge.getCharge(ItemCharge.java:57) ~[?:?]
	at moze_intel.projecte.gameObjs.items.ItemCharge.getDurabilityForDisplay(ItemCharge.java:30) ~[?:?]
	at codechicken.nei.ItemList$1.lambda$forceTagCompoundInitialization$6(ItemList.java:336) ~[?:?]
	at codechicken.nei.ItemList$1.runChecked(ItemList.java:310) ~[?:?]
	at codechicken.nei.ItemList$1.forceTagCompoundInitialization(ItemList.java:336) ~[?:?]
	at codechicken.nei.ItemList$1.lambda$execute$12(ItemList.java:401) ~[?:?]
	at java.util.stream.ForEachOps$ForEachOp$OfRef.accept(Unknown Source) [?:1.8.0_401]
	at java.util.Spliterators$ArraySpliterator.forEachRemaining(Unknown Source) [?:1.8.0_401]
	at java.util.stream.AbstractPipeline.copyInto(Unknown Source) [?:1.8.0_401]
	at java.util.stream.ForEachOps$ForEachTask.compute(Unknown Source) [?:1.8.0_401]
	at java.util.concurrent.CountedCompleter.exec(Unknown Source) [?:1.8.0_401]
	at java.util.concurrent.ForkJoinTask.doExec(Unknown Source) [?:1.8.0_401]
	at java.util.concurrent.ForkJoinPool$WorkQueue.execLocalTasks(Unknown Source) [?:1.8.0_401]
	at java.util.concurrent.ForkJoinPool$WorkQueue.runTask(Unknown Source) [?:1.8.0_401]
	at java.util.concurrent.ForkJoinPool.runWorker(Unknown Source) [?:1.8.0_401]
	at java.util.concurrent.ForkJoinWorkerThread.run(Unknown Source) [?:1.8.0_401]
[21:02:56] [ForkJoinPool.commonPool-worker-1/ERROR] [NotEnoughItems]: Removing item: moze_intel.projecte.gameObjs.items.tools.DarkSword@7ca98a3 from list.
java.lang.NullPointerException
	at moze_intel.projecte.gameObjs.items.ItemCharge.getCharge(ItemCharge.java:57) ~[?:?]
	at moze_intel.projecte.gameObjs.items.ItemCharge.getDurabilityForDisplay(ItemCharge.java:30) ~[?:?]
	at codechicken.nei.ItemList$1.lambda$forceTagCompoundInitialization$6(ItemList.java:336) ~[?:?]
	at codechicken.nei.ItemList$1.runChecked(ItemList.java:310) ~[?:?]
	at codechicken.nei.ItemList$1.forceTagCompoundInitialization(ItemList.java:336) ~[?:?]
	at codechicken.nei.ItemList$1.lambda$execute$12(ItemList.java:401) ~[?:?]
	at java.util.stream.ForEachOps$ForEachOp$OfRef.accept(Unknown Source) [?:1.8.0_401]
	at java.util.Spliterators$ArraySpliterator.forEachRemaining(Unknown Source) [?:1.8.0_401]
	at java.util.stream.AbstractPipeline.copyInto(Unknown Source) [?:1.8.0_401]
	at java.util.stream.ForEachOps$ForEachTask.compute(Unknown Source) [?:1.8.0_401]
	at java.util.concurrent.CountedCompleter.exec(Unknown Source) [?:1.8.0_401]
	at java.util.concurrent.ForkJoinTask.doExec(Unknown Source) [?:1.8.0_401]
	at java.util.concurrent.ForkJoinPool$WorkQueue.execLocalTasks(Unknown Source) [?:1.8.0_401]
	at java.util.concurrent.ForkJoinPool$WorkQueue.runTask(Unknown Source) [?:1.8.0_401]
	at java.util.concurrent.ForkJoinPool.runWorker(Unknown Source) [?:1.8.0_401]
	at java.util.concurrent.ForkJoinWorkerThread.run(Unknown Source) [?:1.8.0_401]
[21:02:56] [ForkJoinPool.commonPool-worker-1/ERROR] [NotEnoughItems]: Removing item: moze_intel.projecte.gameObjs.items.tools.DarkHoe@546f9aa2 from list.
java.lang.NullPointerException
	at moze_intel.projecte.gameObjs.items.ItemCharge.getCharge(ItemCharge.java:57) ~[?:?]
	at moze_intel.projecte.gameObjs.items.ItemCharge.getDurabilityForDisplay(ItemCharge.java:30) ~[?:?]
	at codechicken.nei.ItemList$1.lambda$forceTagCompoundInitialization$6(ItemList.java:336) ~[?:?]
	at codechicken.nei.ItemList$1.runChecked(ItemList.java:310) ~[?:?]
	at codechicken.nei.ItemList$1.forceTagCompoundInitialization(ItemList.java:336) ~[?:?]
	at codechicken.nei.ItemList$1.lambda$execute$12(ItemList.java:401) ~[?:?]
	at java.util.stream.ForEachOps$ForEachOp$OfRef.accept(Unknown Source) [?:1.8.0_401]
	at java.util.Spliterators$ArraySpliterator.forEachRemaining(Unknown Source) [?:1.8.0_401]
	at java.util.stream.AbstractPipeline.copyInto(Unknown Source) [?:1.8.0_401]
	at java.util.stream.ForEachOps$ForEachTask.compute(Unknown Source) [?:1.8.0_401]
	at java.util.concurrent.CountedCompleter.exec(Unknown Source) [?:1.8.0_401]
	at java.util.concurrent.ForkJoinTask.doExec(Unknown Source) [?:1.8.0_401]
	at java.util.concurrent.ForkJoinPool$WorkQueue.execLocalTasks(Unknown Source) [?:1.8.0_401]
	at java.util.concurrent.ForkJoinPool$WorkQueue.runTask(Unknown Source) [?:1.8.0_401]
	at java.util.concurrent.ForkJoinPool.runWorker(Unknown Source) [?:1.8.0_401]
	at java.util.concurrent.ForkJoinWorkerThread.run(Unknown Source) [?:1.8.0_401]
[21:02:56] [ForkJoinPool.commonPool-worker-1/ERROR] [NotEnoughItems]: Removing item: moze_intel.projecte.gameObjs.items.tools.DarkShears@782cb03a from list.
java.lang.NullPointerException
	at moze_intel.projecte.gameObjs.items.ItemCharge.getCharge(ItemCharge.java:57) ~[?:?]
	at moze_intel.projecte.gameObjs.items.ItemCharge.getDurabilityForDisplay(ItemCharge.java:30) ~[?:?]
	at codechicken.nei.ItemList$1.lambda$forceTagCompoundInitialization$6(ItemList.java:336) ~[?:?]
	at codechicken.nei.ItemList$1.runChecked(ItemList.java:310) ~[?:?]
	at codechicken.nei.ItemList$1.forceTagCompoundInitialization(ItemList.java:336) ~[?:?]
	at codechicken.nei.ItemList$1.lambda$execute$12(ItemList.java:401) ~[?:?]
	at java.util.stream.ForEachOps$ForEachOp$OfRef.accept(Unknown Source) [?:1.8.0_401]
	at java.util.Spliterators$ArraySpliterator.forEachRemaining(Unknown Source) [?:1.8.0_401]
	at java.util.stream.AbstractPipeline.copyInto(Unknown Source) [?:1.8.0_401]
	at java.util.stream.ForEachOps$ForEachTask.compute(Unknown Source) [?:1.8.0_401]
	at java.util.concurrent.CountedCompleter.exec(Unknown Source) [?:1.8.0_401]
	at java.util.concurrent.ForkJoinTask.doExec(Unknown Source) [?:1.8.0_401]
	at java.util.concurrent.ForkJoinPool$WorkQueue.execLocalTasks(Unknown Source) [?:1.8.0_401]
	at java.util.concurrent.ForkJoinPool$WorkQueue.runTask(Unknown Source) [?:1.8.0_401]
	at java.util.concurrent.ForkJoinPool.runWorker(Unknown Source) [?:1.8.0_401]
	at java.util.concurrent.ForkJoinWorkerThread.run(Unknown Source) [?:1.8.0_401]
[21:02:56] [ForkJoinPool.commonPool-worker-1/ERROR] [NotEnoughItems]: Removing item: moze_intel.projecte.gameObjs.items.tools.DarkHammer@403feca6 from list.
java.lang.NullPointerException
	at moze_intel.projecte.gameObjs.items.ItemCharge.getCharge(ItemCharge.java:57) ~[?:?]
	at moze_intel.projecte.gameObjs.items.ItemCharge.getDurabilityForDisplay(ItemCharge.java:30) ~[?:?]
	at codechicken.nei.ItemList$1.lambda$forceTagCompoundInitialization$6(ItemList.java:336) ~[?:?]
	at codechicken.nei.ItemList$1.runChecked(ItemList.java:310) ~[?:?]
	at codechicken.nei.ItemList$1.forceTagCompoundInitialization(ItemList.java:336) ~[?:?]
	at codechicken.nei.ItemList$1.lambda$execute$12(ItemList.java:401) ~[?:?]
	at java.util.stream.ForEachOps$ForEachOp$OfRef.accept(Unknown Source) [?:1.8.0_401]
	at java.util.Spliterators$ArraySpliterator.forEachRemaining(Unknown Source) [?:1.8.0_401]
	at java.util.stream.AbstractPipeline.copyInto(Unknown Source) [?:1.8.0_401]
	at java.util.stream.ForEachOps$ForEachTask.compute(Unknown Source) [?:1.8.0_401]
	at java.util.concurrent.CountedCompleter.exec(Unknown Source) [?:1.8.0_401]
	at java.util.concurrent.ForkJoinTask.doExec(Unknown Source) [?:1.8.0_401]
	at java.util.concurrent.ForkJoinPool$WorkQueue.execLocalTasks(Unknown Source) [?:1.8.0_401]
	at java.util.concurrent.ForkJoinPool$WorkQueue.runTask(Unknown Source) [?:1.8.0_401]
	at java.util.concurrent.ForkJoinPool.runWorker(Unknown Source) [?:1.8.0_401]
	at java.util.concurrent.ForkJoinWorkerThread.run(Unknown Source) [?:1.8.0_401]
[21:02:56] [ForkJoinPool.commonPool-worker-1/ERROR] [NotEnoughItems]: Removing item: moze_intel.projecte.gameObjs.items.tools.RedPick@13e37b82 from list.
java.lang.NullPointerException
	at moze_intel.projecte.gameObjs.items.ItemCharge.getCharge(ItemCharge.java:57) ~[?:?]
	at moze_intel.projecte.gameObjs.items.ItemCharge.getDurabilityForDisplay(ItemCharge.java:30) ~[?:?]
	at codechicken.nei.ItemList$1.lambda$forceTagCompoundInitialization$6(ItemList.java:336) ~[?:?]
	at codechicken.nei.ItemList$1.runChecked(ItemList.java:310) ~[?:?]
	at codechicken.nei.ItemList$1.forceTagCompoundInitialization(ItemList.java:336) ~[?:?]
	at codechicken.nei.ItemList$1.lambda$execute$12(ItemList.java:401) ~[?:?]
	at java.util.stream.ForEachOps$ForEachOp$OfRef.accept(Unknown Source) [?:1.8.0_401]
	at java.util.Spliterators$ArraySpliterator.forEachRemaining(Unknown Source) [?:1.8.0_401]
	at java.util.stream.AbstractPipeline.copyInto(Unknown Source) [?:1.8.0_401]
	at java.util.stream.ForEachOps$ForEachTask.compute(Unknown Source) [?:1.8.0_401]
	at java.util.concurrent.CountedCompleter.exec(Unknown Source) [?:1.8.0_401]
	at java.util.concurrent.ForkJoinTask.doExec(Unknown Source) [?:1.8.0_401]
	at java.util.concurrent.ForkJoinPool$WorkQueue.execLocalTasks(Unknown Source) [?:1.8.0_401]
	at java.util.concurrent.ForkJoinPool$WorkQueue.runTask(Unknown Source) [?:1.8.0_401]
	at java.util.concurrent.ForkJoinPool.runWorker(Unknown Source) [?:1.8.0_401]
	at java.util.concurrent.ForkJoinWorkerThread.run(Unknown Source) [?:1.8.0_401]
[21:02:56] [ForkJoinPool.commonPool-worker-1/ERROR] [NotEnoughItems]: Removing item: moze_intel.projecte.gameObjs.items.tools.RedAxe@3b7149d6 from list.
java.lang.NullPointerException
	at moze_intel.projecte.gameObjs.items.ItemCharge.getCharge(ItemCharge.java:57) ~[?:?]
	at moze_intel.projecte.gameObjs.items.ItemCharge.getDurabilityForDisplay(ItemCharge.java:30) ~[?:?]
	at codechicken.nei.ItemList$1.lambda$forceTagCompoundInitialization$6(ItemList.java:336) ~[?:?]
	at codechicken.nei.ItemList$1.runChecked(ItemList.java:310) ~[?:?]
	at codechicken.nei.ItemList$1.forceTagCompoundInitialization(ItemList.java:336) ~[?:?]
	at codechicken.nei.ItemList$1.lambda$execute$12(ItemList.java:401) ~[?:?]
	at java.util.stream.ForEachOps$ForEachOp$OfRef.accept(Unknown Source) [?:1.8.0_401]
	at java.util.Spliterators$ArraySpliterator.forEachRemaining(Unknown Source) [?:1.8.0_401]
	at java.util.stream.AbstractPipeline.copyInto(Unknown Source) [?:1.8.0_401]
	at java.util.stream.ForEachOps$ForEachTask.compute(Unknown Source) [?:1.8.0_401]
	at java.util.concurrent.CountedCompleter.exec(Unknown Source) [?:1.8.0_401]
	at java.util.concurrent.ForkJoinTask.doExec(Unknown Source) [?:1.8.0_401]
	at java.util.concurrent.ForkJoinPool$WorkQueue.execLocalTasks(Unknown Source) [?:1.8.0_401]
	at java.util.concurrent.ForkJoinPool$WorkQueue.runTask(Unknown Source) [?:1.8.0_401]
	at java.util.concurrent.ForkJoinPool.runWorker(Unknown Source) [?:1.8.0_401]
	at java.util.concurrent.ForkJoinWorkerThread.run(Unknown Source) [?:1.8.0_401]
[21:02:56] [ForkJoinPool.commonPool-worker-1/ERROR] [NotEnoughItems]: Removing item: moze_intel.projecte.gameObjs.items.tools.RedShovel@264183e2 from list.
java.lang.NullPointerException
	at moze_intel.projecte.gameObjs.items.ItemCharge.getCharge(ItemCharge.java:57) ~[?:?]
	at moze_intel.projecte.gameObjs.items.ItemCharge.getDurabilityForDisplay(ItemCharge.java:30) ~[?:?]
	at codechicken.nei.ItemList$1.lambda$forceTagCompoundInitialization$6(ItemList.java:336) ~[?:?]
	at codechicken.nei.ItemList$1.runChecked(ItemList.java:310) ~[?:?]
	at codechicken.nei.ItemList$1.forceTagCompoundInitialization(ItemList.java:336) ~[?:?]
	at codechicken.nei.ItemList$1.lambda$execute$12(ItemList.java:401) ~[?:?]
	at java.util.stream.ForEachOps$ForEachOp$OfRef.accept(Unknown Source) [?:1.8.0_401]
	at java.util.Spliterators$ArraySpliterator.forEachRemaining(Unknown Source) [?:1.8.0_401]
	at java.util.stream.AbstractPipeline.copyInto(Unknown Source) [?:1.8.0_401]
	at java.util.stream.ForEachOps$ForEachTask.compute(Unknown Source) [?:1.8.0_401]
	at java.util.concurrent.CountedCompleter.exec(Unknown Source) [?:1.8.0_401]
	at java.util.concurrent.ForkJoinTask.doExec(Unknown Source) [?:1.8.0_401]
	at java.util.concurrent.ForkJoinPool$WorkQueue.execLocalTasks(Unknown Source) [?:1.8.0_401]
	at java.util.concurrent.ForkJoinPool$WorkQueue.runTask(Unknown Source) [?:1.8.0_401]
	at java.util.concurrent.ForkJoinPool.runWorker(Unknown Source) [?:1.8.0_401]
	at java.util.concurrent.ForkJoinWorkerThread.run(Unknown Source) [?:1.8.0_401]
[21:02:56] [ForkJoinPool.commonPool-worker-1/ERROR] [NotEnoughItems]: Removing item: moze_intel.projecte.gameObjs.items.tools.RedSword@19241150 from list.
java.lang.NullPointerException
	at moze_intel.projecte.gameObjs.items.ItemCharge.getCharge(ItemCharge.java:57) ~[?:?]
	at moze_intel.projecte.gameObjs.items.ItemCharge.getDurabilityForDisplay(ItemCharge.java:30) ~[?:?]
	at codechicken.nei.ItemList$1.lambda$forceTagCompoundInitialization$6(ItemList.java:336) ~[?:?]
	at codechicken.nei.ItemList$1.runChecked(ItemList.java:310) ~[?:?]
	at codechicken.nei.ItemList$1.forceTagCompoundInitialization(ItemList.java:336) ~[?:?]
	at codechicken.nei.ItemList$1.lambda$execute$12(ItemList.java:401) ~[?:?]
	at java.util.stream.ForEachOps$ForEachOp$OfRef.accept(Unknown Source) [?:1.8.0_401]
	at java.util.Spliterators$ArraySpliterator.forEachRemaining(Unknown Source) [?:1.8.0_401]
	at java.util.stream.AbstractPipeline.copyInto(Unknown Source) [?:1.8.0_401]
	at java.util.stream.ForEachOps$ForEachTask.compute(Unknown Source) [?:1.8.0_401]
	at java.util.concurrent.CountedCompleter.exec(Unknown Source) [?:1.8.0_401]
	at java.util.concurrent.ForkJoinTask.doExec(Unknown Source) [?:1.8.0_401]
	at java.util.concurrent.ForkJoinPool$WorkQueue.execLocalTasks(Unknown Source) [?:1.8.0_401]
	at java.util.concurrent.ForkJoinPool$WorkQueue.runTask(Unknown Source) [?:1.8.0_401]
	at java.util.concurrent.ForkJoinPool.runWorker(Unknown Source) [?:1.8.0_401]
	at java.util.concurrent.ForkJoinWorkerThread.run(Unknown Source) [?:1.8.0_401]
[21:02:56] [ForkJoinPool.commonPool-worker-1/ERROR] [NotEnoughItems]: Removing item: moze_intel.projecte.gameObjs.items.tools.RedHoe@1113569d from list.
java.lang.NullPointerException
	at moze_intel.projecte.gameObjs.items.ItemCharge.getCharge(ItemCharge.java:57) ~[?:?]
	at moze_intel.projecte.gameObjs.items.ItemCharge.getDurabilityForDisplay(ItemCharge.java:30) ~[?:?]
	at codechicken.nei.ItemList$1.lambda$forceTagCompoundInitialization$6(ItemList.java:336) ~[?:?]
	at codechicken.nei.ItemList$1.runChecked(ItemList.java:310) ~[?:?]
	at codechicken.nei.ItemList$1.forceTagCompoundInitialization(ItemList.java:336) ~[?:?]
	at codechicken.nei.ItemList$1.lambda$execute$12(ItemList.java:401) ~[?:?]
	at java.util.stream.ForEachOps$ForEachOp$OfRef.accept(Unknown Source) [?:1.8.0_401]
	at java.util.Spliterators$ArraySpliterator.forEachRemaining(Unknown Source) [?:1.8.0_401]
	at java.util.stream.AbstractPipeline.copyInto(Unknown Source) [?:1.8.0_401]
	at java.util.stream.ForEachOps$ForEachTask.compute(Unknown Source) [?:1.8.0_401]
	at java.util.concurrent.CountedCompleter.exec(Unknown Source) [?:1.8.0_401]
	at java.util.concurrent.ForkJoinTask.doExec(Unknown Source) [?:1.8.0_401]
	at java.util.concurrent.ForkJoinPool$WorkQueue.execLocalTasks(Unknown Source) [?:1.8.0_401]
	at java.util.concurrent.ForkJoinPool$WorkQueue.runTask(Unknown Source) [?:1.8.0_401]
	at java.util.concurrent.ForkJoinPool.runWorker(Unknown Source) [?:1.8.0_401]
	at java.util.concurrent.ForkJoinWorkerThread.run(Unknown Source) [?:1.8.0_401]
[21:02:56] [ForkJoinPool.commonPool-worker-1/ERROR] [NotEnoughItems]: Removing item: moze_intel.projecte.gameObjs.items.tools.RedShears@209d8290 from list.
java.lang.NullPointerException
	at moze_intel.projecte.gameObjs.items.ItemCharge.getCharge(ItemCharge.java:57) ~[?:?]
	at moze_intel.projecte.gameObjs.items.ItemCharge.getDurabilityForDisplay(ItemCharge.java:30) ~[?:?]
	at codechicken.nei.ItemList$1.lambda$forceTagCompoundInitialization$6(ItemList.java:336) ~[?:?]
	at codechicken.nei.ItemList$1.runChecked(ItemList.java:310) ~[?:?]
	at codechicken.nei.ItemList$1.forceTagCompoundInitialization(ItemList.java:336) ~[?:?]
	at codechicken.nei.ItemList$1.lambda$execute$12(ItemList.java:401) ~[?:?]
	at java.util.stream.ForEachOps$ForEachOp$OfRef.accept(Unknown Source) [?:1.8.0_401]
	at java.util.Spliterators$ArraySpliterator.forEachRemaining(Unknown Source) [?:1.8.0_401]
	at java.util.stream.AbstractPipeline.copyInto(Unknown Source) [?:1.8.0_401]
	at java.util.stream.ForEachOps$ForEachTask.compute(Unknown Source) [?:1.8.0_401]
	at java.util.concurrent.CountedCompleter.exec(Unknown Source) [?:1.8.0_401]
	at java.util.concurrent.ForkJoinTask.doExec(Unknown Source) [?:1.8.0_401]
	at java.util.concurrent.ForkJoinPool$WorkQueue.execLocalTasks(Unknown Source) [?:1.8.0_401]
	at java.util.concurrent.ForkJoinPool$WorkQueue.runTask(Unknown Source) [?:1.8.0_401]
	at java.util.concurrent.ForkJoinPool.runWorker(Unknown Source) [?:1.8.0_401]
	at java.util.concurrent.ForkJoinWorkerThread.run(Unknown Source) [?:1.8.0_401]
[21:02:56] [ForkJoinPool.commonPool-worker-1/ERROR] [NotEnoughItems]: Removing item: moze_intel.projecte.gameObjs.items.tools.RedHammer@a694bf2 from list.
java.lang.NullPointerException
	at moze_intel.projecte.gameObjs.items.ItemCharge.getCharge(ItemCharge.java:57) ~[?:?]
	at moze_intel.projecte.gameObjs.items.ItemCharge.getDurabilityForDisplay(ItemCharge.java:30) ~[?:?]
	at codechicken.nei.ItemList$1.lambda$forceTagCompoundInitialization$6(ItemList.java:336) ~[?:?]
	at codechicken.nei.ItemList$1.runChecked(ItemList.java:310) ~[?:?]
	at codechicken.nei.ItemList$1.forceTagCompoundInitialization(ItemList.java:336) ~[?:?]
	at codechicken.nei.ItemList$1.lambda$execute$12(ItemList.java:401) ~[?:?]
	at java.util.stream.ForEachOps$ForEachOp$OfRef.accept(Unknown Source) [?:1.8.0_401]
	at java.util.Spliterators$ArraySpliterator.forEachRemaining(Unknown Source) [?:1.8.0_401]
	at java.util.stream.AbstractPipeline.copyInto(Unknown Source) [?:1.8.0_401]
	at java.util.stream.ForEachOps$ForEachTask.compute(Unknown Source) [?:1.8.0_401]
	at java.util.concurrent.CountedCompleter.exec(Unknown Source) [?:1.8.0_401]
	at java.util.concurrent.ForkJoinTask.doExec(Unknown Source) [?:1.8.0_401]
	at java.util.concurrent.ForkJoinPool$WorkQueue.execLocalTasks(Unknown Source) [?:1.8.0_401]
	at java.util.concurrent.ForkJoinPool$WorkQueue.runTask(Unknown Source) [?:1.8.0_401]
	at java.util.concurrent.ForkJoinPool.runWorker(Unknown Source) [?:1.8.0_401]
	at java.util.concurrent.ForkJoinWorkerThread.run(Unknown Source) [?:1.8.0_401]
[21:02:56] [ForkJoinPool.commonPool-worker-1/ERROR] [NotEnoughItems]: Removing item: moze_intel.projecte.gameObjs.items.tools.RedKatar@337e657e from list.
java.lang.NullPointerException
	at moze_intel.projecte.gameObjs.items.ItemCharge.getCharge(ItemCharge.java:57) ~[?:?]
	at moze_intel.projecte.gameObjs.items.ItemCharge.getDurabilityForDisplay(ItemCharge.java:30) ~[?:?]
	at codechicken.nei.ItemList$1.lambda$forceTagCompoundInitialization$6(ItemList.java:336) ~[?:?]
	at codechicken.nei.ItemList$1.runChecked(ItemList.java:310) ~[?:?]
	at codechicken.nei.ItemList$1.forceTagCompoundInitialization(ItemList.java:336) ~[?:?]
	at codechicken.nei.ItemList$1.lambda$execute$12(ItemList.java:401) ~[?:?]
	at java.util.stream.ForEachOps$ForEachOp$OfRef.accept(Unknown Source) [?:1.8.0_401]
	at java.util.Spliterators$ArraySpliterator.forEachRemaining(Unknown Source) [?:1.8.0_401]
	at java.util.stream.AbstractPipeline.copyInto(Unknown Source) [?:1.8.0_401]
	at java.util.stream.ForEachOps$ForEachTask.compute(Unknown Source) [?:1.8.0_401]
	at java.util.concurrent.CountedCompleter.exec(Unknown Source) [?:1.8.0_401]
	at java.util.concurrent.ForkJoinTask.doExec(Unknown Source) [?:1.8.0_401]
	at java.util.concurrent.ForkJoinPool$WorkQueue.execLocalTasks(Unknown Source) [?:1.8.0_401]
	at java.util.concurrent.ForkJoinPool$WorkQueue.runTask(Unknown Source) [?:1.8.0_401]
	at java.util.concurrent.ForkJoinPool.runWorker(Unknown Source) [?:1.8.0_401]
	at java.util.concurrent.ForkJoinWorkerThread.run(Unknown Source) [?:1.8.0_401]
[21:02:56] [ForkJoinPool.commonPool-worker-1/ERROR] [NotEnoughItems]: Removing item: moze_intel.projecte.gameObjs.items.tools.RedStar@38d27a32 from list.
java.lang.NullPointerException
	at moze_intel.projecte.gameObjs.items.ItemCharge.getCharge(ItemCharge.java:57) ~[?:?]
	at moze_intel.projecte.gameObjs.items.ItemCharge.getDurabilityForDisplay(ItemCharge.java:30) ~[?:?]
	at codechicken.nei.ItemList$1.lambda$forceTagCompoundInitialization$6(ItemList.java:336) ~[?:?]
	at codechicken.nei.ItemList$1.runChecked(ItemList.java:310) ~[?:?]
	at codechicken.nei.ItemList$1.forceTagCompoundInitialization(ItemList.java:336) ~[?:?]
	at codechicken.nei.ItemList$1.lambda$execute$12(ItemList.java:401) ~[?:?]
	at java.util.stream.ForEachOps$ForEachOp$OfRef.accept(Unknown Source) [?:1.8.0_401]
	at java.util.Spliterators$ArraySpliterator.forEachRemaining(Unknown Source) [?:1.8.0_401]
	at java.util.stream.AbstractPipeline.copyInto(Unknown Source) [?:1.8.0_401]
	at java.util.stream.ForEachOps$ForEachTask.compute(Unknown Source) [?:1.8.0_401]
	at java.util.concurrent.CountedCompleter.exec(Unknown Source) [?:1.8.0_401]
	at java.util.concurrent.ForkJoinTask.doExec(Unknown Source) [?:1.8.0_401]
	at java.util.concurrent.ForkJoinPool$WorkQueue.execLocalTasks(Unknown Source) [?:1.8.0_401]
	at java.util.concurrent.ForkJoinPool$WorkQueue.runTask(Unknown Source) [?:1.8.0_401]
	at java.util.concurrent.ForkJoinPool.runWorker(Unknown Source) [?:1.8.0_401]
	at java.util.concurrent.ForkJoinWorkerThread.run(Unknown Source) [?:1.8.0_401]
[21:02:56] [ForkJoinPool.commonPool-worker-1/ERROR] [NotEnoughItems]: Removing item: moze_intel.projecte.gameObjs.items.rings.Zero@28407ddd from list.
java.lang.NullPointerException
	at moze_intel.projecte.gameObjs.items.ItemCharge.getCharge(ItemCharge.java:57) ~[?:?]
	at moze_intel.projecte.gameObjs.items.ItemCharge.getDurabilityForDisplay(ItemCharge.java:30) ~[?:?]
	at codechicken.nei.ItemList$1.lambda$forceTagCompoundInitialization$6(ItemList.java:336) ~[?:?]
	at codechicken.nei.ItemList$1.runChecked(ItemList.java:310) ~[?:?]
	at codechicken.nei.ItemList$1.forceTagCompoundInitialization(ItemList.java:336) ~[?:?]
	at codechicken.nei.ItemList$1.lambda$execute$12(ItemList.java:401) ~[?:?]
	at java.util.stream.ForEachOps$ForEachOp$OfRef.accept(Unknown Source) [?:1.8.0_401]
	at java.util.Spliterators$ArraySpliterator.forEachRemaining(Unknown Source) [?:1.8.0_401]
	at java.util.stream.AbstractPipeline.copyInto(Unknown Source) [?:1.8.0_401]
	at java.util.stream.ForEachOps$ForEachTask.compute(Unknown Source) [?:1.8.0_401]
	at java.util.concurrent.CountedCompleter.exec(Unknown Source) [?:1.8.0_401]
	at java.util.concurrent.ForkJoinTask.doExec(Unknown Source) [?:1.8.0_401]
	at java.util.concurrent.ForkJoinPool$WorkQueue.execLocalTasks(Unknown Source) [?:1.8.0_401]
	at java.util.concurrent.ForkJoinPool$WorkQueue.runTask(Unknown Source) [?:1.8.0_401]
	at java.util.concurrent.ForkJoinPool.runWorker(Unknown Source) [?:1.8.0_401]
	at java.util.concurrent.ForkJoinWorkerThread.run(Unknown Source) [?:1.8.0_401]
[21:02:56] [ForkJoinPool.commonPool-worker-1/ERROR] [NotEnoughItems]: Removing item: moze_intel.projecte.gameObjs.items.TimeWatch@44bea20b from list.
java.lang.NullPointerException
	at moze_intel.projecte.gameObjs.items.ItemCharge.getCharge(ItemCharge.java:57) ~[?:?]
	at moze_intel.projecte.gameObjs.items.ItemCharge.getDurabilityForDisplay(ItemCharge.java:30) ~[?:?]
	at codechicken.nei.ItemList$1.lambda$forceTagCompoundInitialization$6(ItemList.java:336) ~[?:?]
	at codechicken.nei.ItemList$1.runChecked(ItemList.java:310) ~[?:?]
	at codechicken.nei.ItemList$1.forceTagCompoundInitialization(ItemList.java:336) ~[?:?]
	at codechicken.nei.ItemList$1.lambda$execute$12(ItemList.java:401) ~[?:?]
	at java.util.stream.ForEachOps$ForEachOp$OfRef.accept(Unknown Source) [?:1.8.0_401]
	at java.util.Spliterators$ArraySpliterator.forEachRemaining(Unknown Source) [?:1.8.0_401]
	at java.util.stream.AbstractPipeline.copyInto(Unknown Source) [?:1.8.0_401]
	at java.util.stream.ForEachOps$ForEachTask.compute(Unknown Source) [?:1.8.0_401]
	at java.util.concurrent.CountedCompleter.exec(Unknown Source) [?:1.8.0_401]
	at java.util.concurrent.ForkJoinTask.doExec(Unknown Source) [?:1.8.0_401]
	at java.util.concurrent.ForkJoinPool$WorkQueue.execLocalTasks(Unknown Source) [?:1.8.0_401]
	at java.util.concurrent.ForkJoinPool$WorkQueue.runTask(Unknown Source) [?:1.8.0_401]
	at java.util.concurrent.ForkJoinPool.runWorker(Unknown Source) [?:1.8.0_401]
	at java.util.concurrent.ForkJoinWorkerThread.run(Unknown Source) [?:1.8.0_401]
[21:02:56] [ForkJoinPool.commonPool-worker-1/ERROR] [NotEnoughItems]: Removing item: moze_intel.projecte.gameObjs.items.MercurialEye@6df9c948 from list.
java.lang.NullPointerException
	at moze_intel.projecte.gameObjs.items.ItemCharge.getCharge(ItemCharge.java:57) ~[?:?]
	at moze_intel.projecte.gameObjs.items.ItemCharge.getDurabilityForDisplay(ItemCharge.java:30) ~[?:?]
	at codechicken.nei.ItemList$1.lambda$forceTagCompoundInitialization$6(ItemList.java:336) ~[?:?]
	at codechicken.nei.ItemList$1.runChecked(ItemList.java:310) ~[?:?]
	at codechicken.nei.ItemList$1.forceTagCompoundInitialization(ItemList.java:336) ~[?:?]
	at codechicken.nei.ItemList$1.lambda$execute$12(ItemList.java:401) ~[?:?]
	at java.util.stream.ForEachOps$ForEachOp$OfRef.accept(Unknown Source) [?:1.8.0_401]
	at java.util.Spliterators$ArraySpliterator.forEachRemaining(Unknown Source) [?:1.8.0_401]
	at java.util.stream.AbstractPipeline.copyInto(Unknown Source) [?:1.8.0_401]
	at java.util.stream.ForEachOps$ForEachTask.compute(Unknown Source) [?:1.8.0_401]
	at java.util.concurrent.CountedCompleter.exec(Unknown Source) [?:1.8.0_401]
	at java.util.concurrent.ForkJoinTask.doExec(Unknown Source) [?:1.8.0_401]
	at java.util.concurrent.ForkJoinPool$WorkQueue.execLocalTasks(Unknown Source) [?:1.8.0_401]
	at java.util.concurrent.ForkJoinPool$WorkQueue.runTask(Unknown Source) [?:1.8.0_401]
	at java.util.concurrent.ForkJoinPool.runWorker(Unknown Source) [?:1.8.0_401]
	at java.util.concurrent.ForkJoinWorkerThread.run(Unknown Source) [?:1.8.0_401]
[21:02:56] [ForkJoinPool.commonPool-worker-1/ERROR] [NotEnoughItems]: Removing item: moze_intel.projecte.gameObjs.items.DestructionCatalyst@438051 from list.
java.lang.NullPointerException
	at moze_intel.projecte.gameObjs.items.ItemCharge.getCharge(ItemCharge.java:57) ~[?:?]
	at moze_intel.projecte.gameObjs.items.ItemCharge.getDurabilityForDisplay(ItemCharge.java:30) ~[?:?]
	at codechicken.nei.ItemList$1.lambda$forceTagCompoundInitialization$6(ItemList.java:336) ~[?:?]
	at codechicken.nei.ItemList$1.runChecked(ItemList.java:310) ~[?:?]
	at codechicken.nei.ItemList$1.forceTagCompoundInitialization(ItemList.java:336) ~[?:?]
	at codechicken.nei.ItemList$1.lambda$execute$12(ItemList.java:401) ~[?:?]
	at java.util.stream.ForEachOps$ForEachOp$OfRef.accept(Unknown Source) [?:1.8.0_401]
	at java.util.Spliterators$ArraySpliterator.forEachRemaining(Unknown Source) [?:1.8.0_401]
	at java.util.stream.AbstractPipeline.copyInto(Unknown Source) [?:1.8.0_401]
	at java.util.stream.ForEachOps$ForEachTask.compute(Unknown Source) [?:1.8.0_401]
	at java.util.concurrent.CountedCompleter.exec(Unknown Source) [?:1.8.0_401]
	at java.util.concurrent.ForkJoinTask.doExec(Unknown Source) [?:1.8.0_401]
	at java.util.concurrent.ForkJoinPool$WorkQueue.execLocalTasks(Unknown Source) [?:1.8.0_401]
	at java.util.concurrent.ForkJoinPool$WorkQueue.runTask(Unknown Source) [?:1.8.0_401]
	at java.util.concurrent.ForkJoinPool.runWorker(Unknown Source) [?:1.8.0_401]
	at java.util.concurrent.ForkJoinWorkerThread.run(Unknown Source) [?:1.8.0_401]
[21:02:56] [ForkJoinPool.commonPool-worker-1/ERROR] [NotEnoughItems]: Removing item: moze_intel.projecte.gameObjs.items.HyperkineticLens@443a7501 from list.
java.lang.NullPointerException
	at moze_intel.projecte.gameObjs.items.ItemCharge.getCharge(ItemCharge.java:57) ~[?:?]
	at moze_intel.projecte.gameObjs.items.ItemCharge.getDurabilityForDisplay(ItemCharge.java:30) ~[?:?]
	at codechicken.nei.ItemList$1.lambda$forceTagCompoundInitialization$6(ItemList.java:336) ~[?:?]
	at codechicken.nei.ItemList$1.runChecked(ItemList.java:310) ~[?:?]
	at codechicken.nei.ItemList$1.forceTagCompoundInitialization(ItemList.java:336) ~[?:?]
	at codechicken.nei.ItemList$1.lambda$execute$12(ItemList.java:401) ~[?:?]
	at java.util.stream.ForEachOps$ForEachOp$OfRef.accept(Unknown Source) [?:1.8.0_401]
	at java.util.Spliterators$ArraySpliterator.forEachRemaining(Unknown Source) [?:1.8.0_401]
	at java.util.stream.AbstractPipeline.copyInto(Unknown Source) [?:1.8.0_401]
	at java.util.stream.ForEachOps$ForEachTask.compute(Unknown Source) [?:1.8.0_401]
	at java.util.concurrent.CountedCompleter.exec(Unknown Source) [?:1.8.0_401]
	at java.util.concurrent.ForkJoinTask.doExec(Unknown Source) [?:1.8.0_401]
	at java.util.concurrent.ForkJoinPool$WorkQueue.execLocalTasks(Unknown Source) [?:1.8.0_401]
	at java.util.concurrent.ForkJoinPool$WorkQueue.runTask(Unknown Source) [?:1.8.0_401]
	at java.util.concurrent.ForkJoinPool.runWorker(Unknown Source) [?:1.8.0_401]
	at java.util.concurrent.ForkJoinWorkerThread.run(Unknown Source) [?:1.8.0_401]
[21:02:56] [ForkJoinPool.commonPool-worker-1/ERROR] [NotEnoughItems]: Removing item: moze_intel.projecte.gameObjs.items.CataliticLens@528b4969 from list.
java.lang.NullPointerException
	at moze_intel.projecte.gameObjs.items.ItemCharge.getCharge(ItemCharge.java:57) ~[?:?]
	at moze_intel.projecte.gameObjs.items.ItemCharge.getDurabilityForDisplay(ItemCharge.java:30) ~[?:?]
	at codechicken.nei.ItemList$1.lambda$forceTagCompoundInitialization$6(ItemList.java:336) ~[?:?]
	at codechicken.nei.ItemList$1.runChecked(ItemList.java:310) ~[?:?]
	at codechicken.nei.ItemList$1.forceTagCompoundInitialization(ItemList.java:336) ~[?:?]
	at codechicken.nei.ItemList$1.lambda$execute$12(ItemList.java:401) ~[?:?]
	at java.util.stream.ForEachOps$ForEachOp$OfRef.accept(Unknown Source) [?:1.8.0_401]
	at java.util.Spliterators$ArraySpliterator.forEachRemaining(Unknown Source) [?:1.8.0_401]
	at java.util.stream.AbstractPipeline.copyInto(Unknown Source) [?:1.8.0_401]
	at java.util.stream.ForEachOps$ForEachTask.compute(Unknown Source) [?:1.8.0_401]
	at java.util.concurrent.CountedCompleter.exec(Unknown Source) [?:1.8.0_401]
	at java.util.concurrent.ForkJoinTask.doExec(Unknown Source) [?:1.8.0_401]
	at java.util.concurrent.ForkJoinPool$WorkQueue.execLocalTasks(Unknown Source) [?:1.8.0_401]
	at java.util.concurrent.ForkJoinPool$WorkQueue.runTask(Unknown Source) [?:1.8.0_401]
	at java.util.concurrent.ForkJoinPool.runWorker(Unknown Source) [?:1.8.0_401]
	at java.util.concurrent.ForkJoinWorkerThread.run(Unknown Source) [?:1.8.0_401]
[21:27:23] [main/INFO] [LaunchWrapper]: Loading tweak class name cpw.mods.fml.common.launcher.FMLTweaker
[21:27:23] [main/INFO] [LaunchWrapper]: Using primary tweak class name cpw.mods.fml.common.launcher.FMLTweaker
[21:27:23] [main/INFO] [LaunchWrapper]: Calling tweak class cpw.mods.fml.common.launcher.FMLTweaker
[21:33:59] [main/INFO] [LaunchWrapper]: Loading tweak class name cpw.mods.fml.common.launcher.FMLTweaker
[21:33:59] [main/INFO] [LaunchWrapper]: Using primary tweak class name cpw.mods.fml.common.launcher.FMLTweaker
[21:33:59] [main/INFO] [LaunchWrapper]: Calling tweak class cpw.mods.fml.common.launcher.FMLTweaker
[21:37:47] [main/INFO] [LaunchWrapper]: Loading tweak class name cpw.mods.fml.common.launcher.FMLTweaker
[21:37:47] [main/INFO] [LaunchWrapper]: Using primary tweak class name cpw.mods.fml.common.launcher.FMLTweaker
[21:37:47] [main/INFO] [LaunchWrapper]: Calling tweak class cpw.mods.fml.common.launcher.FMLTweaker
[21:41:44] [main/INFO] [LaunchWrapper]: Loading tweak class name cpw.mods.fml.common.launcher.FMLTweaker
[21:41:44] [main/INFO] [LaunchWrapper]: Using primary tweak class name cpw.mods.fml.common.launcher.FMLTweaker
[21:41:44] [main/INFO] [LaunchWrapper]: Calling tweak class cpw.mods.fml.common.launcher.FMLTweaker
[21:43:33] [main/INFO] [LaunchWrapper]: Loading tweak class name cpw.mods.fml.common.launcher.FMLTweaker
[21:43:33] [main/INFO] [LaunchWrapper]: Using primary tweak class name cpw.mods.fml.common.launcher.FMLTweaker
[21:43:33] [main/INFO] [LaunchWrapper]: Calling tweak class cpw.mods.fml.common.launcher.FMLTweaker
[21:45:41] [main/INFO] [LaunchWrapper]: Loading tweak class name cpw.mods.fml.common.launcher.FMLTweaker
[21:45:41] [main/INFO] [LaunchWrapper]: Using primary tweak class name cpw.mods.fml.common.launcher.FMLTweaker
[21:45:41] [main/INFO] [LaunchWrapper]: Calling tweak class cpw.mods.fml.common.launcher.FMLTweaker
[21:47:11] [main/INFO] [LaunchWrapper]: Loading tweak class name cpw.mods.fml.common.launcher.FMLTweaker
[21:47:11] [main/INFO] [LaunchWrapper]: Using primary tweak class name cpw.mods.fml.common.launcher.FMLTweaker
[21:47:11] [main/INFO] [LaunchWrapper]: Calling tweak class cpw.mods.fml.common.launcher.FMLTweaker
[22:08:01] [main/INFO] [LaunchWrapper]: Loading tweak class name cpw.mods.fml.common.launcher.FMLTweaker
[22:08:01] [main/INFO] [LaunchWrapper]: Using primary tweak class name cpw.mods.fml.common.launcher.FMLTweaker
[22:08:01] [main/INFO] [LaunchWrapper]: Calling tweak class cpw.mods.fml.common.launcher.FMLTweaker
[22:11:52] [ForkJoinPool.commonPool-worker-9/DEBUG] [NotEnoughItems]: Loaded wanion.avaritiaddons.plugins.nei.NEIConfig
[22:11:52] [ForkJoinPool.commonPool-worker-1/DEBUG] [NotEnoughItems]: Loaded cpw.mods.ironchest.plugins.nei.NEIConfig
[22:11:52] [ForkJoinPool.commonPool-worker-9/DEBUG] [NotEnoughItems]: Loaded cofh.plugins.nei.NEICoFHConfig
[22:11:52] [ForkJoinPool.commonPool-worker-3/INFO] [OpenMods]: openblocks.NEIOpenBlocksConfig.loadConfig(NEIOpenBlocksConfig.java:40): OpenBlocks NEI Integration loaded successfully
[22:11:52] [ForkJoinPool.commonPool-worker-3/DEBUG] [NotEnoughItems]: Loaded openblocks.NEIOpenBlocksConfig
[22:11:52] [ForkJoinPool.commonPool-worker-9/INFO] [Forestry]: Loading: Forestry NEI Integration
[22:11:52] [ForkJoinPool.commonPool-worker-13/DEBUG] [NotEnoughItems]: Loaded ab.client.nei.NEIConfig
[22:11:52] [ForkJoinPool.commonPool-worker-15/DEBUG] [NotEnoughItems]: Loaded cofh.thermaldynamics.plugins.nei.NEIThermalDynamicsConfig
[22:11:52] [ForkJoinPool.commonPool-worker-13/DEBUG] [NotEnoughItems]: Loaded cofh.thermalfoundation.plugins.nei.NEIThermalFoundationConfig
[22:11:52] [ForkJoinPool.commonPool-worker-6/DEBUG] [NotEnoughItems]: Loaded net.darkhax.bookshelf.client.nei.NEIBookshelfConfig
[22:11:52] [ForkJoinPool.commonPool-worker-3/INFO] [NotEnoughEnergistics]: -----Not Enough Energistics Init Start-----
[22:11:52] [ForkJoinPool.commonPool-worker-3/INFO] [NotEnoughEnergistics]: Install Vanilla Support
[22:11:52] [ForkJoinPool.commonPool-worker-3/INFO] [NotEnoughEnergistics]: Found Applied Energistics 2,install Applied Energistics 2 support
[22:11:52] [ForkJoinPool.commonPool-worker-10/INFO] [Draconic Evolution]: Added NEI integration
[22:11:52] [ForkJoinPool.commonPool-worker-10/DEBUG] [NotEnoughItems]: Loaded com.brandon3055.draconicevolution.integration.nei.NEIDraconicevolutionConfig
[22:11:52] [ForkJoinPool.commonPool-worker-3/INFO] [NotEnoughEnergistics]: Found Botania,install Botania support
[22:11:52] [ForkJoinPool.commonPool-worker-1/DEBUG] [NotEnoughItems]: Loaded fox.spiteful.avaritia.compat.nei.NEIAvaritiaConfig
[22:11:52] [ForkJoinPool.commonPool-worker-3/INFO] [NotEnoughEnergistics]: Found Avaritia, install Avaritia support
[22:11:52] [ForkJoinPool.commonPool-worker-6/DEBUG] [NotEnoughItems]: Loaded witchinggadgets.client.nei.NEIWGConfig
[22:11:52] [ForkJoinPool.commonPool-worker-3/INFO] [NotEnoughEnergistics]: Found EnderIO, install EnderIO support
[22:11:52] [ForkJoinPool.commonPool-worker-3/INFO] [NotEnoughEnergistics]: Found Forestry, install Forestry support
[22:11:52] [ForkJoinPool.commonPool-worker-3/INFO] [NotEnoughEnergistics]: Found Aspect Recipe Index, install Aspect Recipe Index support
[22:11:52] [ForkJoinPool.commonPool-worker-6/DEBUG] [NotEnoughItems]: Loaded com.cleanroommc.modularui.integration.nei.NEIModularUIConfig
[22:11:52] [ForkJoinPool.commonPool-worker-3/INFO] [NotEnoughEnergistics]: Found ThermalExpansion, install ThermalExpansion support
[22:11:52] [ForkJoinPool.commonPool-worker-4/DEBUG] [NotEnoughItems]: Loaded net.bdew.ae2stuff.nei.NEI_AE2Stuff_Config
[22:11:52] [ForkJoinPool.commonPool-worker-3/INFO] [NotEnoughEnergistics]: Found BloodMagic, install BloodMagic support
[22:11:52] [ForkJoinPool.commonPool-worker-3/INFO] [NotEnoughEnergistics]: -----Not Enough Energistics Init  Finished-----
[22:11:52] [ForkJoinPool.commonPool-worker-1/DEBUG] [NotEnoughItems]: Loaded dev.rndmorris.salisarcana.common.compat.NEIConfig
[22:11:52] [ForkJoinPool.commonPool-worker-8/DEBUG] [NotEnoughItems]: Loaded WayofTime.alchemicalWizardry.client.nei.NEIConfig
[22:11:52] [ForkJoinPool.commonPool-worker-3/INFO] [NotEnoughEnergistics]: NEIController replaced success
[22:11:52] [ForkJoinPool.commonPool-worker-2/DEBUG] [NotEnoughItems]: Loaded crazypants.enderio.nei.NEIEnderIOConfig
[22:11:52] [ForkJoinPool.commonPool-worker-9/DEBUG] [NotEnoughItems]: Loaded forestry.core.recipes.nei.NEIIntegrationConfig
[22:11:52] [ForkJoinPool.commonPool-worker-11/DEBUG] [NotEnoughItems]: Loaded cofh.thermalexpansion.plugins.nei.NEIThermalExpansionConfig
[22:11:52] [ForkJoinPool.commonPool-worker-2/DEBUG] [NotEnoughItems]: Loaded team.chisel.compat.nei.NEIChiselConfig
[22:11:52] [ForkJoinPool.commonPool-worker-13/DEBUG] [FML]: Attempted to find the oreIDs for an unregistered object (1xitem.null@0). This won't work very well.
[22:11:52] [ForkJoinPool.commonPool-worker-13/DEBUG] [FML]: Attempted to find the oreIDs for an unregistered object (1xitem.null@1). This won't work very well.
[22:11:52] [ForkJoinPool.commonPool-worker-13/DEBUG] [FML]: Attempted to find the oreIDs for an unregistered object (1xitem.null@2). This won't work very well.
[22:11:52] [ForkJoinPool.commonPool-worker-13/DEBUG] [FML]: Attempted to find the oreIDs for an unregistered object (1xitem.null@3). This won't work very well.
[22:11:52] [ForkJoinPool.commonPool-worker-13/DEBUG] [FML]: Attempted to find the oreIDs for an unregistered object (1xitem.null@4). This won't work very well.
[22:11:52] [ForkJoinPool.commonPool-worker-13/DEBUG] [FML]: Attempted to find the oreIDs for an unregistered object (1xitem.null@5). This won't work very well.
[22:11:52] [ForkJoinPool.commonPool-worker-13/DEBUG] [FML]: Attempted to find the oreIDs for an unregistered object (1xitem.null@6). This won't work very well.
[22:11:52] [ForkJoinPool.commonPool-worker-13/DEBUG] [FML]: Attempted to find the oreIDs for an unregistered object (1xitem.null@7). This won't work very well.
[22:11:52] [ForkJoinPool.commonPool-worker-13/DEBUG] [FML]: Attempted to find the oreIDs for an unregistered object (1xitem.null@8). This won't work very well.
[22:11:52] [ForkJoinPool.commonPool-worker-4/DEBUG] [NotEnoughItems]: Loaded vazkii.botania.client.integration.nei.NEIBotaniaConfig
[22:11:52] [ForkJoinPool.commonPool-worker-15/DEBUG] [NotEnoughItems]: Loaded evilcraft.modcompat.nei.NEIEvilCraftConfig
[22:11:52] [ForkJoinPool.commonPool-worker-13/DEBUG] [NotEnoughItems]: Loaded flaxbeard.thaumicexploration.integration.nei.NEIConfig
[22:11:52] [ForkJoinPool.commonPool-worker-3/INFO] [NotEnoughEnergistics]: Install ThaumicEnergistics support
[22:11:52] [ForkJoinPool.commonPool-worker-3/INFO] [NotEnoughEnergistics]: Install Avaritiaddons support
[22:11:52] [ForkJoinPool.commonPool-worker-3/DEBUG] [NotEnoughItems]: Loaded com.github.vfyjxf.nee.NEINeeConfig
[22:11:52] [ForkJoinPool.commonPool-worker-3/DEBUG] [NotEnoughItems]: Loaded net.glease.tc4tweak.nei.NEIConfig
[22:11:52] [ForkJoinPool.commonPool-worker-11/DEBUG] [NotEnoughItems]: Loaded com.emoniph.witchery.integration.NEIWitcheryConfig
[22:11:52] [ForkJoinPool.commonPool-worker-11/DEBUG] [NotEnoughItems]: Loaded tconstruct.plugins.nei.NEITConstructConfig
[22:11:52] [ForkJoinPool.commonPool-worker-11/DEBUG] [NotEnoughItems]: Loaded tombenpotter.sanguimancy.compat.nei.NEIConfig
[22:11:52] [ForkJoinPool.commonPool-worker-4/INFO] [extrautils]: Added NEI integration
[22:11:52] [ForkJoinPool.commonPool-worker-4/DEBUG] [NotEnoughItems]: Loaded com.rwtema.extrautils.nei.NEIInfoHandlerConfig
[22:11:52] [ForkJoinPool.commonPool-worker-3/WARN] [FML]: NEI: Forced tag update with reason (showDurabilityBar) for 1xitem.manaTablet@0(vazkii.botania.common.item.ItemManaTablet@64ebc9a8)
[22:11:52] [ForkJoinPool.commonPool-worker-3/WARN] [FML]: NEI: Forced tag update with reason (getDamage) for 1xitem.manaMirror@0(vazkii.botania.common.item.ItemManaMirror@14e3ebd7)
[22:11:52] [ForkJoinPool.commonPool-worker-3/WARN] [FML]: NEI: Forced tag update with reason (getDamage) for 1xitem.manaRing@10000(vazkii.botania.common.item.equipment.bauble.ItemManaRing@25071dd8)
[22:11:52] [ForkJoinPool.commonPool-worker-3/WARN] [FML]: NEI: Forced tag update with reason (getDamage) for 1xitem.manaRingGreater@10000(vazkii.botania.common.item.equipment.bauble.ItemGreaterManaRing@26db3b2)
[22:11:52] [ForkJoinPool.commonPool-worker-3/WARN] [FML]: NEI: Forced tag update with reason (getDamage) for 1xitem.manaInkwell@150(vazkii.botania.common.item.interaction.thaumcraft.ItemManaInkwell@1ebe64ae)
[22:11:52] [ForkJoinPool.commonPool-worker-3/WARN] [FML]: NEI: Forced tag update with reason (getDamage) for 1xitem.manaInkwell@0(vazkii.botania.common.item.interaction.thaumcraft.ItemManaInkwell@1ebe64ae)
[22:11:52] [ForkJoinPool.commonPool-worker-3/WARN] [FML]: NEI: Forced tag update with reason (getDamage) for 1xitem.mithrillManaRing@10000(ab.common.item.equipment.ItemMithrillRing@1d98df0)
[22:11:52] [ForkJoinPool.commonPool-worker-3/WARN] [FML]: NEI: Forced tag update with reason (getDamage) for 1xitem.nebulaManaRing@10000(ab.common.item.equipment.ItemNebulaRing@520022a6)
[22:11:52] [ForkJoinPool.commonPool-worker-3/WARN] [FML]: NEI: Forced tag update with reason (getDigSpeed) for 1xitem.mithrillMultiTool@0(ab.common.item.equipment.ItemMithrillMultiTool@4ab39f3)
[22:11:52] [ForkJoinPool.commonPool-worker-3/WARN] [FML]: NEI: Forced tag update with reason (showDurabilityBar) for 1xitem.hornPlenty@0(ab.common.item.relic.ItemHornPlenty@42860e1d)
[22:11:52] [ForkJoinPool.commonPool-worker-3/WARN] [FML]: NEI: Forced tag update with reason (getDamage) for 1xitem.nebulaHelm@0(ab.common.item.equipment.armor.ItemNebulaHelm@53eeb152)
[22:11:52] [ForkJoinPool.commonPool-worker-3/WARN] [FML]: NEI: Forced tag update with reason (getDamage) for 1xitem.nebulaChest@0(ab.common.item.equipment.armor.ItemNebulaChest@21eaabd4)
[22:11:52] [ForkJoinPool.commonPool-worker-3/WARN] [FML]: NEI: Forced tag update with reason (getDamage) for 1xitem.nebulaLegs@0(ab.common.item.equipment.armor.ItemNebulaLegs@5662e0e4)
[22:11:52] [ForkJoinPool.commonPool-worker-3/WARN] [FML]: NEI: Forced tag update with reason (getDamage) for 1xitem.nebulaBoots@0(ab.common.item.equipment.armor.ItemNebulaBoots@2d8b8)
[22:11:52] [ForkJoinPool.commonPool-worker-3/WARN] [FML]: NEI: Forced tag update with reason (getDamage) for 1xitem.nebulaHelmRevealing@0(ab.common.item.equipment.armor.ItemNebulaHelmRevealing@71c3b43e)
[22:11:52] [ForkJoinPool.commonPool-worker-3/WARN] [FML]: NEI: Forced tag update with reason (showDurabilityBar) for 1xitem.wirelessCraftingTerminal@0(ItemWirelessCraftingTerminal)
[22:11:52] [ForkJoinPool.commonPool-worker-3/WARN] [FML]: NEI: Forced tag update with reason (getDigSpeed) for 1xitem.boundPickaxe@0(WayofTime.alchemicalWizardry.common.items.BoundPickaxe@1c55eede)
[22:11:52] [ForkJoinPool.commonPool-worker-3/WARN] [FML]: NEI: Forced tag update with reason (getDigSpeed) for 1xitem.boundAxe@0(WayofTime.alchemicalWizardry.common.items.BoundAxe@434e83a8)
[22:11:52] [ForkJoinPool.commonPool-worker-3/WARN] [FML]: NEI: Forced tag update with reason (getDigSpeed) for 1xitem.boundShovel@0(WayofTime.alchemicalWizardry.common.items.BoundShovel@3e8cc3b2)
[22:11:52] [ForkJoinPool.commonPool-worker-3/WARN] [FML]: NEI: Forced tag update with reason (getToolClasses) for 1xitem.multiTool@0(WayofTime.alchemicalWizardry.api.items.ItemSpellMultiTool@72c75674)
[22:11:52] [ForkJoinPool.commonPool-worker-3/WARN] [FML]: NEI: Forced tag update with reason (getAttributeModifiers) for 1xitem.boundHelmetWater@0(WayofTime.alchemicalWizardry.common.items.armour.OmegaArmourWater@c0c814c)
[22:11:52] [ForkJoinPool.commonPool-worker-3/WARN] [FML]: NEI: Forced tag update with reason (getAttributeModifiers) for 1xitem.boundPlateWater@0(WayofTime.alchemicalWizardry.common.items.armour.OmegaArmourWater@4abe7247)
[22:11:52] [ForkJoinPool.commonPool-worker-3/WARN] [FML]: NEI: Forced tag update with reason (getAttributeModifiers) for 1xitem.boundLeggingsWater@0(WayofTime.alchemicalWizardry.common.items.armour.OmegaArmourWater@6258d06c)
[22:11:52] [ForkJoinPool.commonPool-worker-3/WARN] [FML]: NEI: Forced tag update with reason (getAttributeModifiers) for 1xitem.boundBootsWater@0(WayofTime.alchemicalWizardry.common.items.armour.OmegaArmourWater@3586eb49)
[22:11:52] [ForkJoinPool.commonPool-worker-3/WARN] [FML]: NEI: Forced tag update with reason (getAttributeModifiers) for 1xitem.boundHelmetEarth@0(WayofTime.alchemicalWizardry.common.items.armour.OmegaArmourEarth@e154ad)
[22:11:52] [ForkJoinPool.commonPool-worker-3/WARN] [FML]: NEI: Forced tag update with reason (getAttributeModifiers) for 1xitem.boundPlateEarth@0(WayofTime.alchemicalWizardry.common.items.armour.OmegaArmourEarth@21a63d63)
[22:11:52] [ForkJoinPool.commonPool-worker-3/WARN] [FML]: NEI: Forced tag update with reason (getAttributeModifiers) for 1xitem.boundLeggingsEarth@0(WayofTime.alchemicalWizardry.common.items.armour.OmegaArmourEarth@25a61210)
[22:11:52] [ForkJoinPool.commonPool-worker-3/WARN] [FML]: NEI: Forced tag update with reason (getAttributeModifiers) for 1xitem.boundBootsEarth@0(WayofTime.alchemicalWizardry.common.items.armour.OmegaArmourEarth@46fe7cc1)
[22:11:52] [ForkJoinPool.commonPool-worker-3/WARN] [FML]: NEI: Forced tag update with reason (getAttributeModifiers) for 1xitem.boundHelmetWind@0(WayofTime.alchemicalWizardry.common.items.armour.OmegaArmourWind@38281295)
[22:11:52] [ForkJoinPool.commonPool-worker-3/WARN] [FML]: NEI: Forced tag update with reason (getAttributeModifiers) for 1xitem.boundPlateWind@0(WayofTime.alchemicalWizardry.common.items.armour.OmegaArmourWind@59148f9b)
[22:11:52] [ForkJoinPool.commonPool-worker-3/WARN] [FML]: NEI: Forced tag update with reason (getAttributeModifiers) for 1xitem.boundLeggingsWind@0(WayofTime.alchemicalWizardry.common.items.armour.OmegaArmourWind@3546fad2)
[22:11:52] [ForkJoinPool.commonPool-worker-3/WARN] [FML]: NEI: Forced tag update with reason (getAttributeModifiers) for 1xitem.boundBootsWind@0(WayofTime.alchemicalWizardry.common.items.armour.OmegaArmourWind@6a31b868)
[22:11:52] [ForkJoinPool.commonPool-worker-3/WARN] [FML]: NEI: Forced tag update with reason (getAttributeModifiers) for 1xitem.boundHelmetFire@0(WayofTime.alchemicalWizardry.common.items.armour.OmegaArmourFire@2088cb63)
[22:11:52] [ForkJoinPool.commonPool-worker-3/WARN] [FML]: NEI: Forced tag update with reason (getAttributeModifiers) for 1xitem.boundPlateFire@0(WayofTime.alchemicalWizardry.common.items.armour.OmegaArmourFire@11a9e92d)
[22:11:52] [ForkJoinPool.commonPool-worker-3/WARN] [FML]: NEI: Forced tag update with reason (getAttributeModifiers) for 1xitem.boundLeggingsFire@0(WayofTime.alchemicalWizardry.common.items.armour.OmegaArmourFire@d485756)
[22:11:52] [ForkJoinPool.commonPool-worker-3/WARN] [FML]: NEI: Forced tag update with reason (getAttributeModifiers) for 1xitem.boundBootsFire@0(WayofTime.alchemicalWizardry.common.items.armour.OmegaArmourFire@2e4389e)
[22:11:53] [ForkJoinPool.commonPool-worker-3/WARN] [FML]: NEI: Forced tag update with reason (isDamaged) for 1xitem.witchery:poppet@0(com.emoniph.witchery.item.ItemPoppet@107dcabd)
[22:11:53] [ForkJoinPool.commonPool-worker-3/WARN] [FML]: NEI: Forced tag update with reason (isDamaged) for 1xitem.witchery:poppet@1(com.emoniph.witchery.item.ItemPoppet@107dcabd)
[22:11:53] [ForkJoinPool.commonPool-worker-3/WARN] [FML]: NEI: Forced tag update with reason (isDamaged) for 1xitem.witchery:poppet@2(com.emoniph.witchery.item.ItemPoppet@107dcabd)
[22:11:53] [ForkJoinPool.commonPool-worker-3/WARN] [FML]: NEI: Forced tag update with reason (isDamaged) for 1xitem.witchery:poppet@3(com.emoniph.witchery.item.ItemPoppet@107dcabd)
[22:11:53] [ForkJoinPool.commonPool-worker-3/WARN] [FML]: NEI: Forced tag update with reason (isDamaged) for 1xitem.witchery:poppet@4(com.emoniph.witchery.item.ItemPoppet@107dcabd)
[22:11:53] [ForkJoinPool.commonPool-worker-3/WARN] [FML]: NEI: Forced tag update with reason (isDamaged) for 1xitem.witchery:poppet@5(com.emoniph.witchery.item.ItemPoppet@107dcabd)
[22:11:53] [ForkJoinPool.commonPool-worker-3/WARN] [FML]: NEI: Forced tag update with reason (isDamaged) for 1xitem.witchery:poppet@6(com.emoniph.witchery.item.ItemPoppet@107dcabd)
[22:11:53] [ForkJoinPool.commonPool-worker-3/WARN] [FML]: NEI: Forced tag update with reason (isDamaged) for 1xitem.witchery:poppet@7(com.emoniph.witchery.item.ItemPoppet@107dcabd)
[22:11:53] [ForkJoinPool.commonPool-worker-3/WARN] [FML]: NEI: Forced tag update with reason (isDamaged) for 1xitem.witchery:poppet@8(com.emoniph.witchery.item.ItemPoppet@107dcabd)
[22:11:53] [ForkJoinPool.commonPool-worker-3/WARN] [FML]: NEI: Forced tag update with reason (isDamaged) for 1xitem.witchery:poppet@9(com.emoniph.witchery.item.ItemPoppet@107dcabd)
[22:11:53] [ForkJoinPool.commonPool-worker-3/WARN] [FML]: NEI: Forced tag update with reason (isDamaged) for 1xitem.witchery:poppet@10(com.emoniph.witchery.item.ItemPoppet@107dcabd)
[22:11:53] [ForkJoinPool.commonPool-worker-3/WARN] [FML]: NEI: Forced tag update with reason (isDamaged) for 1xitem.witchery:poppet@11(com.emoniph.witchery.item.ItemPoppet@107dcabd)
[22:11:53] [ForkJoinPool.commonPool-worker-3/WARN] [FML]: NEI: Forced tag update with reason (getDigSpeed) for 1xitem.draconicevolution:draconicDistructionStaff@0(com.brandon3055.draconicevolution.common.items.tools.DraconicDistructionStaff@7ddf664c)
[22:11:53] [ForkJoinPool.commonPool-worker-3/WARN] [FML]: NEI: Forced tag update with reason (getDigSpeed) for 1xitem.draconicevolution:draconicPickaxe@0(com.brandon3055.draconicevolution.common.items.tools.DraconicPickaxe@7d570b04)
[22:11:53] [ForkJoinPool.commonPool-worker-3/WARN] [FML]: NEI: Forced tag update with reason (getDigSpeed) for 1xitem.draconicevolution:draconicAxe@0(com.brandon3055.draconicevolution.common.items.tools.DraconicAxe@4c074cf0)
[22:11:53] [ForkJoinPool.commonPool-worker-3/WARN] [FML]: NEI: Forced tag update with reason (getDigSpeed) for 1xitem.draconicevolution:draconicShovel@0(com.brandon3055.draconicevolution.common.items.tools.DraconicShovel@2e8f66fa)
[22:11:53] [ForkJoinPool.commonPool-worker-3/WARN] [FML]: NEI: Forced tag update with reason (getDigSpeed) for 1xitem.draconicevolution:wyvernPickaxe@0(com.brandon3055.draconicevolution.common.items.tools.WyvernPickaxe@320a4881)
[22:11:53] [ForkJoinPool.commonPool-worker-3/WARN] [FML]: NEI: Forced tag update with reason (getDigSpeed) for 1xitem.draconicevolution:wyvernShovel@0(com.brandon3055.draconicevolution.common.items.tools.WyvernShovel@1cd46237)
[22:11:53] [ForkJoinPool.commonPool-worker-3/WARN] [FML]: NEI: Forced tag update with reason (getFluid) for 1xitem.items.boundBloodDrop@0(evilcraft.modcompat.bloodmagic.BoundBloodDrop@ce7f7a1)
[22:11:53] [ForkJoinPool.commonPool-worker-3/ERROR] [NotEnoughItems]: Removing item: moze_intel.projecte.gameObjs.items.PhilosophersStone@485ac78d from list.
java.lang.NullPointerException
	at moze_intel.projecte.gameObjs.items.ItemCharge.getCharge(ItemCharge.java:57) ~[?:?]
	at moze_intel.projecte.gameObjs.items.ItemCharge.getDurabilityForDisplay(ItemCharge.java:30) ~[?:?]
	at codechicken.nei.ItemList$1.lambda$forceTagCompoundInitialization$6(ItemList.java:336) ~[?:?]
	at codechicken.nei.ItemList$1.runChecked(ItemList.java:310) ~[?:?]
	at codechicken.nei.ItemList$1.forceTagCompoundInitialization(ItemList.java:336) ~[?:?]
	at codechicken.nei.ItemList$1.lambda$execute$12(ItemList.java:401) ~[?:?]
	at java.util.stream.ForEachOps$ForEachOp$OfRef.accept(Unknown Source) [?:1.8.0_401]
	at java.util.Spliterators$ArraySpliterator.forEachRemaining(Unknown Source) [?:1.8.0_401]
	at java.util.stream.AbstractPipeline.copyInto(Unknown Source) [?:1.8.0_401]
	at java.util.stream.ForEachOps$ForEachTask.compute(Unknown Source) [?:1.8.0_401]
	at java.util.concurrent.CountedCompleter.exec(Unknown Source) [?:1.8.0_401]
	at java.util.concurrent.ForkJoinTask.doExec(Unknown Source) [?:1.8.0_401]
	at java.util.concurrent.ForkJoinPool$WorkQueue.runTask(Unknown Source) [?:1.8.0_401]
	at java.util.concurrent.ForkJoinPool.runWorker(Unknown Source) [?:1.8.0_401]
	at java.util.concurrent.ForkJoinWorkerThread.run(Unknown Source) [?:1.8.0_401]
[22:11:53] [ForkJoinPool.commonPool-worker-3/WARN] [FML]: NEI: Forced tag update with reason (getDurabilityForDisplay) for 1xitem.pe_klein_star@0(moze_intel.projecte.gameObjs.items.KleinStar@489bb53f)
[22:11:53] [ForkJoinPool.commonPool-worker-3/WARN] [FML]: NEI: Forced tag update with reason (getDurabilityForDisplay) for 1xitem.pe_klein_star@1(moze_intel.projecte.gameObjs.items.KleinStar@489bb53f)
[22:11:53] [ForkJoinPool.commonPool-worker-3/WARN] [FML]: NEI: Forced tag update with reason (getDurabilityForDisplay) for 1xitem.pe_klein_star@2(moze_intel.projecte.gameObjs.items.KleinStar@489bb53f)
[22:11:53] [ForkJoinPool.commonPool-worker-3/WARN] [FML]: NEI: Forced tag update with reason (getDurabilityForDisplay) for 1xitem.pe_klein_star@3(moze_intel.projecte.gameObjs.items.KleinStar@489bb53f)
[22:11:53] [ForkJoinPool.commonPool-worker-3/WARN] [FML]: NEI: Forced tag update with reason (getDurabilityForDisplay) for 1xitem.pe_klein_star@4(moze_intel.projecte.gameObjs.items.KleinStar@489bb53f)
[22:11:53] [ForkJoinPool.commonPool-worker-3/WARN] [FML]: NEI: Forced tag update with reason (getDurabilityForDisplay) for 1xitem.pe_klein_star@5(moze_intel.projecte.gameObjs.items.KleinStar@489bb53f)
[22:11:53] [ForkJoinPool.commonPool-worker-3/ERROR] [NotEnoughItems]: Removing item: moze_intel.projecte.gameObjs.items.tools.DarkPick@7316c564 from list.
java.lang.NullPointerException
	at moze_intel.projecte.gameObjs.items.ItemCharge.getCharge(ItemCharge.java:57) ~[?:?]
	at moze_intel.projecte.gameObjs.items.ItemCharge.getDurabilityForDisplay(ItemCharge.java:30) ~[?:?]
	at codechicken.nei.ItemList$1.lambda$forceTagCompoundInitialization$6(ItemList.java:336) ~[?:?]
	at codechicken.nei.ItemList$1.runChecked(ItemList.java:310) ~[?:?]
	at codechicken.nei.ItemList$1.forceTagCompoundInitialization(ItemList.java:336) ~[?:?]
	at codechicken.nei.ItemList$1.lambda$execute$12(ItemList.java:401) ~[?:?]
	at java.util.stream.ForEachOps$ForEachOp$OfRef.accept(Unknown Source) [?:1.8.0_401]
	at java.util.Spliterators$ArraySpliterator.forEachRemaining(Unknown Source) [?:1.8.0_401]
	at java.util.stream.AbstractPipeline.copyInto(Unknown Source) [?:1.8.0_401]
	at java.util.stream.ForEachOps$ForEachTask.compute(Unknown Source) [?:1.8.0_401]
	at java.util.concurrent.CountedCompleter.exec(Unknown Source) [?:1.8.0_401]
	at java.util.concurrent.ForkJoinTask.doExec(Unknown Source) [?:1.8.0_401]
	at java.util.concurrent.ForkJoinPool$WorkQueue.runTask(Unknown Source) [?:1.8.0_401]
	at java.util.concurrent.ForkJoinPool.runWorker(Unknown Source) [?:1.8.0_401]
	at java.util.concurrent.ForkJoinWorkerThread.run(Unknown Source) [?:1.8.0_401]
[22:11:53] [ForkJoinPool.commonPool-worker-3/ERROR] [NotEnoughItems]: Removing item: moze_intel.projecte.gameObjs.items.tools.DarkAxe@3e10951d from list.
java.lang.NullPointerException
	at moze_intel.projecte.gameObjs.items.ItemCharge.getCharge(ItemCharge.java:57) ~[?:?]
	at moze_intel.projecte.gameObjs.items.ItemCharge.getDurabilityForDisplay(ItemCharge.java:30) ~[?:?]
	at codechicken.nei.ItemList$1.lambda$forceTagCompoundInitialization$6(ItemList.java:336) ~[?:?]
	at codechicken.nei.ItemList$1.runChecked(ItemList.java:310) ~[?:?]
	at codechicken.nei.ItemList$1.forceTagCompoundInitialization(ItemList.java:336) ~[?:?]
	at codechicken.nei.ItemList$1.lambda$execute$12(ItemList.java:401) ~[?:?]
	at java.util.stream.ForEachOps$ForEachOp$OfRef.accept(Unknown Source) [?:1.8.0_401]
	at java.util.Spliterators$ArraySpliterator.forEachRemaining(Unknown Source) [?:1.8.0_401]
	at java.util.stream.AbstractPipeline.copyInto(Unknown Source) [?:1.8.0_401]
	at java.util.stream.ForEachOps$ForEachTask.compute(Unknown Source) [?:1.8.0_401]
	at java.util.concurrent.CountedCompleter.exec(Unknown Source) [?:1.8.0_401]
	at java.util.concurrent.ForkJoinTask.doExec(Unknown Source) [?:1.8.0_401]
	at java.util.concurrent.ForkJoinPool$WorkQueue.runTask(Unknown Source) [?:1.8.0_401]
	at java.util.concurrent.ForkJoinPool.runWorker(Unknown Source) [?:1.8.0_401]
	at java.util.concurrent.ForkJoinWorkerThread.run(Unknown Source) [?:1.8.0_401]
[22:11:53] [ForkJoinPool.commonPool-worker-3/ERROR] [NotEnoughItems]: Removing item: moze_intel.projecte.gameObjs.items.tools.DarkShovel@57104312 from list.
java.lang.NullPointerException
	at moze_intel.projecte.gameObjs.items.ItemCharge.getCharge(ItemCharge.java:57) ~[?:?]
	at moze_intel.projecte.gameObjs.items.ItemCharge.getDurabilityForDisplay(ItemCharge.java:30) ~[?:?]
	at codechicken.nei.ItemList$1.lambda$forceTagCompoundInitialization$6(ItemList.java:336) ~[?:?]
	at codechicken.nei.ItemList$1.runChecked(ItemList.java:310) ~[?:?]
	at codechicken.nei.ItemList$1.forceTagCompoundInitialization(ItemList.java:336) ~[?:?]
	at codechicken.nei.ItemList$1.lambda$execute$12(ItemList.java:401) ~[?:?]
	at java.util.stream.ForEachOps$ForEachOp$OfRef.accept(Unknown Source) [?:1.8.0_401]
	at java.util.Spliterators$ArraySpliterator.forEachRemaining(Unknown Source) [?:1.8.0_401]
	at java.util.stream.AbstractPipeline.copyInto(Unknown Source) [?:1.8.0_401]
	at java.util.stream.ForEachOps$ForEachTask.compute(Unknown Source) [?:1.8.0_401]
	at java.util.concurrent.CountedCompleter.exec(Unknown Source) [?:1.8.0_401]
	at java.util.concurrent.ForkJoinTask.doExec(Unknown Source) [?:1.8.0_401]
	at java.util.concurrent.ForkJoinPool$WorkQueue.runTask(Unknown Source) [?:1.8.0_401]
	at java.util.concurrent.ForkJoinPool.runWorker(Unknown Source) [?:1.8.0_401]
	at java.util.concurrent.ForkJoinWorkerThread.run(Unknown Source) [?:1.8.0_401]
[22:11:53] [ForkJoinPool.commonPool-worker-3/ERROR] [NotEnoughItems]: Removing item: moze_intel.projecte.gameObjs.items.tools.DarkSword@3c7cf816 from list.
java.lang.NullPointerException
	at moze_intel.projecte.gameObjs.items.ItemCharge.getCharge(ItemCharge.java:57) ~[?:?]
	at moze_intel.projecte.gameObjs.items.ItemCharge.getDurabilityForDisplay(ItemCharge.java:30) ~[?:?]
	at codechicken.nei.ItemList$1.lambda$forceTagCompoundInitialization$6(ItemList.java:336) ~[?:?]
	at codechicken.nei.ItemList$1.runChecked(ItemList.java:310) ~[?:?]
	at codechicken.nei.ItemList$1.forceTagCompoundInitialization(ItemList.java:336) ~[?:?]
	at codechicken.nei.ItemList$1.lambda$execute$12(ItemList.java:401) ~[?:?]
	at java.util.stream.ForEachOps$ForEachOp$OfRef.accept(Unknown Source) [?:1.8.0_401]
	at java.util.Spliterators$ArraySpliterator.forEachRemaining(Unknown Source) [?:1.8.0_401]
	at java.util.stream.AbstractPipeline.copyInto(Unknown Source) [?:1.8.0_401]
	at java.util.stream.ForEachOps$ForEachTask.compute(Unknown Source) [?:1.8.0_401]
	at java.util.concurrent.CountedCompleter.exec(Unknown Source) [?:1.8.0_401]
	at java.util.concurrent.ForkJoinTask.doExec(Unknown Source) [?:1.8.0_401]
	at java.util.concurrent.ForkJoinPool$WorkQueue.runTask(Unknown Source) [?:1.8.0_401]
	at java.util.concurrent.ForkJoinPool.runWorker(Unknown Source) [?:1.8.0_401]
	at java.util.concurrent.ForkJoinWorkerThread.run(Unknown Source) [?:1.8.0_401]
[22:11:53] [ForkJoinPool.commonPool-worker-3/ERROR] [NotEnoughItems]: Removing item: moze_intel.projecte.gameObjs.items.tools.DarkHoe@79843718 from list.
java.lang.NullPointerException
	at moze_intel.projecte.gameObjs.items.ItemCharge.getCharge(ItemCharge.java:57) ~[?:?]
	at moze_intel.projecte.gameObjs.items.ItemCharge.getDurabilityForDisplay(ItemCharge.java:30) ~[?:?]
	at codechicken.nei.ItemList$1.lambda$forceTagCompoundInitialization$6(ItemList.java:336) ~[?:?]
	at codechicken.nei.ItemList$1.runChecked(ItemList.java:310) ~[?:?]
	at codechicken.nei.ItemList$1.forceTagCompoundInitialization(ItemList.java:336) ~[?:?]
	at codechicken.nei.ItemList$1.lambda$execute$12(ItemList.java:401) ~[?:?]
	at java.util.stream.ForEachOps$ForEachOp$OfRef.accept(Unknown Source) [?:1.8.0_401]
	at java.util.Spliterators$ArraySpliterator.forEachRemaining(Unknown Source) [?:1.8.0_401]
	at java.util.stream.AbstractPipeline.copyInto(Unknown Source) [?:1.8.0_401]
	at java.util.stream.ForEachOps$ForEachTask.compute(Unknown Source) [?:1.8.0_401]
	at java.util.concurrent.CountedCompleter.exec(Unknown Source) [?:1.8.0_401]
	at java.util.concurrent.ForkJoinTask.doExec(Unknown Source) [?:1.8.0_401]
	at java.util.concurrent.ForkJoinPool$WorkQueue.runTask(Unknown Source) [?:1.8.0_401]
	at java.util.concurrent.ForkJoinPool.runWorker(Unknown Source) [?:1.8.0_401]
	at java.util.concurrent.ForkJoinWorkerThread.run(Unknown Source) [?:1.8.0_401]
[22:11:53] [ForkJoinPool.commonPool-worker-3/ERROR] [NotEnoughItems]: Removing item: moze_intel.projecte.gameObjs.items.tools.DarkShears@4386fd48 from list.
java.lang.NullPointerException
	at moze_intel.projecte.gameObjs.items.ItemCharge.getCharge(ItemCharge.java:57) ~[?:?]
	at moze_intel.projecte.gameObjs.items.ItemCharge.getDurabilityForDisplay(ItemCharge.java:30) ~[?:?]
	at codechicken.nei.ItemList$1.lambda$forceTagCompoundInitialization$6(ItemList.java:336) ~[?:?]
	at codechicken.nei.ItemList$1.runChecked(ItemList.java:310) ~[?:?]
	at codechicken.nei.ItemList$1.forceTagCompoundInitialization(ItemList.java:336) ~[?:?]
	at codechicken.nei.ItemList$1.lambda$execute$12(ItemList.java:401) ~[?:?]
	at java.util.stream.ForEachOps$ForEachOp$OfRef.accept(Unknown Source) [?:1.8.0_401]
	at java.util.Spliterators$ArraySpliterator.forEachRemaining(Unknown Source) [?:1.8.0_401]
	at java.util.stream.AbstractPipeline.copyInto(Unknown Source) [?:1.8.0_401]
	at java.util.stream.ForEachOps$ForEachTask.compute(Unknown Source) [?:1.8.0_401]
	at java.util.concurrent.CountedCompleter.exec(Unknown Source) [?:1.8.0_401]
	at java.util.concurrent.ForkJoinTask.doExec(Unknown Source) [?:1.8.0_401]
	at java.util.concurrent.ForkJoinPool$WorkQueue.runTask(Unknown Source) [?:1.8.0_401]
	at java.util.concurrent.ForkJoinPool.runWorker(Unknown Source) [?:1.8.0_401]
	at java.util.concurrent.ForkJoinWorkerThread.run(Unknown Source) [?:1.8.0_401]
[22:11:53] [ForkJoinPool.commonPool-worker-3/ERROR] [NotEnoughItems]: Removing item: moze_intel.projecte.gameObjs.items.tools.DarkHammer@165b3ef9 from list.
java.lang.NullPointerException
	at moze_intel.projecte.gameObjs.items.ItemCharge.getCharge(ItemCharge.java:57) ~[?:?]
	at moze_intel.projecte.gameObjs.items.ItemCharge.getDurabilityForDisplay(ItemCharge.java:30) ~[?:?]
	at codechicken.nei.ItemList$1.lambda$forceTagCompoundInitialization$6(ItemList.java:336) ~[?:?]
	at codechicken.nei.ItemList$1.runChecked(ItemList.java:310) ~[?:?]
	at codechicken.nei.ItemList$1.forceTagCompoundInitialization(ItemList.java:336) ~[?:?]
	at codechicken.nei.ItemList$1.lambda$execute$12(ItemList.java:401) ~[?:?]
	at java.util.stream.ForEachOps$ForEachOp$OfRef.accept(Unknown Source) [?:1.8.0_401]
	at java.util.Spliterators$ArraySpliterator.forEachRemaining(Unknown Source) [?:1.8.0_401]
	at java.util.stream.AbstractPipeline.copyInto(Unknown Source) [?:1.8.0_401]
	at java.util.stream.ForEachOps$ForEachTask.compute(Unknown Source) [?:1.8.0_401]
	at java.util.concurrent.CountedCompleter.exec(Unknown Source) [?:1.8.0_401]
	at java.util.concurrent.ForkJoinTask.doExec(Unknown Source) [?:1.8.0_401]
	at java.util.concurrent.ForkJoinPool$WorkQueue.runTask(Unknown Source) [?:1.8.0_401]
	at java.util.concurrent.ForkJoinPool.runWorker(Unknown Source) [?:1.8.0_401]
	at java.util.concurrent.ForkJoinWorkerThread.run(Unknown Source) [?:1.8.0_401]
[22:11:53] [ForkJoinPool.commonPool-worker-3/ERROR] [NotEnoughItems]: Removing item: moze_intel.projecte.gameObjs.items.tools.RedPick@4dbcc86c from list.
java.lang.NullPointerException
	at moze_intel.projecte.gameObjs.items.ItemCharge.getCharge(ItemCharge.java:57) ~[?:?]
	at moze_intel.projecte.gameObjs.items.ItemCharge.getDurabilityForDisplay(ItemCharge.java:30) ~[?:?]
	at codechicken.nei.ItemList$1.lambda$forceTagCompoundInitialization$6(ItemList.java:336) ~[?:?]
	at codechicken.nei.ItemList$1.runChecked(ItemList.java:310) ~[?:?]
	at codechicken.nei.ItemList$1.forceTagCompoundInitialization(ItemList.java:336) ~[?:?]
	at codechicken.nei.ItemList$1.lambda$execute$12(ItemList.java:401) ~[?:?]
	at java.util.stream.ForEachOps$ForEachOp$OfRef.accept(Unknown Source) [?:1.8.0_401]
	at java.util.Spliterators$ArraySpliterator.forEachRemaining(Unknown Source) [?:1.8.0_401]
	at java.util.stream.AbstractPipeline.copyInto(Unknown Source) [?:1.8.0_401]
	at java.util.stream.ForEachOps$ForEachTask.compute(Unknown Source) [?:1.8.0_401]
	at java.util.concurrent.CountedCompleter.exec(Unknown Source) [?:1.8.0_401]
	at java.util.concurrent.ForkJoinTask.doExec(Unknown Source) [?:1.8.0_401]
	at java.util.concurrent.ForkJoinPool$WorkQueue.runTask(Unknown Source) [?:1.8.0_401]
	at java.util.concurrent.ForkJoinPool.runWorker(Unknown Source) [?:1.8.0_401]
	at java.util.concurrent.ForkJoinWorkerThread.run(Unknown Source) [?:1.8.0_401]
[22:11:53] [ForkJoinPool.commonPool-worker-3/ERROR] [NotEnoughItems]: Removing item: moze_intel.projecte.gameObjs.items.tools.RedAxe@15d80a34 from list.
java.lang.NullPointerException
	at moze_intel.projecte.gameObjs.items.ItemCharge.getCharge(ItemCharge.java:57) ~[?:?]
	at moze_intel.projecte.gameObjs.items.ItemCharge.getDurabilityForDisplay(ItemCharge.java:30) ~[?:?]
	at codechicken.nei.ItemList$1.lambda$forceTagCompoundInitialization$6(ItemList.java:336) ~[?:?]
	at codechicken.nei.ItemList$1.runChecked(ItemList.java:310) ~[?:?]
	at codechicken.nei.ItemList$1.forceTagCompoundInitialization(ItemList.java:336) ~[?:?]
	at codechicken.nei.ItemList$1.lambda$execute$12(ItemList.java:401) ~[?:?]
	at java.util.stream.ForEachOps$ForEachOp$OfRef.accept(Unknown Source) [?:1.8.0_401]
	at java.util.Spliterators$ArraySpliterator.forEachRemaining(Unknown Source) [?:1.8.0_401]
	at java.util.stream.AbstractPipeline.copyInto(Unknown Source) [?:1.8.0_401]
	at java.util.stream.ForEachOps$ForEachTask.compute(Unknown Source) [?:1.8.0_401]
	at java.util.concurrent.CountedCompleter.exec(Unknown Source) [?:1.8.0_401]
	at java.util.concurrent.ForkJoinTask.doExec(Unknown Source) [?:1.8.0_401]
	at java.util.concurrent.ForkJoinPool$WorkQueue.runTask(Unknown Source) [?:1.8.0_401]
	at java.util.concurrent.ForkJoinPool.runWorker(Unknown Source) [?:1.8.0_401]
	at java.util.concurrent.ForkJoinWorkerThread.run(Unknown Source) [?:1.8.0_401]
[22:11:53] [ForkJoinPool.commonPool-worker-3/ERROR] [NotEnoughItems]: Removing item: moze_intel.projecte.gameObjs.items.tools.RedShovel@6140d97a from list.
java.lang.NullPointerException
	at moze_intel.projecte.gameObjs.items.ItemCharge.getCharge(ItemCharge.java:57) ~[?:?]
	at moze_intel.projecte.gameObjs.items.ItemCharge.getDurabilityForDisplay(ItemCharge.java:30) ~[?:?]
	at codechicken.nei.ItemList$1.lambda$forceTagCompoundInitialization$6(ItemList.java:336) ~[?:?]
	at codechicken.nei.ItemList$1.runChecked(ItemList.java:310) ~[?:?]
	at codechicken.nei.ItemList$1.forceTagCompoundInitialization(ItemList.java:336) ~[?:?]
	at codechicken.nei.ItemList$1.lambda$execute$12(ItemList.java:401) ~[?:?]
	at java.util.stream.ForEachOps$ForEachOp$OfRef.accept(Unknown Source) [?:1.8.0_401]
	at java.util.Spliterators$ArraySpliterator.forEachRemaining(Unknown Source) [?:1.8.0_401]
	at java.util.stream.AbstractPipeline.copyInto(Unknown Source) [?:1.8.0_401]
	at java.util.stream.ForEachOps$ForEachTask.compute(Unknown Source) [?:1.8.0_401]
	at java.util.concurrent.CountedCompleter.exec(Unknown Source) [?:1.8.0_401]
	at java.util.concurrent.ForkJoinTask.doExec(Unknown Source) [?:1.8.0_401]
	at java.util.concurrent.ForkJoinPool$WorkQueue.runTask(Unknown Source) [?:1.8.0_401]
	at java.util.concurrent.ForkJoinPool.runWorker(Unknown Source) [?:1.8.0_401]
	at java.util.concurrent.ForkJoinWorkerThread.run(Unknown Source) [?:1.8.0_401]
[22:11:53] [ForkJoinPool.commonPool-worker-3/ERROR] [NotEnoughItems]: Removing item: moze_intel.projecte.gameObjs.items.tools.RedSword@2e239f5d from list.
java.lang.NullPointerException
	at moze_intel.projecte.gameObjs.items.ItemCharge.getCharge(ItemCharge.java:57) ~[?:?]
	at moze_intel.projecte.gameObjs.items.ItemCharge.getDurabilityForDisplay(ItemCharge.java:30) ~[?:?]
	at codechicken.nei.ItemList$1.lambda$forceTagCompoundInitialization$6(ItemList.java:336) ~[?:?]
	at codechicken.nei.ItemList$1.runChecked(ItemList.java:310) ~[?:?]
	at codechicken.nei.ItemList$1.forceTagCompoundInitialization(ItemList.java:336) ~[?:?]
	at codechicken.nei.ItemList$1.lambda$execute$12(ItemList.java:401) ~[?:?]
	at java.util.stream.ForEachOps$ForEachOp$OfRef.accept(Unknown Source) [?:1.8.0_401]
	at java.util.Spliterators$ArraySpliterator.forEachRemaining(Unknown Source) [?:1.8.0_401]
	at java.util.stream.AbstractPipeline.copyInto(Unknown Source) [?:1.8.0_401]
	at java.util.stream.ForEachOps$ForEachTask.compute(Unknown Source) [?:1.8.0_401]
	at java.util.concurrent.CountedCompleter.exec(Unknown Source) [?:1.8.0_401]
	at java.util.concurrent.ForkJoinTask.doExec(Unknown Source) [?:1.8.0_401]
	at java.util.concurrent.ForkJoinPool$WorkQueue.runTask(Unknown Source) [?:1.8.0_401]
	at java.util.concurrent.ForkJoinPool.runWorker(Unknown Source) [?:1.8.0_401]
	at java.util.concurrent.ForkJoinWorkerThread.run(Unknown Source) [?:1.8.0_401]
[22:11:53] [ForkJoinPool.commonPool-worker-3/ERROR] [NotEnoughItems]: Removing item: moze_intel.projecte.gameObjs.items.tools.RedHoe@577cd5d from list.
java.lang.NullPointerException
	at moze_intel.projecte.gameObjs.items.ItemCharge.getCharge(ItemCharge.java:57) ~[?:?]
	at moze_intel.projecte.gameObjs.items.ItemCharge.getDurabilityForDisplay(ItemCharge.java:30) ~[?:?]
	at codechicken.nei.ItemList$1.lambda$forceTagCompoundInitialization$6(ItemList.java:336) ~[?:?]
	at codechicken.nei.ItemList$1.runChecked(ItemList.java:310) ~[?:?]
	at codechicken.nei.ItemList$1.forceTagCompoundInitialization(ItemList.java:336) ~[?:?]
	at codechicken.nei.ItemList$1.lambda$execute$12(ItemList.java:401) ~[?:?]
	at java.util.stream.ForEachOps$ForEachOp$OfRef.accept(Unknown Source) [?:1.8.0_401]
	at java.util.Spliterators$ArraySpliterator.forEachRemaining(Unknown Source) [?:1.8.0_401]
	at java.util.stream.AbstractPipeline.copyInto(Unknown Source) [?:1.8.0_401]
	at java.util.stream.ForEachOps$ForEachTask.compute(Unknown Source) [?:1.8.0_401]
	at java.util.concurrent.CountedCompleter.exec(Unknown Source) [?:1.8.0_401]
	at java.util.concurrent.ForkJoinTask.doExec(Unknown Source) [?:1.8.0_401]
	at java.util.concurrent.ForkJoinPool$WorkQueue.runTask(Unknown Source) [?:1.8.0_401]
	at java.util.concurrent.ForkJoinPool.runWorker(Unknown Source) [?:1.8.0_401]
	at java.util.concurrent.ForkJoinWorkerThread.run(Unknown Source) [?:1.8.0_401]
[22:11:53] [ForkJoinPool.commonPool-worker-3/ERROR] [NotEnoughItems]: Removing item: moze_intel.projecte.gameObjs.items.tools.RedShears@502bfe6d from list.
java.lang.NullPointerException
	at moze_intel.projecte.gameObjs.items.ItemCharge.getCharge(ItemCharge.java:57) ~[?:?]
	at moze_intel.projecte.gameObjs.items.ItemCharge.getDurabilityForDisplay(ItemCharge.java:30) ~[?:?]
	at codechicken.nei.ItemList$1.lambda$forceTagCompoundInitialization$6(ItemList.java:336) ~[?:?]
	at codechicken.nei.ItemList$1.runChecked(ItemList.java:310) ~[?:?]
	at codechicken.nei.ItemList$1.forceTagCompoundInitialization(ItemList.java:336) ~[?:?]
	at codechicken.nei.ItemList$1.lambda$execute$12(ItemList.java:401) ~[?:?]
	at java.util.stream.ForEachOps$ForEachOp$OfRef.accept(Unknown Source) [?:1.8.0_401]
	at java.util.Spliterators$ArraySpliterator.forEachRemaining(Unknown Source) [?:1.8.0_401]
	at java.util.stream.AbstractPipeline.copyInto(Unknown Source) [?:1.8.0_401]
	at java.util.stream.ForEachOps$ForEachTask.compute(Unknown Source) [?:1.8.0_401]
	at java.util.concurrent.CountedCompleter.exec(Unknown Source) [?:1.8.0_401]
	at java.util.concurrent.ForkJoinTask.doExec(Unknown Source) [?:1.8.0_401]
	at java.util.concurrent.ForkJoinPool$WorkQueue.runTask(Unknown Source) [?:1.8.0_401]
	at java.util.concurrent.ForkJoinPool.runWorker(Unknown Source) [?:1.8.0_401]
	at java.util.concurrent.ForkJoinWorkerThread.run(Unknown Source) [?:1.8.0_401]
[22:11:53] [ForkJoinPool.commonPool-worker-3/ERROR] [NotEnoughItems]: Removing item: moze_intel.projecte.gameObjs.items.tools.RedHammer@3747761b from list.
java.lang.NullPointerException
	at moze_intel.projecte.gameObjs.items.ItemCharge.getCharge(ItemCharge.java:57) ~[?:?]
	at moze_intel.projecte.gameObjs.items.ItemCharge.getDurabilityForDisplay(ItemCharge.java:30) ~[?:?]
	at codechicken.nei.ItemList$1.lambda$forceTagCompoundInitialization$6(ItemList.java:336) ~[?:?]
	at codechicken.nei.ItemList$1.runChecked(ItemList.java:310) ~[?:?]
	at codechicken.nei.ItemList$1.forceTagCompoundInitialization(ItemList.java:336) ~[?:?]
	at codechicken.nei.ItemList$1.lambda$execute$12(ItemList.java:401) ~[?:?]
	at java.util.stream.ForEachOps$ForEachOp$OfRef.accept(Unknown Source) [?:1.8.0_401]
	at java.util.Spliterators$ArraySpliterator.forEachRemaining(Unknown Source) [?:1.8.0_401]
	at java.util.stream.AbstractPipeline.copyInto(Unknown Source) [?:1.8.0_401]
	at java.util.stream.ForEachOps$ForEachTask.compute(Unknown Source) [?:1.8.0_401]
	at java.util.concurrent.CountedCompleter.exec(Unknown Source) [?:1.8.0_401]
	at java.util.concurrent.ForkJoinTask.doExec(Unknown Source) [?:1.8.0_401]
	at java.util.concurrent.ForkJoinPool$WorkQueue.runTask(Unknown Source) [?:1.8.0_401]
	at java.util.concurrent.ForkJoinPool.runWorker(Unknown Source) [?:1.8.0_401]
	at java.util.concurrent.ForkJoinWorkerThread.run(Unknown Source) [?:1.8.0_401]
[22:11:53] [ForkJoinPool.commonPool-worker-3/ERROR] [NotEnoughItems]: Removing item: moze_intel.projecte.gameObjs.items.tools.RedKatar@5acced9 from list.
java.lang.NullPointerException
	at moze_intel.projecte.gameObjs.items.ItemCharge.getCharge(ItemCharge.java:57) ~[?:?]
	at moze_intel.projecte.gameObjs.items.ItemCharge.getDurabilityForDisplay(ItemCharge.java:30) ~[?:?]
	at codechicken.nei.ItemList$1.lambda$forceTagCompoundInitialization$6(ItemList.java:336) ~[?:?]
	at codechicken.nei.ItemList$1.runChecked(ItemList.java:310) ~[?:?]
	at codechicken.nei.ItemList$1.forceTagCompoundInitialization(ItemList.java:336) ~[?:?]
	at codechicken.nei.ItemList$1.lambda$execute$12(ItemList.java:401) ~[?:?]
	at java.util.stream.ForEachOps$ForEachOp$OfRef.accept(Unknown Source) [?:1.8.0_401]
	at java.util.Spliterators$ArraySpliterator.forEachRemaining(Unknown Source) [?:1.8.0_401]
	at java.util.stream.AbstractPipeline.copyInto(Unknown Source) [?:1.8.0_401]
	at java.util.stream.ForEachOps$ForEachTask.compute(Unknown Source) [?:1.8.0_401]
	at java.util.concurrent.CountedCompleter.exec(Unknown Source) [?:1.8.0_401]
	at java.util.concurrent.ForkJoinTask.doExec(Unknown Source) [?:1.8.0_401]
	at java.util.concurrent.ForkJoinPool$WorkQueue.runTask(Unknown Source) [?:1.8.0_401]
	at java.util.concurrent.ForkJoinPool.runWorker(Unknown Source) [?:1.8.0_401]
	at java.util.concurrent.ForkJoinWorkerThread.run(Unknown Source) [?:1.8.0_401]
[22:11:53] [ForkJoinPool.commonPool-worker-3/ERROR] [NotEnoughItems]: Removing item: moze_intel.projecte.gameObjs.items.tools.RedStar@3e8ae614 from list.
java.lang.NullPointerException
	at moze_intel.projecte.gameObjs.items.ItemCharge.getCharge(ItemCharge.java:57) ~[?:?]
	at moze_intel.projecte.gameObjs.items.ItemCharge.getDurabilityForDisplay(ItemCharge.java:30) ~[?:?]
	at codechicken.nei.ItemList$1.lambda$forceTagCompoundInitialization$6(ItemList.java:336) ~[?:?]
	at codechicken.nei.ItemList$1.runChecked(ItemList.java:310) ~[?:?]
	at codechicken.nei.ItemList$1.forceTagCompoundInitialization(ItemList.java:336) ~[?:?]
	at codechicken.nei.ItemList$1.lambda$execute$12(ItemList.java:401) ~[?:?]
	at java.util.stream.ForEachOps$ForEachOp$OfRef.accept(Unknown Source) [?:1.8.0_401]
	at java.util.Spliterators$ArraySpliterator.forEachRemaining(Unknown Source) [?:1.8.0_401]
	at java.util.stream.AbstractPipeline.copyInto(Unknown Source) [?:1.8.0_401]
	at java.util.stream.ForEachOps$ForEachTask.compute(Unknown Source) [?:1.8.0_401]
	at java.util.concurrent.CountedCompleter.exec(Unknown Source) [?:1.8.0_401]
	at java.util.concurrent.ForkJoinTask.doExec(Unknown Source) [?:1.8.0_401]
	at java.util.concurrent.ForkJoinPool$WorkQueue.runTask(Unknown Source) [?:1.8.0_401]
	at java.util.concurrent.ForkJoinPool.runWorker(Unknown Source) [?:1.8.0_401]
	at java.util.concurrent.ForkJoinWorkerThread.run(Unknown Source) [?:1.8.0_401]
[22:11:53] [ForkJoinPool.commonPool-worker-3/ERROR] [NotEnoughItems]: Removing item: moze_intel.projecte.gameObjs.items.rings.Zero@611d7ff4 from list.
java.lang.NullPointerException
	at moze_intel.projecte.gameObjs.items.ItemCharge.getCharge(ItemCharge.java:57) ~[?:?]
	at moze_intel.projecte.gameObjs.items.ItemCharge.getDurabilityForDisplay(ItemCharge.java:30) ~[?:?]
	at codechicken.nei.ItemList$1.lambda$forceTagCompoundInitialization$6(ItemList.java:336) ~[?:?]
	at codechicken.nei.ItemList$1.runChecked(ItemList.java:310) ~[?:?]
	at codechicken.nei.ItemList$1.forceTagCompoundInitialization(ItemList.java:336) ~[?:?]
	at codechicken.nei.ItemList$1.lambda$execute$12(ItemList.java:401) ~[?:?]
	at java.util.stream.ForEachOps$ForEachOp$OfRef.accept(Unknown Source) [?:1.8.0_401]
	at java.util.Spliterators$ArraySpliterator.forEachRemaining(Unknown Source) [?:1.8.0_401]
	at java.util.stream.AbstractPipeline.copyInto(Unknown Source) [?:1.8.0_401]
	at java.util.stream.ForEachOps$ForEachTask.compute(Unknown Source) [?:1.8.0_401]
	at java.util.concurrent.CountedCompleter.exec(Unknown Source) [?:1.8.0_401]
	at java.util.concurrent.ForkJoinTask.doExec(Unknown Source) [?:1.8.0_401]
	at java.util.concurrent.ForkJoinPool$WorkQueue.runTask(Unknown Source) [?:1.8.0_401]
	at java.util.concurrent.ForkJoinPool.runWorker(Unknown Source) [?:1.8.0_401]
	at java.util.concurrent.ForkJoinWorkerThread.run(Unknown Source) [?:1.8.0_401]
[22:11:53] [ForkJoinPool.commonPool-worker-3/ERROR] [NotEnoughItems]: Removing item: moze_intel.projecte.gameObjs.items.TimeWatch@17047be6 from list.
java.lang.NullPointerException
	at moze_intel.projecte.gameObjs.items.ItemCharge.getCharge(ItemCharge.java:57) ~[?:?]
	at moze_intel.projecte.gameObjs.items.ItemCharge.getDurabilityForDisplay(ItemCharge.java:30) ~[?:?]
	at codechicken.nei.ItemList$1.lambda$forceTagCompoundInitialization$6(ItemList.java:336) ~[?:?]
	at codechicken.nei.ItemList$1.runChecked(ItemList.java:310) ~[?:?]
	at codechicken.nei.ItemList$1.forceTagCompoundInitialization(ItemList.java:336) ~[?:?]
	at codechicken.nei.ItemList$1.lambda$execute$12(ItemList.java:401) ~[?:?]
	at java.util.stream.ForEachOps$ForEachOp$OfRef.accept(Unknown Source) [?:1.8.0_401]
	at java.util.Spliterators$ArraySpliterator.forEachRemaining(Unknown Source) [?:1.8.0_401]
	at java.util.stream.AbstractPipeline.copyInto(Unknown Source) [?:1.8.0_401]
	at java.util.stream.ForEachOps$ForEachTask.compute(Unknown Source) [?:1.8.0_401]
	at java.util.concurrent.CountedCompleter.exec(Unknown Source) [?:1.8.0_401]
	at java.util.concurrent.ForkJoinTask.doExec(Unknown Source) [?:1.8.0_401]
	at java.util.concurrent.ForkJoinPool$WorkQueue.runTask(Unknown Source) [?:1.8.0_401]
	at java.util.concurrent.ForkJoinPool.runWorker(Unknown Source) [?:1.8.0_401]
	at java.util.concurrent.ForkJoinWorkerThread.run(Unknown Source) [?:1.8.0_401]
[22:11:53] [ForkJoinPool.commonPool-worker-3/ERROR] [NotEnoughItems]: Removing item: moze_intel.projecte.gameObjs.items.MercurialEye@58638ca from list.
java.lang.NullPointerException
	at moze_intel.projecte.gameObjs.items.ItemCharge.getCharge(ItemCharge.java:57) ~[?:?]
	at moze_intel.projecte.gameObjs.items.ItemCharge.getDurabilityForDisplay(ItemCharge.java:30) ~[?:?]
	at codechicken.nei.ItemList$1.lambda$forceTagCompoundInitialization$6(ItemList.java:336) ~[?:?]
	at codechicken.nei.ItemList$1.runChecked(ItemList.java:310) ~[?:?]
	at codechicken.nei.ItemList$1.forceTagCompoundInitialization(ItemList.java:336) ~[?:?]
	at codechicken.nei.ItemList$1.lambda$execute$12(ItemList.java:401) ~[?:?]
	at java.util.stream.ForEachOps$ForEachOp$OfRef.accept(Unknown Source) [?:1.8.0_401]
	at java.util.Spliterators$ArraySpliterator.forEachRemaining(Unknown Source) [?:1.8.0_401]
	at java.util.stream.AbstractPipeline.copyInto(Unknown Source) [?:1.8.0_401]
	at java.util.stream.ForEachOps$ForEachTask.compute(Unknown Source) [?:1.8.0_401]
	at java.util.concurrent.CountedCompleter.exec(Unknown Source) [?:1.8.0_401]
	at java.util.concurrent.ForkJoinTask.doExec(Unknown Source) [?:1.8.0_401]
	at java.util.concurrent.ForkJoinPool$WorkQueue.runTask(Unknown Source) [?:1.8.0_401]
	at java.util.concurrent.ForkJoinPool.runWorker(Unknown Source) [?:1.8.0_401]
	at java.util.concurrent.ForkJoinWorkerThread.run(Unknown Source) [?:1.8.0_401]
[22:11:53] [ForkJoinPool.commonPool-worker-3/ERROR] [NotEnoughItems]: Removing item: moze_intel.projecte.gameObjs.items.DestructionCatalyst@42ed4a83 from list.
java.lang.NullPointerException
	at moze_intel.projecte.gameObjs.items.ItemCharge.getCharge(ItemCharge.java:57) ~[?:?]
	at moze_intel.projecte.gameObjs.items.ItemCharge.getDurabilityForDisplay(ItemCharge.java:30) ~[?:?]
	at codechicken.nei.ItemList$1.lambda$forceTagCompoundInitialization$6(ItemList.java:336) ~[?:?]
	at codechicken.nei.ItemList$1.runChecked(ItemList.java:310) ~[?:?]
	at codechicken.nei.ItemList$1.forceTagCompoundInitialization(ItemList.java:336) ~[?:?]
	at codechicken.nei.ItemList$1.lambda$execute$12(ItemList.java:401) ~[?:?]
	at java.util.stream.ForEachOps$ForEachOp$OfRef.accept(Unknown Source) [?:1.8.0_401]
	at java.util.Spliterators$ArraySpliterator.forEachRemaining(Unknown Source) [?:1.8.0_401]
	at java.util.stream.AbstractPipeline.copyInto(Unknown Source) [?:1.8.0_401]
	at java.util.stream.ForEachOps$ForEachTask.compute(Unknown Source) [?:1.8.0_401]
	at java.util.concurrent.CountedCompleter.exec(Unknown Source) [?:1.8.0_401]
	at java.util.concurrent.ForkJoinTask.doExec(Unknown Source) [?:1.8.0_401]
	at java.util.concurrent.ForkJoinPool$WorkQueue.runTask(Unknown Source) [?:1.8.0_401]
	at java.util.concurrent.ForkJoinPool.runWorker(Unknown Source) [?:1.8.0_401]
	at java.util.concurrent.ForkJoinWorkerThread.run(Unknown Source) [?:1.8.0_401]
[22:11:53] [ForkJoinPool.commonPool-worker-3/ERROR] [NotEnoughItems]: Removing item: moze_intel.projecte.gameObjs.items.HyperkineticLens@6c9e64a7 from list.
java.lang.NullPointerException
	at moze_intel.projecte.gameObjs.items.ItemCharge.getCharge(ItemCharge.java:57) ~[?:?]
	at moze_intel.projecte.gameObjs.items.ItemCharge.getDurabilityForDisplay(ItemCharge.java:30) ~[?:?]
	at codechicken.nei.ItemList$1.lambda$forceTagCompoundInitialization$6(ItemList.java:336) ~[?:?]
	at codechicken.nei.ItemList$1.runChecked(ItemList.java:310) ~[?:?]
	at codechicken.nei.ItemList$1.forceTagCompoundInitialization(ItemList.java:336) ~[?:?]
	at codechicken.nei.ItemList$1.lambda$execute$12(ItemList.java:401) ~[?:?]
	at java.util.stream.ForEachOps$ForEachOp$OfRef.accept(Unknown Source) [?:1.8.0_401]
	at java.util.Spliterators$ArraySpliterator.forEachRemaining(Unknown Source) [?:1.8.0_401]
	at java.util.stream.AbstractPipeline.copyInto(Unknown Source) [?:1.8.0_401]
	at java.util.stream.ForEachOps$ForEachTask.compute(Unknown Source) [?:1.8.0_401]
	at java.util.concurrent.CountedCompleter.exec(Unknown Source) [?:1.8.0_401]
	at java.util.concurrent.ForkJoinTask.doExec(Unknown Source) [?:1.8.0_401]
	at java.util.concurrent.ForkJoinPool$WorkQueue.runTask(Unknown Source) [?:1.8.0_401]
	at java.util.concurrent.ForkJoinPool.runWorker(Unknown Source) [?:1.8.0_401]
	at java.util.concurrent.ForkJoinWorkerThread.run(Unknown Source) [?:1.8.0_401]
[22:11:53] [ForkJoinPool.commonPool-worker-3/ERROR] [NotEnoughItems]: Removing item: moze_intel.projecte.gameObjs.items.CataliticLens@1e78b05a from list.
java.lang.NullPointerException
	at moze_intel.projecte.gameObjs.items.ItemCharge.getCharge(ItemCharge.java:57) ~[?:?]
	at moze_intel.projecte.gameObjs.items.ItemCharge.getDurabilityForDisplay(ItemCharge.java:30) ~[?:?]
	at codechicken.nei.ItemList$1.lambda$forceTagCompoundInitialization$6(ItemList.java:336) ~[?:?]
	at codechicken.nei.ItemList$1.runChecked(ItemList.java:310) ~[?:?]
	at codechicken.nei.ItemList$1.forceTagCompoundInitialization(ItemList.java:336) ~[?:?]
	at codechicken.nei.ItemList$1.lambda$execute$12(ItemList.java:401) ~[?:?]
	at java.util.stream.ForEachOps$ForEachOp$OfRef.accept(Unknown Source) [?:1.8.0_401]
	at java.util.Spliterators$ArraySpliterator.forEachRemaining(Unknown Source) [?:1.8.0_401]
	at java.util.stream.AbstractPipeline.copyInto(Unknown Source) [?:1.8.0_401]
	at java.util.stream.ForEachOps$ForEachTask.compute(Unknown Source) [?:1.8.0_401]
	at java.util.concurrent.CountedCompleter.exec(Unknown Source) [?:1.8.0_401]
	at java.util.concurrent.ForkJoinTask.doExec(Unknown Source) [?:1.8.0_401]
	at java.util.concurrent.ForkJoinPool$WorkQueue.runTask(Unknown Source) [?:1.8.0_401]
	at java.util.concurrent.ForkJoinPool.runWorker(Unknown Source) [?:1.8.0_401]
	at java.util.concurrent.ForkJoinWorkerThread.run(Unknown Source) [?:1.8.0_401]
